station_id,date,hour,sessions,energy_kwh,busy_min
KVL-01,2025-10-01,4,1,19.45,26
KVL-01,2025-10-01,5,1,30.81,48
KVL-01,2025-10-01,7,1,23.3,37
KVL-01,2025-10-01,8,2,49.72,73
KVL-01,2025-10-01,11,1,17.36,30
KVL-01,2025-10-01,12,1,27.57,35
KVL-01,2025-10-01,14,1,27.42,43
KVL-01,2025-10-01,15,1,19.15,28
KVL-01,2025-10-01,17,1,15.4,24
KVL-01,2025-10-01,18,1,27.37,35
KVL-01,2025-10-01,19,1,33.54,56
KVL-01,2025-10-01,20,1,8.61,82
KVL-01,2025-10-01,22,1,26.03,44
KVL-01,2025-10-02,6,1,8.08,77
KVL-01,2025-10-02,7,1,27.74,40
KVL-01,2025-10-02,15,1,33.18,48
KVL-01,2025-10-02,17,1,16.87,29
KVL-01,2025-10-02,18,1,24.05,31
KVL-01,2025-10-02,20,1,35.56,46
KVL-01,2025-10-02,21,1,21.55,36
KVL-01,2025-10-03,1,1,19.79,31
KVL-01,2025-10-03,8,1,20.8,29
KVL-01,2025-10-03,9,1,24.52,35
KVL-01,2025-10-03,10,1,33.55,41
KVL-01,2025-10-03,12,1,27.49,47
KVL-01,2025-10-03,13,1,26.31,39
KVL-01,2025-10-03,14,1,16.47,29
KVL-01,2025-10-03,15,1,7.28,69
KVL-01,2025-10-03,17,1,15.22,26
KVL-01,2025-10-03,20,1,8.49,81
KVL-01,2025-10-03,21,1,23.46,35
KVL-01,2025-10-04,10,1,32.68,40
KVL-01,2025-10-04,11,2,47.29,64
KVL-01,2025-10-04,12,1,30.83,37
KVL-01,2025-10-04,13,1,29.01,45
KVL-01,2025-10-04,14,1,30.45,55
KVL-01,2025-10-04,16,1,28.65,42
KVL-01,2025-10-04,17,1,21.73,30
KVL-01,2025-10-04,18,1,22.02,35
KVL-01,2025-10-04,20,1,34.24,41
KVL-01,2025-10-04,21,1,32.3,47
KVL-01,2025-10-04,23,1,29.48,46
KVL-01,2025-10-05,4,1,8.26,79
KVL-01,2025-10-05,7,2,62.15,81
KVL-01,2025-10-05,8,1,21.24,26
KVL-01,2025-10-05,9,1,34.1,58
KVL-01,2025-10-05,11,1,17.74,25
KVL-01,2025-10-05,12,1,23.53,34
KVL-01,2025-10-05,13,1,21.46,35
KVL-01,2025-10-05,15,1,16.26,20
KVL-01,2025-10-05,16,1,37.42,47
KVL-01,2025-10-06,3,1,19.18,27
KVL-01,2025-10-06,5,1,19.54,35
KVL-01,2025-10-06,11,1,29.25,38
KVL-01,2025-10-06,12,1,24.79,33
KVL-01,2025-10-06,13,1,33.48,51
KVL-01,2025-10-06,14,1,37.34,45
KVL-01,2025-10-06,19,1,18.06,29
KVL-01,2025-10-06,21,1,15.71,19
KVL-01,2025-10-07,9,1,25.74,43
KVL-01,2025-10-07,10,1,15.14,24
KVL-01,2025-10-07,13,1,23.94,34
KVL-01,2025-10-07,17,1,8.07,77
KVL-01,2025-10-07,19,1,16.61,30
KVL-01,2025-10-07,20,1,23.46,30
KVL-01,2025-10-08,6,1,25.32,36
KVL-01,2025-10-08,8,1,26.52,39
KVL-01,2025-10-08,10,1,37.88,66
KVL-01,2025-10-08,11,1,22.45,35
KVL-01,2025-10-08,15,1,25.91,31
KVL-01,2025-10-08,17,1,7.02,67
KVL-01,2025-10-08,18,1,37.66,61
KVL-01,2025-10-08,19,1,25.95,36
KVL-01,2025-10-08,22,1,17.33,26
KVL-01,2025-10-09,7,1,22.02,37
KVL-01,2025-10-09,14,2,53.51,66
KVL-01,2025-10-09,15,1,36.62,44
KVL-01,2025-10-09,16,1,24.96,32
KVL-01,2025-10-09,17,1,28.74,46
KVL-01,2025-10-09,18,1,35.28,44
KVL-01,2025-10-09,19,1,20.51,29
KVL-01,2025-10-09,20,1,33.75,41
KVL-01,2025-10-10,2,1,14.58,18
KVL-01,2025-10-10,4,1,17.52,21
KVL-01,2025-10-10,6,1,37.68,65
KVL-01,2025-10-10,7,1,28.95,43
KVL-01,2025-10-10,8,1,17.58,21
KVL-01,2025-10-10,9,1,37.23,66
KVL-01,2025-10-10,12,1,30.91,52
KVL-01,2025-10-10,14,1,24.95,42
KVL-01,2025-10-10,15,1,14.83,19
KVL-01,2025-10-10,20,1,1.82,39
KVL-01,2025-10-11,0,1,22.52,41
KVL-01,2025-10-11,5,1,20.58,26
KVL-01,2025-10-11,6,1,17.34,22
KVL-01,2025-10-11,7,1,29.55,43
KVL-01,2025-10-11,12,1,7.59,72
KVL-01,2025-10-11,16,1,17.18,21
KVL-01,2025-10-11,17,1,21.73,27
KVL-01,2025-10-11,20,1,21.2,36
KVL-01,2025-10-11,21,1,33.25,41
KVL-01,2025-10-12,6,2,52.97,85
KVL-01,2025-10-12,7,1,25.52,30
KVL-01,2025-10-12,8,1,34.73,49
KVL-01,2025-10-12,11,1,21.02,27
KVL-01,2025-10-12,12,1,28.94,41
KVL-01,2025-10-12,13,1,35.71,59
KVL-01,2025-10-12,14,2,66.95,105
KVL-01,2025-10-12,17,1,21.74,33
KVL-01,2025-10-12,18,1,31.89,56
KVL-01,2025-10-12,19,1,23.64,31
KVL-01,2025-10-13,4,1,19.67,31
KVL-01,2025-10-13,9,1,22.8,34
KVL-01,2025-10-13,10,1,33.3,49
KVL-01,2025-10-13,12,1,7.35,70
KVL-01,2025-10-13,16,2,42.43,54
KVL-01,2025-10-13,17,1,18.89,32
KVL-01,2025-10-13,18,1,23.9,43
KVL-01,2025-10-14,0,1,14.47,22
KVL-01,2025-10-14,5,1,37.09,49
KVL-01,2025-10-14,8,1,32.94,46
KVL-01,2025-10-14,12,1,29.7,36
KVL-01,2025-10-14,13,1,30.79,44
KVL-01,2025-10-14,14,1,16.5,28
KVL-01,2025-10-14,20,1,15.94,21
KVL-01,2025-10-15,7,1,29.71,42
KVL-01,2025-10-15,9,1,37.28,54
KVL-01,2025-10-15,16,1,19.8,24
KVL-01,2025-10-15,22,1,16.69,26
KVL-01,2025-10-15,23,1,34.41,41
KVL-01,2025-10-16,5,1,28.81,36
KVL-01,2025-10-16,7,1,26.72,41
KVL-01,2025-10-16,9,1,27.08,40
KVL-01,2025-10-16,10,1,9.66,92
KVL-01,2025-10-16,15,1,36.13,51
KVL-01,2025-10-16,16,1,29.81,41
KVL-01,2025-10-16,17,1,29.46,44
KVL-01,2025-10-16,20,2,20.53,86
KVL-01,2025-10-17,7,1,28.97,44
KVL-01,2025-10-17,8,1,21.06,32
KVL-01,2025-10-17,9,1,37.62,61
KVL-01,2025-10-17,12,1,22.4,29
KVL-01,2025-10-17,14,1,24.0,42
KVL-01,2025-10-17,15,2,56.7,80
KVL-01,2025-10-17,18,1,37.88,53
KVL-01,2025-10-17,22,1,33.87,42
KVL-01,2025-10-18,8,1,15.85,27
KVL-01,2025-10-18,16,1,36.84,54
KVL-01,2025-10-18,17,1,21.58,36
KVL-01,2025-10-18,20,1,7.99,76
KVL-01,2025-10-19,5,1,33.83,40
KVL-01,2025-10-19,6,1,8.82,84
KVL-01,2025-10-19,10,1,9.44,90
KVL-01,2025-10-19,12,1,29.61,46
KVL-01,2025-10-19,14,1,20.61,25
KVL-01,2025-10-19,15,1,17.74,21
KVL-01,2025-10-19,17,1,35.94,54
KVL-01,2025-10-19,18,2,38.83,96
KVL-01,2025-10-19,19,1,37.22,66
KVL-01,2025-10-19,21,1,32.07,56
KVL-01,2025-10-20,0,1,5.19,50
KVL-01,2025-10-20,2,1,33.4,41
KVL-01,2025-10-20,7,2,43.39,68
KVL-01,2025-10-20,8,1,36.05,64
KVL-01,2025-10-20,9,1,33.46,47
KVL-01,2025-10-20,11,1,15.65,19
KVL-01,2025-10-20,12,1,7.86,75
KVL-01,2025-10-20,18,1,9.0,86
KVL-01,2025-10-20,20,2,30.45,106
KVL-01,2025-10-20,23,1,22.99,40
KVL-01,2025-10-21,5,1,20.62,35
KVL-01,2025-10-21,8,1,17.28,23
KVL-01,2025-10-21,9,1,28.43,37
KVL-01,2025-10-21,10,1,27.36,34
KVL-01,2025-10-21,16,1,14.06,20
KVL-01,2025-10-21,17,1,37.09,61
KVL-01,2025-10-21,19,2,41.25,64
KVL-01,2025-10-21,22,1,35.07,46
KVL-01,2025-10-22,5,1,17.71,22
KVL-01,2025-10-22,7,1,29.04,36
KVL-01,2025-10-22,9,1,29.01,42
KVL-01,2025-10-22,10,1,24.04,41
KVL-01,2025-10-22,12,2,48.18,70
KVL-01,2025-10-22,14,1,16.36,19
KVL-01,2025-10-22,15,1,33.02,51
KVL-01,2025-10-22,17,1,15.45,28
KVL-01,2025-10-22,18,1,8.05,77
KVL-01,2025-10-22,19,1,30.61,55
KVL-01,2025-10-23,13,1,14.13,18
KVL-01,2025-10-24,2,1,28.69,37
KVL-01,2025-10-24,11,1,5.79,55
KVL-01,2025-10-24,19,1,35.93,46
KVL-01,2025-10-24,20,1,18.49,28
KVL-01,2025-10-24,21,1,17.47,23
KVL-01,2025-10-25,7,1,29.6,35
KVL-01,2025-10-25,10,2,19.3,66
KVL-01,2025-10-25,16,1,34.33,57
KVL-01,2025-10-25,19,1,23.06,39
KVL-01,2025-10-25,20,1,24.55,37
KVL-01,2025-10-25,21,1,33.47,46
KVL-01,2025-10-26,3,1,30.95,41
KVL-01,2025-10-26,9,1,16.48,28
KVL-01,2025-10-26,10,1,28.02,49
KVL-01,2025-10-26,18,1,22.62,31
KVL-01,2025-10-26,21,1,36.91,61
KVL-01,2025-10-26,22,1,26.22,40
KVL-01,2025-10-27,7,2,45.7,67
KVL-01,2025-10-27,9,1,15.75,24
KVL-01,2025-10-27,10,3,63.75,89
KVL-01,2025-10-27,16,1,36.55,49
KVL-01,2025-10-27,18,2,36.44,45
KVL-01,2025-10-27,20,1,22.92,34
KVL-01,2025-10-27,21,1,21.71,31
KVL-01,2025-10-28,7,2,56.82,72
KVL-01,2025-10-28,8,1,17.49,23
KVL-01,2025-10-28,9,1,34.99,55
KVL-01,2025-10-28,10,1,19.93,30
KVL-01,2025-10-28,17,1,24.93,33
KVL-01,2025-10-28,20,1,36.65,46
KVL-01,2025-10-28,21,1,26.59,48
KVL-01,2025-10-29,6,2,47.27,81
KVL-01,2025-10-29,7,1,7.03,67
KVL-01,2025-10-29,11,1,27.19,33
KVL-01,2025-10-29,14,2,32.67,49
KVL-01,2025-10-29,15,1,29.22,52
KVL-01,2025-10-29,16,2,24.07,106
KVL-01,2025-10-29,18,2,41.14,63
KVL-01,2025-10-30,7,1,21.81,27
KVL-01,2025-10-30,9,1,25.79,39
KVL-01,2025-10-30,11,2,32.49,52
KVL-01,2025-10-30,12,2,32.84,105
KVL-01,2025-10-30,22,1,37.61,48
KVL-01,2025-10-31,11,1,37.98,51
KVL-01,2025-10-31,14,1,29.43,42
KVL-01,2025-10-31,17,1,23.52,28
KVL-01,2025-10-31,22,1,15.97,27
KVL-01,2025-11-01,0,1,26.25,39
KVL-01,2025-11-01,6,1,33.28,42
KVL-01,2025-11-01,9,1,34.11,58
KVL-01,2025-11-01,11,1,21.7,39
KVL-01,2025-11-01,13,2,67.17,108
KVL-01,2025-11-01,15,1,24.86,35
KVL-01,2025-11-01,17,1,30.64,53
KVL-01,2025-11-01,18,1,31.32,44
KVL-01,2025-11-01,19,1,5.59,53
KVL-01,2025-11-01,21,1,33.55,56
KVL-01,2025-11-01,23,1,19.37,27
KVL-01,2025-11-02,0,1,35.21,51
KVL-01,2025-11-02,1,1,7.86,75
KVL-01,2025-11-02,10,1,37.04,60
KVL-01,2025-11-02,12,1,35.77,56
KVL-01,2025-11-02,13,2,63.02,88
KVL-01,2025-11-02,15,1,36.97,50
KVL-01,2025-11-02,16,1,33.91,57
KVL-01,2025-11-02,17,1,16.48,28
KVL-01,2025-11-02,21,1,29.85,53
KVL-01,2025-11-03,2,1,16.67,21
KVL-01,2025-11-03,7,1,14.09,19
KVL-01,2025-11-03,8,2,57.18,78
KVL-01,2025-11-03,9,1,37.74,51
KVL-01,2025-11-03,12,1,9.24,88
KVL-01,2025-11-03,14,1,6.37,61
KVL-01,2025-11-03,16,1,32.96,54
KVL-01,2025-11-03,18,1,26.65,44
KVL-01,2025-11-03,22,1,37.36,50
KVL-01,2025-11-04,1,1,23.08,28
KVL-01,2025-11-04,3,1,9.09,87
KVL-01,2025-11-04,8,2,47.43,66
KVL-01,2025-11-04,9,1,29.47,43
KVL-01,2025-11-04,14,1,36.32,44
KVL-01,2025-11-04,15,1,19.15,24
KVL-01,2025-11-04,17,2,34.78,52
KVL-01,2025-11-04,18,1,17.59,27
KVL-01,2025-11-04,19,1,31.86,46
KVL-01,2025-11-04,23,1,20.22,32
KVL-01,2025-11-05,0,1,31.71,54
KVL-01,2025-11-05,6,1,15.99,23
KVL-01,2025-11-05,8,1,29.78,39
KVL-01,2025-11-05,9,2,56.28,73
KVL-01,2025-11-05,10,1,30.27,46
KVL-01,2025-11-05,12,1,15.24,20
KVL-01,2025-11-05,14,1,34.62,60
KVL-01,2025-11-05,17,1,34.82,58
KVL-01,2025-11-05,20,1,24.29,37
KVL-01,2025-11-05,21,1,16.56,24
KVL-01,2025-11-06,5,1,30.86,45
KVL-01,2025-11-06,6,1,34.12,45
KVL-01,2025-11-06,7,1,32.88,46
KVL-01,2025-11-06,8,1,28.74,43
KVL-01,2025-11-06,9,1,26.31,43
KVL-01,2025-11-06,10,1,9.1,87
KVL-01,2025-11-06,12,1,31.99,41
KVL-01,2025-11-06,15,1,36.61,48
KVL-01,2025-11-06,16,1,16.89,29
KVL-01,2025-11-06,20,1,17.81,31
KVL-01,2025-11-06,21,1,14.84,19
KVL-01,2025-11-07,8,1,18.8,30
KVL-01,2025-11-07,12,1,31.57,45
KVL-01,2025-11-07,19,2,40.2,55
KVL-01,2025-11-07,21,1,7.31,70
KVL-01,2025-11-08,5,1,9.47,90
KVL-01,2025-11-08,6,1,15.3,18
KVL-01,2025-11-08,8,1,19.23,30
KVL-01,2025-11-08,11,1,14.51,19
KVL-01,2025-11-08,12,1,25.44,39
KVL-01,2025-11-08,13,1,29.01,37
KVL-01,2025-11-08,15,1,34.83,50
KVL-01,2025-11-08,18,1,27.87,49
KVL-01,2025-11-08,23,1,15.28,26
KVL-01,2025-11-09,11,1,19.37,27
KVL-01,2025-11-09,12,1,30.57,48
KVL-01,2025-11-09,13,1,16.23,23
KVL-01,2025-11-09,14,1,24.76,30
KVL-01,2025-11-09,16,1,33.2,49
KVL-01,2025-11-09,19,1,36.12,58
KVL-01,2025-11-09,20,1,25.08,34
KVL-01,2025-11-10,6,1,8.49,81
KVL-01,2025-11-10,8,2,41.97,60
KVL-01,2025-11-10,9,1,19.6,27
KVL-01,2025-11-10,12,2,46.71,75
KVL-01,2025-11-10,16,1,21.23,29
KVL-01,2025-11-10,17,1,26.3,33
KVL-01,2025-11-10,18,1,32.54,46
KVL-01,2025-11-10,21,1,30.74,41
KVL-01,2025-11-11,9,1,15.45,27
KVL-01,2025-11-11,13,1,27.75,40
KVL-01,2025-11-11,14,1,20.62,32
KVL-01,2025-11-11,15,1,22.35,30
KVL-01,2025-11-11,18,1,33.9,48
KVL-01,2025-11-11,20,1,26.38,42
KVL-01,2025-11-11,21,1,17.1,27
KVL-01,2025-11-12,1,1,24.4,36
KVL-01,2025-11-12,4,1,28.95,35
KVL-01,2025-11-12,11,1,36.75,52
KVL-01,2025-11-12,12,1,27.54,43
KVL-01,2025-11-12,16,1,19.76,23
KVL-01,2025-11-12,17,1,37.21,52
KVL-01,2025-11-12,20,1,26.57,36
KVL-01,2025-11-13,6,1,14.54,25
KVL-01,2025-11-13,7,1,30.04,39
KVL-01,2025-11-13,9,2,33.08,122
KVL-01,2025-11-13,18,1,33.9,50
KVL-01,2025-11-13,19,1,20.73,31
KVL-01,2025-11-13,22,1,29.34,42
KVL-01,2025-11-13,23,1,32.81,44
KVL-01,2025-11-14,7,1,17.77,30
KVL-01,2025-11-14,8,1,17.25,21
KVL-01,2025-11-14,9,2,53.6,72
KVL-01,2025-11-14,11,1,30.67,50
KVL-01,2025-11-14,13,2,56.79,87
KVL-01,2025-11-14,14,1,35.28,51
KVL-01,2025-11-14,17,2,45.32,65
KVL-01,2025-11-14,19,1,15.3,18
KVL-01,2025-11-15,9,1,33.62,49
KVL-01,2025-11-15,14,1,34.11,47
KVL-01,2025-11-15,17,1,17.74,27
KVL-01,2025-11-15,18,1,34.06,60
KVL-01,2025-11-16,6,1,36.95,44
KVL-01,2025-11-16,8,1,27.26,37
KVL-01,2025-11-16,9,1,5.44,52
KVL-01,2025-11-16,10,1,21.23,35
KVL-01,2025-11-16,13,1,29.07,35
KVL-01,2025-11-16,16,2,38.46,54
KVL-01,2025-11-16,17,1,37.63,45
KVL-01,2025-11-16,18,1,37.45,51
KVL-01,2025-11-16,19,1,7.77,74
KVL-01,2025-11-16,20,1,5.43,52
KVL-01,2025-11-16,23,1,15.28,23
KVL-01,2025-11-17,4,1,7.1,68
KVL-01,2025-11-17,6,2,29.88,90
KVL-01,2025-11-17,11,1,33.63,49
KVL-01,2025-11-17,12,1,23.2,37
KVL-01,2025-11-17,15,1,25.28,32
KVL-01,2025-11-17,18,1,21.17,35
KVL-01,2025-11-17,19,1,9.51,91
KVL-01,2025-11-18,8,1,21.83,34
KVL-01,2025-11-18,12,1,36.51,63
KVL-01,2025-11-18,13,1,16.36,25
KVL-01,2025-11-18,14,1,19.22,26
KVL-01,2025-11-18,15,1,21.53,28
KVL-01,2025-11-18,18,1,28.91,38
KVL-01,2025-11-18,22,1,24.46,31
KVL-01,2025-11-19,6,2,45.58,58
KVL-01,2025-11-19,7,1,17.75,24
KVL-01,2025-11-19,8,1,37.91,63
KVL-01,2025-11-19,9,1,30.51,52
KVL-01,2025-11-19,10,1,8.01,76
KVL-01,2025-11-19,13,1,17.91,28
KVL-01,2025-11-19,14,1,19.52,25
KVL-01,2025-11-19,16,1,24.22,41
KVL-01,2025-11-19,18,1,24.56,31
KVL-01,2025-11-19,19,1,36.89,44
KVL-01,2025-11-20,6,1,28.45,42
KVL-01,2025-11-20,10,1,21.9,34
KVL-01,2025-11-20,11,1,36.62,56
KVL-01,2025-11-20,12,1,24.14,29
KVL-01,2025-11-20,13,1,16.16,21
KVL-01,2025-11-20,15,2,51.48,76
KVL-01,2025-11-20,17,1,35.97,58
KVL-01,2025-11-20,18,1,8.32,79
KVL-01,2025-11-20,19,1,35.58,42
KVL-01,2025-11-20,20,1,14.77,22
KVL-01,2025-11-21,5,1,20.61,36
KVL-01,2025-11-21,6,2,43.99,64
KVL-01,2025-11-21,7,1,21.4,28
KVL-01,2025-11-21,9,1,36.83,57
KVL-01,2025-11-21,10,1,2.97,64
KVL-01,2025-11-21,12,1,14.04,18
KVL-01,2025-11-21,15,1,24.5,33
KVL-01,2025-11-21,16,1,26.45,38
KVL-01,2025-11-21,17,2,60.32,90
KVL-01,2025-11-21,18,1,24.21,29
KVL-01,2025-11-21,20,2,61.01,87
KVL-01,2025-11-22,6,1,37.45,50
KVL-01,2025-11-22,8,1,35.64,63
KVL-01,2025-11-22,9,1,30.9,52
KVL-01,2025-11-22,13,1,15.24,27
KVL-01,2025-11-22,15,1,8.9,85
KVL-01,2025-11-22,17,1,3.12,67
KVL-01,2025-11-22,19,1,8.62,82
KVL-01,2025-11-22,22,1,26.13,32
KVL-01,2025-11-23,4,1,8.84,84
KVL-01,2025-11-23,6,1,36.43,54
KVL-01,2025-11-23,8,1,2.56,55
KVL-01,2025-11-23,9,1,18.77,28
KVL-01,2025-11-23,10,1,31.35,46
KVL-01,2025-11-23,14,1,32.44,42
KVL-01,2025-11-23,15,2,47.9,70
KVL-01,2025-11-23,16,1,37.86,45
KVL-01,2025-11-23,21,1,17.68,22
KVL-01,2025-11-24,5,1,33.0,47
KVL-01,2025-11-24,7,1,26.12,40
KVL-01,2025-11-24,9,1,7.17,68
KVL-01,2025-11-24,11,1,19.77,31
KVL-01,2025-11-24,14,1,23.66,33
KVL-01,2025-11-24,16,1,18.45,23
KVL-01,2025-11-24,19,1,26.41,46
KVL-01,2025-11-24,20,1,21.43,39
KVL-01,2025-11-25,2,1,16.58,27
KVL-01,2025-11-25,5,1,16.63,23
KVL-01,2025-11-25,7,1,29.57,48
KVL-01,2025-11-25,9,1,9.09,87
KVL-01,2025-11-25,11,1,22.34,30
KVL-01,2025-11-25,14,2,40.18,56
KVL-01,2025-11-25,15,1,23.68,28
KVL-01,2025-11-25,17,2,42.57,63
KVL-01,2025-11-25,20,1,18.54,26
KVL-01,2025-11-26,4,1,18.11,21
KVL-01,2025-11-26,7,2,44.52,61
KVL-01,2025-11-26,10,1,28.91,47
KVL-01,2025-11-26,13,1,29.97,49
KVL-01,2025-11-26,16,1,27.11,33
KVL-01,2025-11-26,18,1,26.01,39
KVL-01,2025-11-26,19,1,26.47,45
KVL-01,2025-11-26,21,1,14.48,21
KVL-01,2025-11-27,7,1,15.36,24
KVL-01,2025-11-27,8,2,50.06,68
KVL-01,2025-11-27,10,1,20.23,24
KVL-01,2025-11-27,11,2,32.4,51
KVL-01,2025-11-27,12,2,37.64,49
KVL-01,2025-11-27,14,1,34.35,43
KVL-01,2025-11-27,15,1,17.42,31
KVL-01,2025-11-27,16,1,21.26,28
KVL-01,2025-11-27,17,1,23.61,30
KVL-01,2025-11-27,18,1,32.57,51
KVL-01,2025-11-27,19,1,31.19,39
KVL-01,2025-11-28,7,1,15.64,23
KVL-01,2025-11-28,8,1,36.34,49
KVL-01,2025-11-28,14,2,62.8,89
KVL-01,2025-11-28,19,1,25.19,32
KVL-01,2025-11-28,20,1,16.1,20
KVL-01,2025-11-29,1,1,34.89,50
KVL-01,2025-11-29,2,1,27.08,37
KVL-01,2025-11-29,6,1,20.55,37
KVL-01,2025-11-29,8,1,36.94,61
KVL-01,2025-11-29,9,1,17.76,23
KVL-01,2025-11-29,10,1,34.54,50
KVL-01,2025-11-29,13,1,37.85,60
KVL-01,2025-11-29,16,1,22.48,27
KVL-01,2025-11-29,20,1,15.43,26
KVL-01,2025-11-30,3,1,18.92,32
KVL-01,2025-11-30,5,1,25.66,44
KVL-01,2025-11-30,8,1,21.13,28
KVL-01,2025-11-30,9,1,19.04,23
KVL-01,2025-11-30,12,1,34.07,58
KVL-01,2025-11-30,13,1,30.73,46
KVL-01,2025-11-30,14,1,26.75,43
KVL-01,2025-11-30,17,1,34.07,60
KVL-01,2025-11-30,19,1,36.63,58
KVL-01,2025-12-01,6,1,6.15,59
KVL-01,2025-12-01,9,1,26.02,42
KVL-01,2025-12-01,10,1,15.96,19
KVL-01,2025-12-01,12,1,34.89,46
KVL-01,2025-12-01,17,1,35.74,52
KVL-01,2025-12-01,18,1,21.39,25
KVL-01,2025-12-01,22,1,9.18,88
KVL-01,2025-12-02,5,1,29.14,51
KVL-01,2025-12-02,9,1,20.87,31
KVL-01,2025-12-02,14,1,36.18,60
KVL-01,2025-12-02,15,1,20.92,29
KVL-01,2025-12-02,16,2,52.16,73
KVL-01,2025-12-02,17,1,36.41,53
KVL-01,2025-12-03,4,1,14.16,20
KVL-01,2025-12-03,6,1,8.68,83
KVL-01,2025-12-03,9,1,15.16,18
KVL-01,2025-12-03,11,1,34.68,43
KVL-01,2025-12-03,16,1,16.98,22
KVL-01,2025-12-03,17,1,22.89,40
KVL-01,2025-12-03,18,1,26.02,33
KVL-01,2025-12-04,1,1,35.07,48
KVL-01,2025-12-04,4,1,26.11,32
KVL-01,2025-12-04,6,1,14.54,18
KVL-01,2025-12-04,9,2,46.16,68
KVL-01,2025-12-04,10,1,25.37,44
KVL-01,2025-12-04,11,2,65.33,81
KVL-01,2025-12-04,12,1,23.98,42
KVL-01,2025-12-04,14,1,19.37,23
KVL-01,2025-12-04,15,1,37.24,58
KVL-01,2025-12-04,16,2,62.08,83
KVL-01,2025-12-04,17,1,6.89,66
KVL-01,2025-12-04,20,1,37.4,61
KVL-01,2025-12-04,21,1,18.23,25
KVL-01,2025-12-05,4,1,20.01,24
KVL-01,2025-12-05,7,1,34.0,58
KVL-01,2025-12-05,8,1,15.87,25
KVL-01,2025-12-05,9,1,32.42,40
KVL-01,2025-12-05,13,2,60.08,83
KVL-01,2025-12-05,16,1,20.25,31
KVL-01,2025-12-05,17,1,30.31,42
KVL-01,2025-12-05,22,1,15.94,24
KVL-01,2025-12-05,23,1,26.08,40
KVL-01,2025-12-06,0,1,36.3,47
KVL-01,2025-12-06,6,1,14.35,24
KVL-01,2025-12-06,9,1,35.37,62
KVL-01,2025-12-06,17,1,15.84,27
KVL-01,2025-12-06,19,1,8.79,84
KVL-01,2025-12-06,21,1,31.4,49
KVL-01,2025-12-07,6,1,31.61,39
KVL-01,2025-12-07,9,1,32.74,46
KVL-01,2025-12-07,10,1,8.03,77
KVL-01,2025-12-07,11,1,34.01,44
KVL-01,2025-12-07,14,1,16.22,28
KVL-01,2025-12-07,17,1,36.18,62
KVL-01,2025-12-07,18,1,34.34,42
KVL-01,2025-12-07,19,2,46.95,59
KVL-01,2025-12-07,21,1,16.21,21
KVL-01,2025-12-08,0,1,33.45,51
KVL-01,2025-12-08,3,1,15.79,20
KVL-01,2025-12-08,4,1,21.7,26
KVL-01,2025-12-08,6,1,22.25,33
KVL-01,2025-12-08,12,1,15.49,28
KVL-01,2025-12-08,13,2,57.1,76
KVL-01,2025-12-08,15,1,24.99,31
KVL-01,2025-12-08,17,1,25.83,33
KVL-01,2025-12-08,18,2,39.72,52
KVL-01,2025-12-08,20,1,17.74,29
KVL-01,2025-12-08,21,1,7.49,71
KVL-01,2025-12-09,2,1,21.68,32
KVL-01,2025-12-09,10,2,49.43,70
KVL-01,2025-12-09,11,1,18.36,24
KVL-01,2025-12-09,12,1,35.08,59
KVL-01,2025-12-09,13,1,16.85,22
KVL-01,2025-12-09,15,1,25.29,31
KVL-01,2025-12-09,19,1,33.57,44
KVL-01,2025-12-09,20,1,21.33,32
KVL-01,2025-12-10,7,1,7.99,76
KVL-01,2025-12-10,10,1,5.66,54
KVL-01,2025-12-10,14,1,20.65,28
KVL-01,2025-12-10,16,2,49.6,66
KVL-01,2025-12-10,17,1,7.66,73
KVL-01,2025-12-10,19,1,9.15,87
KVL-01,2025-12-10,21,1,27.26,46
KVL-01,2025-12-11,7,1,29.91,54
KVL-01,2025-12-11,9,1,26.58,47
KVL-01,2025-12-11,10,1,21.57,32
KVL-01,2025-12-11,11,1,31.78,38
KVL-01,2025-12-11,12,2,31.6,49
KVL-01,2025-12-11,13,2,52.8,73
KVL-01,2025-12-11,14,1,37.02,52
KVL-01,2025-12-11,15,1,19.86,26
KVL-01,2025-12-11,16,1,18.33,27
KVL-01,2025-12-11,17,1,20.34,37
KVL-01,2025-12-12,1,1,29.54,47
KVL-01,2025-12-12,6,1,30.95,42
KVL-01,2025-12-12,8,1,18.9,24
KVL-01,2025-12-12,11,1,37.21,47
KVL-01,2025-12-12,16,1,27.06,47
KVL-01,2025-12-12,18,1,15.59,23
KVL-01,2025-12-12,20,1,19.93,25
KVL-01,2025-12-12,21,1,18.75,28
KVL-01,2025-12-13,4,1,8.84,84
KVL-01,2025-12-13,7,2,18.59,90
KVL-01,2025-12-13,9,1,15.7,25
KVL-01,2025-12-13,11,1,18.44,33
KVL-01,2025-12-13,15,1,8.16,78
KVL-01,2025-12-13,19,1,23.0,36
KVL-01,2025-12-13,23,1,36.15,47
KVL-01,2025-12-14,5,1,30.9,42
KVL-01,2025-12-14,12,1,16.16,21
KVL-01,2025-12-14,13,1,30.16,40
KVL-01,2025-12-14,14,1,19.0,23
KVL-01,2025-12-14,15,1,23.05,31
KVL-01,2025-12-14,16,2,53.56,71
KVL-01,2025-12-14,17,1,27.91,39
KVL-01,2025-12-14,19,1,22.79,35
KVL-01,2025-12-15,7,1,36.42,56
KVL-01,2025-12-15,8,1,34.48,59
KVL-01,2025-12-15,9,1,17.47,22
KVL-01,2025-12-15,10,1,25.13,30
KVL-01,2025-12-15,11,1,33.52,54
KVL-01,2025-12-15,12,1,30.88,41
KVL-01,2025-12-15,13,1,36.28,61
KVL-01,2025-12-15,14,1,21.39,31
KVL-01,2025-12-15,15,2,35.78,53
KVL-01,2025-12-15,22,1,37.36,58
KVL-01,2025-12-16,5,1,28.06,49
KVL-01,2025-12-16,9,2,46.42,60
KVL-01,2025-12-16,14,1,15.15,18
KVL-01,2025-12-16,16,2,46.36,61
KVL-01,2025-12-16,17,1,27.44,33
KVL-01,2025-12-16,18,1,27.54,34
KVL-01,2025-12-16,20,1,34.16,43
KVL-01,2025-12-17,8,1,21.51,35
KVL-01,2025-12-17,10,1,25.55,45
KVL-01,2025-12-17,14,1,7.05,67
KVL-01,2025-12-17,17,1,17.34,22
KVL-01,2025-12-17,18,1,36.83,59
KVL-01,2025-12-17,21,1,8.61,82
KVL-01,2025-12-17,22,1,28.36,36
KVL-01,2025-12-17,23,1,24.65,35
KVL-01,2025-12-18,0,1,30.19,43
KVL-01,2025-12-18,5,1,14.75,18
KVL-01,2025-12-18,6,1,25.63,40
KVL-01,2025-12-18,7,1,23.51,29
KVL-01,2025-12-18,9,2,58.06,78
KVL-01,2025-12-18,11,1,29.44,37
KVL-01,2025-12-18,12,1,9.86,94
KVL-01,2025-12-18,13,1,14.42,24
KVL-01,2025-12-18,18,1,27.32,46
KVL-01,2025-12-18,21,1,37.77,47
KVL-01,2025-12-19,6,1,26.39,44
KVL-01,2025-12-19,7,1,7.47,71
KVL-01,2025-12-19,12,1,31.11,55
KVL-01,2025-12-19,13,1,32.75,43
KVL-01,2025-12-19,16,1,36.66,49
KVL-01,2025-12-19,17,1,2.76,59
KVL-01,2025-12-19,18,1,19.17,23
KVL-01,2025-12-19,19,1,35.65,47
KVL-01,2025-12-19,20,1,29.68,47
KVL-01,2025-12-19,21,1,30.98,38
KVL-01,2025-12-20,10,1,14.65,20
KVL-01,2025-12-20,11,1,23.38,29
KVL-01,2025-12-20,12,2,52.93,74
KVL-01,2025-12-20,13,1,24.9,34
KVL-01,2025-12-20,16,1,26.1,39
KVL-01,2025-12-20,17,2,35.29,54
KVL-01,2025-12-20,18,1,17.44,22
KVL-01,2025-12-20,19,1,37.77,55
KVL-01,2025-12-20,21,1,34.27,49
KVL-01,2025-12-20,22,1,15.36,18
KVL-01,2025-12-20,23,2,57.84,87
KVL-01,2025-12-21,1,1,26.37,34
KVL-01,2025-12-21,5,1,34.14,41
KVL-01,2025-12-21,8,1,22.75,35
KVL-01,2025-12-21,10,1,30.55,51
KVL-01,2025-12-21,11,1,15.83,22
KVL-01,2025-12-21,12,1,19.9,36
KVL-01,2025-12-21,13,1,31.11,42
KVL-01,2025-12-21,15,1,6.6,63
KVL-01,2025-12-21,16,1,36.88,62
KVL-01,2025-12-21,19,1,36.2,52
KVL-01,2025-12-22,6,2,50.07,79
KVL-01,2025-12-22,10,1,14.06,18
KVL-01,2025-12-22,11,2,59.0,85
KVL-01,2025-12-22,17,1,36.14,49
KVL-01,2025-12-22,19,1,37.17,53
KVL-01,2025-12-23,6,1,21.18,31
KVL-01,2025-12-23,7,1,21.2,28
KVL-01,2025-12-23,9,1,29.16,37
KVL-01,2025-12-23,10,2,32.07,49
KVL-01,2025-12-23,12,1,30.36,36
KVL-01,2025-12-23,13,1,37.41,48
KVL-01,2025-12-23,15,1,26.38,34
KVL-01,2025-12-23,16,1,33.55,61
KVL-01,2025-12-23,17,1,37.28,66
KVL-01,2025-12-23,19,1,22.98,35
KVL-01,2025-12-24,2,1,23.04,34
KVL-01,2025-12-24,7,1,18.55,23
KVL-01,2025-12-24,9,1,16.09,19
KVL-01,2025-12-24,12,1,23.57,37
KVL-01,2025-12-24,13,1,6.32,60
KVL-01,2025-12-24,15,1,31.6,43
KVL-01,2025-12-24,16,1,30.02,39
KVL-01,2025-12-24,18,1,33.09,41
KVL-01,2025-12-25,7,1,8.56,82
KVL-01,2025-12-25,12,1,35.64,42
KVL-01,2025-12-25,13,1,25.7,31
KVL-01,2025-12-25,14,2,43.65,63
KVL-01,2025-12-25,15,1,17.19,23
KVL-01,2025-12-25,16,1,34.84,51
KVL-01,2025-12-25,17,1,34.91,49
KVL-01,2025-12-25,18,1,14.99,21
KVL-01,2025-12-25,22,1,16.53,24
KVL-01,2025-12-25,23,1,31.18,50
KVL-01,2025-12-26,2,1,17.67,21
KVL-01,2025-12-26,7,1,18.29,27
KVL-01,2025-12-26,8,1,34.92,55
KVL-01,2025-12-26,10,2,41.23,56
KVL-01,2025-12-26,12,1,34.38,42
KVL-01,2025-12-26,18,1,36.52,47
KVL-01,2025-12-26,19,1,32.68,44
KVL-01,2025-12-26,21,1,33.24,48
KVL-01,2025-12-27,6,1,26.67,41
KVL-01,2025-12-27,8,1,26.55,35
KVL-01,2025-12-27,9,1,18.55,32
KVL-01,2025-12-27,12,1,27.45,40
KVL-01,2025-12-27,13,1,14.69,21
KVL-01,2025-12-27,14,1,5.33,51
KVL-01,2025-12-27,15,1,29.81,38
KVL-01,2025-12-27,16,1,28.75,50
KVL-01,2025-12-27,18,1,23.65,37
KVL-01,2025-12-27,20,1,17.48,22
KVL-01,2025-12-27,22,1,33.91,54
KVL-01,2025-12-28,6,2,52.91,84
KVL-01,2025-12-28,7,1,14.41,20
KVL-01,2025-12-28,9,1,23.79,30
KVL-01,2025-12-28,12,1,6.39,61
KVL-01,2025-12-28,13,1,17.44,27
KVL-01,2025-12-28,14,2,49.17,66
KVL-01,2025-12-28,16,1,21.88,34
KVL-01,2025-12-28,17,1,33.68,48
KVL-01,2025-12-28,18,1,8.97,86
KVL-01,2025-12-28,20,1,30.05,39
KVL-01,2025-12-28,22,2,32.82,44
KVL-01,2025-12-28,23,1,37.75,65
KVL-01,2025-12-29,8,1,31.94,38
KVL-01,2025-12-29,11,1,6.17,59
KVL-01,2025-12-29,12,1,24.06,29
KVL-01,2025-12-29,13,1,14.6,17
KVL-01,2025-12-29,15,1,23.92,37
KVL-01,2025-12-29,16,1,30.54,42
KVL-01,2025-12-29,20,2,60.89,85
KVL-01,2025-12-29,21,1,9.17,87
KVL-01,2025-12-29,23,1,25.01,45
KVL-01,2025-12-30,4,1,3.37,72
KVL-01,2025-12-30,9,1,24.29,30
KVL-01,2025-12-30,10,2,45.82,61
KVL-01,2025-12-30,11,1,7.39,70
KVL-01,2025-12-30,12,1,20.68,34
KVL-01,2025-12-30,13,1,26.25,47
KVL-01,2025-12-30,15,1,8.02,77
KVL-01,2025-12-30,16,1,24.72,45
KVL-01,2025-12-30,19,1,20.82,37
KVL-01,2025-12-30,20,1,34.71,43
KVL-01,2025-12-30,22,1,28.06,36
KVL-01,2025-12-31,4,1,17.5,24
KVL-01,2025-12-31,8,2,52.87,79
KVL-01,2025-12-31,10,1,18.04,26
KVL-01,2025-12-31,12,2,16.9,57
KVL-01,2025-12-31,13,1,32.45,40
KVL-01,2025-12-31,17,1,29.61,37
KVL-01,2025-12-31,18,2,46.87,57
KVL-01,2025-12-31,19,1,15.51,25
KVL-01,2025-12-31,20,2,50.28,66
KVL-01,2025-12-31,23,1,7.57,72
KVL-01,2026-01-01,0,1,16.35,22
KVL-01,2026-01-01,5,1,23.6,31
KVL-01,2026-01-01,8,1,14.58,23
KVL-01,2026-01-01,10,1,20.93,26
KVL-01,2026-01-01,15,1,34.62,50
KVL-01,2026-01-01,17,1,14.43,19
KVL-01,2026-01-01,18,1,35.57,46
KVL-01,2026-01-01,19,1,9.38,89
KVL-01,2026-01-01,21,1,32.44,46
KVL-01,2026-01-02,1,1,24.33,33
KVL-01,2026-01-02,8,1,35.86,50
KVL-01,2026-01-02,10,1,36.88,64
KVL-01,2026-01-02,13,1,27.46,42
KVL-01,2026-01-02,14,1,2.28,49
KVL-01,2026-01-02,15,1,17.71,25
KVL-01,2026-01-02,16,1,26.96,33
KVL-01,2026-01-02,17,1,29.97,54
KVL-01,2026-01-02,18,1,16.21,23
KVL-01,2026-01-03,6,1,29.06,41
KVL-01,2026-01-03,9,1,35.28,43
KVL-01,2026-01-03,12,1,35.93,45
KVL-01,2026-01-03,13,2,41.4,56
KVL-01,2026-01-03,14,2,46.94,68
KVL-01,2026-01-03,16,1,36.99,56
KVL-01,2026-01-03,18,1,8.09,77
KVL-01,2026-01-03,22,1,17.67,24
KVL-01,2026-01-04,1,1,9.97,95
KVL-01,2026-01-04,7,1,23.52,28
KVL-01,2026-01-04,8,1,15.43,18
KVL-01,2026-01-04,9,1,20.59,26
KVL-01,2026-01-04,10,1,31.79,48
KVL-01,2026-01-04,11,1,29.35,35
KVL-01,2026-01-04,12,1,20.9,29
KVL-01,2026-01-04,14,1,23.37,36
KVL-01,2026-01-04,17,1,14.9,20
KVL-01,2026-01-04,18,1,26.63,34
KVL-01,2026-01-04,19,1,34.9,57
KVL-01,2026-01-05,9,1,25.72,33
KVL-01,2026-01-05,11,1,19.23,28
KVL-01,2026-01-05,15,1,36.73,57
KVL-01,2026-01-05,17,1,28.31,36
KVL-01,2026-01-05,18,1,3.03,65
KVL-01,2026-01-06,5,1,28.05,42
KVL-01,2026-01-06,7,2,42.72,70
KVL-01,2026-01-06,8,1,15.42,19
KVL-01,2026-01-06,9,1,3.42,73
KVL-01,2026-01-06,12,1,2.35,50
KVL-01,2026-01-06,16,1,21.47,35
KVL-01,2026-01-06,18,1,23.95,38
KVL-01,2026-01-06,20,2,44.94,56
KVL-01,2026-01-06,21,1,21.19,37
KVL-01,2026-01-07,3,1,3.36,72
KVL-01,2026-01-07,8,1,16.76,24
KVL-01,2026-01-07,10,1,34.53,54
KVL-01,2026-01-07,11,1,24.96,31
KVL-01,2026-01-07,12,1,36.98,57
KVL-01,2026-01-07,13,1,27.82,39
KVL-01,2026-01-07,18,1,17.38,25
KVL-01,2026-01-07,20,1,25.09,35
KVL-01,2026-01-08,8,2,66.68,90
KVL-01,2026-01-08,9,1,17.85,32
KVL-01,2026-01-08,13,1,16.66,28
KVL-01,2026-01-08,15,1,25.07,44
KVL-01,2026-01-08,22,1,31.46,38
KVL-01,2026-01-09,6,1,25.41,33
KVL-01,2026-01-09,12,1,33.24,41
KVL-01,2026-01-09,14,1,33.22,47
KVL-01,2026-01-09,17,1,5.48,52
KVL-01,2026-01-10,3,1,27.51,34
KVL-01,2026-01-10,9,1,34.38,50
KVL-01,2026-01-10,10,1,33.87,46
KVL-01,2026-01-10,11,1,34.66,57
KVL-01,2026-01-10,12,2,49.28,64
KVL-01,2026-01-10,13,2,49.84,65
KVL-01,2026-01-10,15,1,36.37,49
KVL-01,2026-01-10,18,2,61.46,82
KVL-01,2026-01-10,20,1,5.09,49
KVL-01,2026-01-11,7,2,64.01,96
KVL-01,2026-01-11,9,1,32.1,58
KVL-01,2026-01-11,12,1,14.14,17
KVL-01,2026-01-11,15,1,24.54,41
KVL-01,2026-01-11,18,1,29.31,49
KVL-01,2026-01-11,19,1,26.05,44
KVL-01,2026-01-11,21,1,25.0,29
KVL-01,2026-01-11,22,1,7.62,73
KVL-01,2026-01-12,5,1,35.9,50
KVL-01,2026-01-12,7,1,30.14,38
KVL-01,2026-01-12,8,1,28.74,49
KVL-01,2026-01-12,10,2,41.28,69
KVL-01,2026-01-12,13,1,9.63,92
KVL-01,2026-01-12,15,1,15.58,25
KVL-01,2026-01-12,18,1,27.77,39
KVL-01,2026-01-12,19,1,23.81,32
KVL-01,2026-01-12,20,1,17.64,28
KVL-01,2026-01-12,21,1,23.93,31
KVL-01,2026-01-13,7,1,16.69,24
KVL-01,2026-01-13,9,1,27.76,36
KVL-01,2026-01-13,10,1,30.96,39
KVL-01,2026-01-13,14,1,6.78,65
KVL-01,2026-01-13,15,2,23.69,79
KVL-01,2026-01-13,17,2,58.11,75
KVL-01,2026-01-13,19,1,9.39,90
KVL-01,2026-01-13,21,1,26.08,39
KVL-01,2026-01-14,0,1,23.43,30
KVL-01,2026-01-14,6,1,29.03,53
KVL-01,2026-01-14,7,1,26.33,37
KVL-01,2026-01-14,8,3,61.72,83
KVL-01,2026-01-14,10,1,31.3,48
KVL-01,2026-01-14,15,2,47.01,62
KVL-01,2026-01-14,18,1,34.42,52
KVL-01,2026-01-14,20,1,22.5,28
KVL-01,2026-01-15,1,1,15.23,24
KVL-01,2026-01-15,4,1,22.4,36
KVL-01,2026-01-15,5,1,21.0,38
KVL-01,2026-01-15,7,1,29.22,45
KVL-01,2026-01-15,9,1,28.96,46
KVL-01,2026-01-15,10,1,32.98,51
KVL-01,2026-01-15,13,1,18.18,27
KVL-01,2026-01-15,15,1,35.83,49
KVL-01,2026-01-15,16,1,25.24,33
KVL-01,2026-01-15,18,2,35.91,59
KVL-01,2026-01-15,19,1,18.73,32
KVL-01,2026-01-15,20,1,26.48,34
KVL-01,2026-01-15,21,1,37.58,65
KVL-01,2026-01-15,22,2,39.51,58
KVL-01,2026-01-16,6,1,36.04,52
KVL-01,2026-01-16,8,1,32.32,47
KVL-01,2026-01-16,10,2,47.45,66
KVL-01,2026-01-16,12,1,17.13,25
KVL-01,2026-01-16,13,1,28.2,50
KVL-01,2026-01-16,19,1,29.4,36
KVL-01,2026-01-16,22,1,20.75,35
KVL-01,2026-01-17,0,1,6.15,59
KVL-01,2026-01-17,2,1,33.95,40
KVL-01,2026-01-17,4,1,23.8,37
KVL-01,2026-01-17,6,1,21.85,38
KVL-01,2026-01-17,9,1,31.75,56
KVL-01,2026-01-17,10,1,19.63,34
KVL-01,2026-01-17,15,1,21.49,32
KVL-01,2026-01-17,18,1,35.18,58
KVL-01,2026-01-17,20,1,33.27,58
KVL-01,2026-01-17,23,1,18.74,34
KVL-01,2026-01-18,7,1,33.44,57
KVL-01,2026-01-18,11,1,28.93,38
KVL-01,2026-01-18,12,1,35.0,46
KVL-01,2026-01-18,13,1,31.41,55
KVL-01,2026-01-18,15,2,41.9,53
KVL-01,2026-01-18,18,2,48.7,73
KVL-01,2026-01-18,20,1,23.03,42
KVL-01,2026-01-19,7,1,6.75,64
KVL-01,2026-01-19,8,1,24.02,29
KVL-01,2026-01-19,9,1,35.85,61
KVL-01,2026-01-19,11,1,30.16,41
KVL-01,2026-01-19,12,1,29.24,37
KVL-01,2026-01-19,13,1,36.97,63
KVL-01,2026-01-19,15,1,19.2,27
KVL-01,2026-01-19,17,1,36.69,47
KVL-01,2026-01-19,18,1,32.51,41
KVL-01,2026-01-19,20,1,15.7,25
KVL-01,2026-01-19,23,1,14.5,21
KVL-01,2026-01-20,1,1,21.65,26
KVL-01,2026-01-20,7,1,36.66,60
KVL-01,2026-01-20,9,2,45.32,66
KVL-01,2026-01-20,10,1,6.9,66
KVL-01,2026-01-20,12,1,31.78,44
KVL-01,2026-01-20,17,1,6.58,63
KVL-01,2026-01-20,18,1,19.34,23
KVL-01,2026-01-20,23,1,19.37,26
KVL-01,2026-01-21,5,1,36.91,58
KVL-01,2026-01-21,9,2,36.5,45
KVL-01,2026-01-21,11,1,26.8,44
KVL-01,2026-01-21,14,2,70.18,87
KVL-01,2026-01-21,15,1,37.14,52
KVL-01,2026-01-21,18,1,7.89,75
KVL-01,2026-01-22,0,1,17.73,23
KVL-01,2026-01-22,6,2,59.48,82
KVL-01,2026-01-22,8,2,22.77,104
KVL-01,2026-01-22,10,1,7.18,68
KVL-01,2026-01-22,11,1,35.66,44
KVL-01,2026-01-22,12,1,33.36,50
KVL-01,2026-01-22,13,1,18.91,23
KVL-01,2026-01-22,14,1,5.99,57
KVL-01,2026-01-22,15,1,35.5,61
KVL-01,2026-01-22,19,1,30.11,42
KVL-01,2026-01-22,21,1,16.3,26
KVL-01,2026-01-23,0,1,34.97,61
KVL-01,2026-01-23,7,1,34.45,55
KVL-01,2026-01-23,8,1,25.22,40
KVL-01,2026-01-23,13,1,15.33,27
KVL-01,2026-01-23,14,1,6.97,66
KVL-01,2026-01-23,15,1,23.8,33
KVL-01,2026-01-23,16,2,56.69,81
KVL-01,2026-01-23,17,1,34.73,49
KVL-01,2026-01-23,18,1,25.57,40
KVL-01,2026-01-23,19,1,7.99,76
KVL-01,2026-01-24,6,1,6.74,64
KVL-01,2026-01-24,8,1,8.76,84
KVL-01,2026-01-24,13,1,2.76,59
KVL-01,2026-01-24,15,1,18.31,33
KVL-01,2026-01-24,16,1,31.95,44
KVL-01,2026-01-24,17,1,25.57,32
KVL-01,2026-01-24,18,1,29.16,40
KVL-01,2026-01-24,19,1,1.88,40
KVL-01,2026-01-24,20,1,27.88,39
KVL-01,2026-01-25,6,1,15.88,25
KVL-01,2026-01-25,11,1,33.35,47
KVL-01,2026-01-25,13,1,34.76,50
KVL-01,2026-01-25,15,1,25.11,42
KVL-01,2026-01-25,16,1,19.35,29
KVL-01,2026-01-25,19,1,9.55,91
KVL-01,2026-01-26,0,1,9.84,94
KVL-01,2026-01-26,5,1,32.75,53
KVL-01,2026-01-26,7,1,19.41,35
KVL-01,2026-01-26,13,1,28.19,40
KVL-01,2026-01-26,16,1,21.05,26
KVL-01,2026-01-26,18,1,30.85,43
KVL-01,2026-01-26,19,1,5.74,55
KVL-01,2026-01-27,16,1,35.4,51
KVL-01,2026-01-27,17,1,25.04,32
KVL-01,2026-01-27,22,1,20.59,25
KVL-01,2026-01-28,5,1,25.05,45
KVL-01,2026-01-28,6,1,20.87,35
KVL-01,2026-01-28,12,2,41.23,54
KVL-01,2026-01-28,13,1,22.39,30
KVL-01,2026-01-28,14,2,44.9,67
KVL-01,2026-01-28,17,1,28.72,40
KVL-01,2026-01-28,18,1,25.61,37
KVL-01,2026-01-28,20,1,36.35,51
KVL-01,2026-01-29,8,1,5.42,52
KVL-01,2026-01-29,9,1,25.0,33
KVL-01,2026-01-29,11,1,24.71,38
KVL-01,2026-01-29,12,1,36.63,45
KVL-01,2026-01-29,13,1,21.18,38
KVL-01,2026-01-29,18,1,16.99,20
KVL-01,2026-01-29,19,1,30.93,47
KVL-01,2026-01-29,20,1,17.33,25
KVL-01,2026-01-30,7,1,22.04,28
KVL-01,2026-01-30,8,1,31.63,42
KVL-01,2026-01-30,11,1,28.05,35
KVL-01,2026-01-30,12,1,31.64,44
KVL-01,2026-01-30,13,1,34.81,49
KVL-01,2026-01-30,17,1,14.35,18
KVL-01,2026-01-30,18,1,3.23,69
KVL-01,2026-01-30,22,1,14.41,18
KVL-01,2026-01-31,7,1,9.96,95
KVL-01,2026-01-31,15,1,20.05,31
KVL-01,2026-01-31,16,2,44.06,61
KVL-01,2026-01-31,20,1,18.28,25
KVL-01,2026-01-31,23,1,35.79,44
KVL-01,2026-02-01,1,1,32.11,49
KVL-01,2026-02-01,7,1,31.55,38
KVL-01,2026-02-01,8,1,28.68,40
KVL-01,2026-02-01,9,1,8.35,80
KVL-01,2026-02-01,10,1,21.48,37
KVL-01,2026-02-01,11,2,54.78,74
KVL-01,2026-02-01,13,1,36.48,55
KVL-01,2026-02-01,14,1,35.4,59
KVL-01,2026-02-01,16,1,27.77,37
KVL-01,2026-02-01,17,1,14.22,23
KVL-01,2026-02-01,18,2,33.28,48
KVL-01,2026-02-01,19,2,52.21,74
KVL-01,2026-02-02,3,1,27.23,33
KVL-01,2026-02-02,7,1,28.35,33
KVL-01,2026-02-02,8,1,19.58,24
KVL-01,2026-02-02,9,2,59.2,82
KVL-01,2026-02-02,11,1,14.45,19
KVL-01,2026-02-02,13,1,17.77,23
KVL-01,2026-02-02,14,1,25.21,34
KVL-01,2026-02-02,17,1,14.55,22
KVL-01,2026-02-02,18,2,34.34,93
KVL-01,2026-02-03,7,1,15.72,23
KVL-01,2026-02-03,8,1,31.58,48
KVL-01,2026-02-03,14,1,33.48,47
KVL-01,2026-02-03,17,2,50.14,77
KVL-01,2026-02-03,18,1,31.42,37
KVL-01,2026-02-03,20,1,27.87,42
KVL-01,2026-02-04,5,1,1.66,36
KVL-01,2026-02-04,8,1,35.11,61
KVL-01,2026-02-04,9,1,28.67,38
KVL-01,2026-02-04,16,2,50.8,70
KVL-01,2026-02-04,17,1,5.4,52
KVL-01,2026-02-04,18,1,9.04,86
KVL-01,2026-02-05,6,1,25.19,40
KVL-01,2026-02-05,9,1,19.39,31
KVL-01,2026-02-05,12,1,20.46,28
KVL-01,2026-02-05,13,1,6.0,57
KVL-01,2026-02-05,17,1,16.63,22
KVL-01,2026-02-05,18,1,6.67,64
KVL-01,2026-02-05,20,1,19.92,27
KVL-01,2026-02-05,21,1,30.07,42
KVL-01,2026-02-05,23,1,26.4,35
KVL-01,2026-02-06,6,1,24.91,33
KVL-01,2026-02-06,9,1,24.23,39
KVL-01,2026-02-06,11,1,23.68,36
KVL-01,2026-02-06,12,1,21.68,36
KVL-01,2026-02-06,14,1,22.46,35
KVL-01,2026-02-06,15,2,42.43,64
KVL-01,2026-02-06,17,1,29.78,41
KVL-01,2026-02-06,18,1,31.45,39
KVL-01,2026-02-07,2,1,37.15,45
KVL-01,2026-02-07,6,1,26.31,33
KVL-01,2026-02-07,7,1,16.7,20
KVL-01,2026-02-07,11,1,27.99,42
KVL-01,2026-02-07,12,1,9.11,87
KVL-01,2026-02-07,14,1,35.66,64
KVL-01,2026-02-07,15,1,33.42,54
KVL-01,2026-02-07,17,2,39.02,56
KVL-01,2026-02-07,18,1,8.0,76
KVL-01,2026-02-07,20,2,34.32,43
KVL-01,2026-02-08,4,2,22.9,86
KVL-01,2026-02-08,6,1,14.3,25
KVL-01,2026-02-08,7,1,21.97,31
KVL-01,2026-02-08,9,1,3.2,68
KVL-01,2026-02-08,10,1,37.43,46
KVL-01,2026-02-08,11,1,18.14,22
KVL-01,2026-02-08,12,1,25.07,32
KVL-01,2026-02-08,13,2,26.58,106
KVL-01,2026-02-08,15,2,34.7,47
KVL-01,2026-02-08,17,2,44.72,75
KVL-01,2026-02-08,19,1,14.9,24
KVL-01,2026-02-09,4,1,35.31,51
KVL-01,2026-02-09,7,1,22.72,31
KVL-01,2026-02-09,9,1,29.04,46
KVL-01,2026-02-09,10,2,36.79,58
KVL-01,2026-02-09,11,1,8.96,85
KVL-01,2026-02-09,14,1,9.31,89
KVL-01,2026-02-09,17,2,53.74,75
KVL-01,2026-02-09,19,1,8.62,82
KVL-01,2026-02-09,20,1,19.73,31
KVL-01,2026-02-09,21,1,15.71,21
KVL-01,2026-02-09,22,1,30.73,51
KVL-01,2026-02-10,2,1,32.53,40
KVL-01,2026-02-10,8,1,6.23,59
KVL-01,2026-02-10,9,1,2.54,54
KVL-01,2026-02-10,10,1,33.36,58
KVL-01,2026-02-10,11,1,16.53,24
KVL-01,2026-02-10,12,1,22.89,39
KVL-01,2026-02-10,14,1,24.44,35
KVL-01,2026-02-10,15,1,17.66,28
KVL-01,2026-02-10,17,1,24.42,43
KVL-01,2026-02-10,18,1,6.25,60
KVL-01,2026-02-10,22,1,26.06,31
KVL-01,2026-02-11,9,2,53.33,66
KVL-01,2026-02-11,11,1,16.91,28
KVL-01,2026-02-11,12,1,22.11,37
KVL-01,2026-02-11,14,1,22.57,40
KVL-01,2026-02-11,16,1,7.68,73
KVL-01,2026-02-11,17,1,17.52,24
KVL-01,2026-02-11,19,1,17.57,21
KVL-01,2026-02-11,20,2,31.88,46
KVL-01,2026-02-12,4,1,36.04,45
KVL-01,2026-02-12,7,1,35.95,55
KVL-01,2026-02-12,9,1,34.76,41
KVL-01,2026-02-12,10,1,35.14,61
KVL-01,2026-02-12,12,1,28.52,40
KVL-01,2026-02-12,13,1,36.14,47
KVL-01,2026-02-12,15,1,5.56,53
KVL-01,2026-02-12,20,1,17.57,31
KVL-01,2026-02-13,1,1,28.54,48
KVL-01,2026-02-13,5,1,33.09,47
KVL-01,2026-02-13,6,1,8.7,83
KVL-01,2026-02-13,8,1,17.3,22
KVL-01,2026-02-13,10,2,30.15,50
KVL-01,2026-02-13,11,1,26.72,37
KVL-01,2026-02-13,12,1,6.28,60
KVL-01,2026-02-13,13,2,34.76,104
KVL-01,2026-02-13,18,1,37.04,56
KVL-01,2026-02-13,21,1,35.45,57
KVL-01,2026-02-14,3,1,27.32,44
KVL-01,2026-02-14,6,2,42.06,68
KVL-01,2026-02-14,7,1,17.33,27
KVL-01,2026-02-14,8,1,21.52,28
KVL-01,2026-02-14,9,1,25.22,35
KVL-01,2026-02-14,11,1,28.22,36
KVL-01,2026-02-14,12,1,30.48,45
KVL-01,2026-02-14,17,1,28.64,39
KVL-01,2026-02-14,20,1,9.5,91
KVL-01,2026-02-14,22,1,28.14,42
KVL-01,2026-02-15,7,1,21.45,28
KVL-01,2026-02-15,8,1,23.83,43
KVL-01,2026-02-15,9,1,17.14,27
KVL-01,2026-02-15,11,1,21.5,29
KVL-01,2026-02-15,12,1,30.31,38
KVL-01,2026-02-15,16,1,37.02,48
KVL-01,2026-02-15,17,1,29.56,50
KVL-01,2026-02-15,18,1,6.85,65
KVL-01,2026-02-15,19,1,22.91,31
KVL-01,2026-02-15,20,1,30.66,52
KVL-01,2026-02-16,6,1,18.48,29
KVL-01,2026-02-16,7,1,25.53,33
KVL-01,2026-02-16,8,1,25.11,32
KVL-01,2026-02-16,9,1,19.29,27
KVL-01,2026-02-16,10,1,32.71,50
KVL-01,2026-02-16,12,1,20.49,28
KVL-01,2026-02-16,14,1,17.44,22
KVL-01,2026-02-16,16,1,27.95,41
KVL-01,2026-02-16,17,1,16.88,22
KVL-01,2026-02-16,18,1,35.0,47
KVL-01,2026-02-16,19,1,27.19,46
KVL-01,2026-02-17,2,1,23.99,32
KVL-01,2026-02-17,5,1,20.05,34
KVL-01,2026-02-17,12,1,23.81,42
KVL-01,2026-02-17,14,1,18.08,27
KVL-01,2026-02-17,15,1,22.65,27
KVL-01,2026-02-18,5,1,33.52,42
KVL-01,2026-02-18,6,1,33.11,54
KVL-01,2026-02-18,7,1,37.08,48
KVL-01,2026-02-18,11,2,40.34,61
KVL-01,2026-02-18,12,1,15.88,22
KVL-01,2026-02-18,15,1,34.21,57
KVL-01,2026-02-18,18,1,16.37,26
KVL-01,2026-02-18,19,1,22.03,27
KVL-01,2026-02-19,6,1,5.25,50
KVL-01,2026-02-19,8,1,23.21,31
KVL-01,2026-02-19,10,1,9.15,87
KVL-01,2026-02-19,13,2,33.47,52
KVL-01,2026-02-19,14,1,16.29,19
KVL-01,2026-02-19,15,1,14.31,23
KVL-01,2026-02-19,16,1,31.95,50
KVL-01,2026-02-19,17,1,26.29,37
KVL-01,2026-02-19,18,1,33.51,44
KVL-01,2026-02-19,19,1,32.85,42
KVL-01,2026-02-19,20,1,33.87,43
KVL-01,2026-02-19,22,1,31.51,54
KVL-01,2026-02-19,23,1,1.98,42
KVL-01,2026-02-20,11,1,24.6,32
KVL-01,2026-02-20,12,1,3.33,71
KVL-01,2026-02-20,16,1,25.43,41
KVL-01,2026-02-20,19,1,37.8,60
KVL-01,2026-02-21,8,2,53.31,79
KVL-01,2026-02-21,10,1,14.28,24
KVL-01,2026-02-21,14,1,20.85,31
KVL-01,2026-02-21,17,1,20.25,25
KVL-01,2026-02-21,18,1,6.12,58
KVL-01,2026-02-21,19,1,6.42,61
KVL-01,2026-02-21,20,1,29.38,40
KVL-01,2026-02-22,3,1,28.98,52
KVL-01,2026-02-22,5,1,16.97,22
KVL-01,2026-02-22,11,1,2.38,51
KVL-01,2026-02-22,16,2,58.43,94
KVL-01,2026-02-22,18,1,15.33,26
KVL-01,2026-02-22,19,1,26.37,38
KVL-01,2026-02-22,20,1,30.24,49
KVL-01,2026-02-23,6,2,54.04,73
KVL-01,2026-02-23,7,1,32.03,51
KVL-01,2026-02-23,12,2,39.32,49
KVL-01,2026-02-23,13,1,14.25,23
KVL-01,2026-02-23,15,1,26.06,41
KVL-01,2026-02-23,16,1,17.91,21
KVL-01,2026-02-23,17,1,33.92,53
KVL-01,2026-02-23,18,2,43.59,58
KVL-01,2026-02-24,11,2,31.58,47
KVL-01,2026-02-24,14,1,29.34,41
KVL-01,2026-02-24,15,1,25.45,38
KVL-01,2026-02-24,16,1,22.88,32
KVL-01,2026-02-25,6,1,19.82,31
KVL-01,2026-02-25,7,1,16.68,25
KVL-01,2026-02-25,8,2,56.03,74
KVL-01,2026-02-25,12,1,23.18,37
KVL-01,2026-02-25,15,1,21.64,36
KVL-01,2026-02-25,17,1,37.83,50
KVL-01,2026-02-26,2,1,30.88,41
KVL-01,2026-02-26,4,1,29.42,40
KVL-01,2026-02-26,8,1,25.59,35
KVL-01,2026-02-26,9,2,47.34,60
KVL-01,2026-02-26,12,1,21.84,34
KVL-01,2026-02-26,13,1,20.08,26
KVL-01,2026-02-26,14,2,52.16,78
KVL-01,2026-02-26,17,1,31.67,45
KVL-01,2026-02-26,21,1,16.02,28
KVL-01,2026-02-26,22,1,31.0,44
KVL-01,2026-02-27,2,1,24.22,30
KVL-01,2026-02-27,9,1,9.83,94
KVL-01,2026-02-27,12,1,36.91,47
KVL-01,2026-02-27,13,1,29.17,35
KVL-01,2026-02-27,15,1,34.71,53
KVL-01,2026-02-27,17,1,16.11,29
KVL-01,2026-02-27,18,1,7.96,76
KVL-01,2026-02-27,19,1,1.95,42
KVL-01,2026-02-27,20,1,31.41,40
KVL-01,2026-02-28,2,1,36.41,61
KVL-01,2026-02-28,4,1,19.58,34
KVL-01,2026-02-28,7,1,19.35,33
KVL-01,2026-02-28,8,1,29.68,48
KVL-01,2026-02-28,12,2,41.26,61
KVL-01,2026-02-28,13,1,34.09,59
KVL-01,2026-02-28,14,1,25.38,34
KVL-01,2026-02-28,16,1,33.51,41
KVL-01,2026-02-28,18,1,35.58,50
KVL-01,2026-02-28,19,1,14.06,22
KVL-01,2026-02-28,20,1,27.62,37
KVL-01,2026-02-28,21,1,2.03,43
KVL-01,2026-02-28,22,1,6.32,60
KVL-01,2026-02-28,23,1,22.68,34
KVL-01,2026-03-01,5,1,35.84,45
KVL-01,2026-03-01,6,1,35.89,49
KVL-01,2026-03-01,7,2,50.21,73
KVL-01,2026-03-01,8,1,32.38,52
KVL-01,2026-03-01,9,1,30.71,37
KVL-01,2026-03-01,10,1,34.72,42
KVL-01,2026-03-01,11,1,30.69,39
KVL-01,2026-03-01,13,1,33.59,54
KVL-01,2026-03-01,15,1,18.13,23
KVL-01,2026-03-01,16,1,26.05,34
KVL-01,2026-03-01,17,2,35.69,50
KVL-01,2026-03-01,19,1,21.79,30
KVL-01,2026-03-01,20,1,5.25,50
KVL-01,2026-03-01,21,1,23.68,29
KVL-01,2026-03-02,14,2,54.03,86
KVL-01,2026-03-02,16,1,36.8,60
KVL-01,2026-03-02,17,1,26.64,35
KVL-01,2026-03-02,18,1,35.66,55
KVL-01,2026-03-02,19,1,22.44,31
KVL-01,2026-03-02,23,2,36.94,58
KVL-01,2026-03-03,5,1,29.69,52
KVL-01,2026-03-03,6,1,20.97,27
KVL-01,2026-03-03,7,1,22.66,30
KVL-01,2026-03-03,9,1,35.5,57
KVL-01,2026-03-03,11,1,19.53,34
KVL-01,2026-03-03,12,2,55.4,79
KVL-01,2026-03-03,14,1,23.09,28
KVL-01,2026-03-03,16,1,36.07,46
KVL-01,2026-03-03,17,1,16.73,23
KVL-01,2026-03-03,20,1,31.82,51
KVL-01,2026-03-04,8,1,19.19,30
KVL-01,2026-03-04,9,1,35.41,53
KVL-01,2026-03-04,10,1,31.19,38
KVL-01,2026-03-04,11,1,19.94,27
KVL-01,2026-03-04,12,2,35.72,100
KVL-01,2026-03-04,15,1,36.79,47
KVL-01,2026-03-04,18,1,29.83,54
KVL-01,2026-03-04,19,1,19.75,25
KVL-01,2026-03-04,21,1,35.33,45
KVL-01,2026-03-05,10,2,52.97,66
KVL-01,2026-03-05,11,1,34.74,55
KVL-01,2026-03-05,12,1,33.42,45
KVL-01,2026-03-05,13,1,27.09,44
KVL-01,2026-03-05,15,1,23.16,35
KVL-01,2026-03-05,16,1,23.23,32
KVL-01,2026-03-05,19,1,6.1,58
KVL-01,2026-03-05,20,1,23.04,40
KVL-01,2026-03-05,21,2,40.31,53
KVL-01,2026-03-06,2,1,20.22,34
KVL-01,2026-03-06,6,1,22.95,36
KVL-01,2026-03-06,8,1,22.87,30
KVL-01,2026-03-06,10,2,45.1,71
KVL-01,2026-03-06,11,1,25.72,41
KVL-01,2026-03-06,13,1,37.37,53
KVL-01,2026-03-06,15,2,50.18,81
KVL-01,2026-03-06,16,1,24.72,36
KVL-01,2026-03-06,17,1,26.91,48
KVL-01,2026-03-06,18,1,23.38,28
KVL-01,2026-03-06,19,1,35.39,54
KVL-01,2026-03-07,5,1,1.9,41
KVL-01,2026-03-07,10,1,15.12,18
KVL-01,2026-03-07,11,2,26.99,92
KVL-01,2026-03-07,14,1,23.16,28
KVL-01,2026-03-07,16,1,21.18,31
KVL-01,2026-03-07,17,1,22.27,34
KVL-01,2026-03-07,18,1,18.53,27
KVL-01,2026-03-07,19,1,17.37,23
KVL-01,2026-03-07,21,1,7.48,71
KVL-01,2026-03-08,7,1,27.1,32
KVL-01,2026-03-08,9,1,34.14,56
KVL-01,2026-03-08,10,1,33.72,46
KVL-01,2026-03-08,11,1,15.82,21
KVL-01,2026-03-08,12,2,56.78,87
KVL-01,2026-03-08,13,1,22.36,32
KVL-01,2026-03-08,15,1,28.38,43
KVL-01,2026-03-08,16,1,28.71,44
KVL-01,2026-03-08,17,1,29.84,44
KVL-01,2026-03-08,18,1,18.19,22
KVL-01,2026-03-08,19,1,27.48,40
KVL-01,2026-03-08,20,1,20.86,35
KVL-01,2026-03-08,22,1,8.95,85
KVL-01,2026-03-09,7,1,31.34,38
KVL-01,2026-03-09,9,1,26.2,38
KVL-01,2026-03-09,11,1,35.05,42
KVL-01,2026-03-09,13,1,24.09,37
KVL-01,2026-03-09,14,1,8.27,79
KVL-01,2026-03-09,16,1,15.52,27
KVL-01,2026-03-10,1,1,19.54,33
KVL-01,2026-03-10,8,1,21.16,31
KVL-01,2026-03-10,15,1,22.33,27
KVL-01,2026-03-10,16,1,6.56,63
KVL-01,2026-03-10,18,1,33.65,53
KVL-01,2026-03-10,19,1,30.84,38
KVL-01,2026-03-11,1,1,14.31,17
KVL-01,2026-03-11,7,1,27.38,32
KVL-01,2026-03-11,11,1,27.05,41
KVL-01,2026-03-11,12,1,8.53,81
KVL-01,2026-03-11,13,1,36.49,60
KVL-01,2026-03-11,16,1,36.57,46
KVL-01,2026-03-11,17,1,32.95,41
KVL-01,2026-03-11,18,1,29.66,39
KVL-01,2026-03-11,22,1,20.33,30
KVL-01,2026-03-12,7,1,37.97,54
KVL-01,2026-03-12,8,2,37.18,55
KVL-01,2026-03-12,11,1,32.29,40
KVL-01,2026-03-12,12,1,22.99,32
KVL-01,2026-03-12,13,1,26.21,35
KVL-01,2026-03-12,14,2,64.39,82
KVL-01,2026-03-12,15,1,34.55,60
KVL-01,2026-03-12,16,1,16.62,28
KVL-01,2026-03-12,17,1,31.37,44
KVL-01,2026-03-12,18,1,20.36,25
KVL-01,2026-03-12,19,1,7.4,71
KVL-01,2026-03-12,22,1,27.97,33
KVL-01,2026-03-13,4,1,21.42,38
KVL-01,2026-03-13,6,1,23.43,38
KVL-01,2026-03-13,9,1,14.06,24
KVL-01,2026-03-13,12,1,37.61,60
KVL-01,2026-03-13,15,1,8.43,80
KVL-01,2026-03-13,16,1,16.65,29
KVL-01,2026-03-13,17,1,29.89,52
KVL-01,2026-03-13,18,2,49.88,59
KVL-01,2026-03-14,0,1,2.15,46
KVL-01,2026-03-14,8,2,45.14,64
KVL-01,2026-03-14,9,1,5.03,48
KVL-01,2026-03-14,10,1,1.75,37
KVL-01,2026-03-14,11,1,30.05,39
KVL-01,2026-03-14,12,1,18.98,29
KVL-01,2026-03-14,13,1,5.96,57
KVL-01,2026-03-14,16,1,25.63,33
KVL-01,2026-03-14,17,1,35.48,56
KVL-01,2026-03-14,18,1,9.84,94
KVL-01,2026-03-15,1,1,21.99,31
KVL-01,2026-03-15,5,1,28.15,39
KVL-01,2026-03-15,6,1,27.89,43
KVL-01,2026-03-15,7,1,8.97,86
KVL-01,2026-03-15,8,1,36.16,58
KVL-01,2026-03-15,10,1,27.06,44
KVL-01,2026-03-15,11,1,16.24,23
KVL-01,2026-03-15,12,1,37.59,56
KVL-01,2026-03-15,16,2,60.85,99
KVL-01,2026-03-16,6,1,25.81,37
KVL-01,2026-03-16,7,2,49.41,78
KVL-01,2026-03-16,8,1,36.77,47
KVL-01,2026-03-16,9,1,22.48,37
KVL-01,2026-03-16,13,1,26.62,44
KVL-01,2026-03-16,14,1,16.76,22
KVL-01,2026-03-16,15,1,35.12,58
KVL-01,2026-03-16,16,1,33.36,40
KVL-01,2026-03-17,3,1,24.69,40
KVL-01,2026-03-17,4,1,25.33,30
KVL-01,2026-03-17,5,1,5.09,49
KVL-01,2026-03-17,8,1,31.03,47
KVL-01,2026-03-17,9,1,32.41,46
KVL-01,2026-03-17,11,1,30.35,53
KVL-01,2026-03-17,12,1,35.51,53
KVL-01,2026-03-17,13,1,33.52,40
KVL-01,2026-03-17,15,1,2.91,62
KVL-01,2026-03-17,16,1,24.34,31
KVL-01,2026-03-17,18,1,21.8,26
KVL-01,2026-03-17,19,1,37.04,49
KVL-01,2026-03-18,6,1,17.96,24
KVL-01,2026-03-18,7,1,25.7,38
KVL-01,2026-03-18,11,2,34.37,48
KVL-01,2026-03-18,12,1,14.67,19
KVL-01,2026-03-18,13,1,26.66,33
KVL-01,2026-03-18,14,1,34.71,49
KVL-01,2026-03-18,15,1,31.31,46
KVL-01,2026-03-18,17,1,28.63,43
KVL-01,2026-03-18,18,1,37.83,48
KVL-01,2026-03-19,5,1,25.17,30
KVL-01,2026-03-19,7,1,9.33,89
KVL-01,2026-03-19,12,1,22.45,27
KVL-01,2026-03-19,13,2,45.16,67
KVL-01,2026-03-19,15,1,20.26,36
KVL-01,2026-03-19,16,1,16.52,29
KVL-01,2026-03-19,17,1,37.6,46
KVL-01,2026-03-19,18,1,27.43,42
KVL-01,2026-03-19,19,1,24.25,29
KVL-01,2026-03-19,23,1,34.89,54
KVL-01,2026-03-20,4,1,7.29,70
KVL-01,2026-03-20,6,2,48.92,69
KVL-01,2026-03-20,7,1,14.76,25
KVL-01,2026-03-20,11,1,21.7,26
KVL-01,2026-03-20,12,1,29.36,40
KVL-01,2026-03-20,13,1,9.02,86
KVL-01,2026-03-20,14,1,22.99,41
KVL-01,2026-03-20,17,1,31.54,56
KVL-01,2026-03-20,23,1,21.76,31
KVL-01,2026-03-21,2,1,23.85,28
KVL-01,2026-03-21,5,1,17.24,25
KVL-01,2026-03-21,8,1,19.62,28
KVL-01,2026-03-21,9,1,24.77,44
KVL-01,2026-03-21,12,1,5.74,55
KVL-01,2026-03-21,13,1,24.31,44
KVL-01,2026-03-21,15,2,62.31,80
KVL-01,2026-03-21,16,1,18.58,23
KVL-01,2026-03-21,18,1,9.7,93
KVL-01,2026-03-21,23,1,20.15,35
KVL-01,2026-03-22,10,1,7.28,69
KVL-01,2026-03-22,14,2,53.93,70
KVL-01,2026-03-22,15,1,5.27,50
KVL-01,2026-03-22,17,1,19.19,25
KVL-01,2026-03-22,20,1,37.12,62
KVL-01,2026-03-23,8,1,25.53,38
KVL-01,2026-03-23,10,1,17.27,24
KVL-01,2026-03-23,11,2,57.8,89
KVL-01,2026-03-23,17,1,27.42,43
KVL-01,2026-03-24,1,1,15.22,18
KVL-01,2026-03-24,7,1,32.75,43
KVL-01,2026-03-24,8,1,20.17,35
KVL-01,2026-03-24,11,1,33.75,48
KVL-01,2026-03-24,13,1,24.06,38
KVL-01,2026-03-24,14,2,39.13,53
KVL-01,2026-03-24,15,1,20.69,32
KVL-01,2026-03-24,16,1,29.86,37
KVL-01,2026-03-24,17,1,6.1,58
KVL-01,2026-03-24,18,1,22.48,32
KVL-01,2026-03-24,21,1,37.02,46
KVL-01,2026-03-25,4,1,19.81,34
KVL-01,2026-03-25,7,1,24.02,36
KVL-01,2026-03-25,8,1,36.08,62
KVL-01,2026-03-25,10,1,20.59,29
KVL-01,2026-03-25,13,1,16.33,22
KVL-01,2026-03-25,14,1,22.47,31
KVL-01,2026-03-25,15,1,19.57,34
KVL-01,2026-03-25,16,1,33.23,52
KVL-01,2026-03-25,17,2,26.1,102
KVL-01,2026-03-25,19,1,14.84,26
KVL-01,2026-03-25,22,1,31.4,41
KVL-01,2026-03-26,0,1,3.0,64
KVL-01,2026-03-26,5,1,14.19,25
KVL-01,2026-03-26,6,1,28.17,35
KVL-01,2026-03-26,7,1,6.74,64
KVL-01,2026-03-26,11,1,36.95,60
KVL-01,2026-03-26,12,1,16.45,23
KVL-01,2026-03-26,14,1,31.97,43
KVL-01,2026-03-26,16,1,19.68,24
KVL-01,2026-03-26,17,1,32.57,57
KVL-01,2026-03-26,19,1,6.13,58
KVL-01,2026-03-27,11,1,26.95,38
KVL-01,2026-03-27,12,1,33.56,42
KVL-01,2026-03-27,14,1,6.84,65
KVL-01,2026-03-27,20,1,36.98,67
KVL-01,2026-03-28,8,1,21.02,36
KVL-01,2026-03-28,9,1,1.82,39
KVL-01,2026-03-28,10,1,30.32,54
KVL-01,2026-03-28,13,1,29.17,50
KVL-01,2026-03-28,14,1,35.6,54
KVL-01,2026-03-28,15,1,32.26,45
KVL-01,2026-03-28,17,1,27.11,38
KVL-01,2026-03-28,19,1,24.6,34
KVL-01,2026-03-28,21,1,24.62,35
KVL-01,2026-03-29,9,1,25.58,33
KVL-01,2026-03-29,11,1,31.37,55
KVL-01,2026-03-29,12,1,33.22,48
KVL-01,2026-03-29,16,1,23.97,29
KVL-01,2026-03-29,18,1,35.46,56
KVL-01,2026-03-29,19,1,22.57,28
KVL-01,2026-03-29,21,1,26.85,36
KVL-01,2026-03-29,22,1,22.24,26
KVL-01,2026-03-29,23,1,19.02,27
KVL-01,2026-03-30,5,1,30.76,38
KVL-01,2026-03-30,7,1,26.23,42
KVL-01,2026-03-30,8,1,33.16,46
KVL-01,2026-03-30,9,2,47.47,69
KVL-01,2026-03-30,10,1,23.16,36
KVL-01,2026-03-30,11,2,65.12,86
KVL-01,2026-03-30,15,1,36.58,54
KVL-01,2026-03-30,17,1,19.98,33
KVL-01,2026-03-30,18,1,37.23,58
KVL-01,2026-03-30,19,1,5.73,55
KVL-01,2026-03-31,8,1,3.31,71
KVL-01,2026-03-31,9,1,25.6,33
KVL-01,2026-03-31,10,1,2.22,47
KVL-01,2026-03-31,11,1,20.55,35
KVL-01,2026-03-31,12,1,15.58,23
KVL-01,2026-03-31,13,1,8.24,79
KVL-01,2026-03-31,16,1,31.9,41
KVL-01,2026-03-31,17,1,18.48,32
KVL-01,2026-03-31,21,1,22.93,28
KVL-01,2026-04-01,0,1,2.32,50
KVL-01,2026-04-01,5,1,16.49,26
KVL-01,2026-04-01,6,1,21.14,37
KVL-01,2026-04-01,8,1,36.28,47
KVL-01,2026-04-01,10,1,30.21,50
KVL-01,2026-04-01,11,1,30.57,55
KVL-01,2026-04-01,12,1,17.02,26
KVL-01,2026-04-01,13,1,14.69,19
KVL-01,2026-04-01,16,1,19.19,28
KVL-01,2026-04-01,18,1,37.84,48
KVL-01,2026-04-01,19,1,29.14,42
KVL-01,2026-04-01,20,1,29.17,38
KVL-01,2026-04-02,7,1,23.18,35
KVL-01,2026-04-02,9,1,24.37,29
KVL-01,2026-04-02,11,1,9.98,95
KVL-01,2026-04-02,14,1,34.3,44
KVL-01,2026-04-02,16,1,5.85,56
KVL-01,2026-04-02,18,1,23.43,42
KVL-01,2026-04-02,19,1,14.69,19
KVL-01,2026-04-02,23,1,33.02,46
KVL-01,2026-04-03,8,1,28.41,51
KVL-01,2026-04-03,10,1,31.94,43
KVL-01,2026-04-03,11,2,45.27,70
KVL-01,2026-04-03,13,1,9.05,86
KVL-01,2026-04-03,14,1,28.28,39
KVL-01,2026-04-03,16,1,17.03,29
KVL-01,2026-04-03,17,1,17.99,23
KVL-01,2026-04-03,18,1,25.27,38
KVL-01,2026-04-03,20,1,25.08,40
KVL-01,2026-04-03,21,1,15.07,22
KVL-01,2026-04-04,5,1,20.42,36
KVL-01,2026-04-04,7,1,22.07,28
KVL-01,2026-04-04,8,1,36.02,45
KVL-01,2026-04-04,9,2,52.62,69
KVL-01,2026-04-04,11,1,31.62,45
KVL-01,2026-04-04,12,1,22.67,29
KVL-01,2026-04-04,13,1,36.35,48
KVL-01,2026-04-04,14,1,24.3,35
KVL-01,2026-04-04,15,2,59.26,87
KVL-01,2026-04-04,19,1,24.68,42
KVL-01,2026-04-04,21,1,24.68,31
KVL-01,2026-04-05,6,1,16.09,25
KVL-01,2026-04-05,9,1,35.81,47
KVL-01,2026-04-05,10,2,52.64,70
KVL-01,2026-04-05,11,1,34.73,42
KVL-01,2026-04-05,15,2,36.96,59
KVL-01,2026-04-05,17,1,27.55,34
KVL-01,2026-04-05,18,1,29.87,42
KVL-01,2026-04-05,21,1,35.97,43
KVL-01,2026-04-06,8,1,27.72,37
KVL-01,2026-04-06,9,1,26.68,40
KVL-01,2026-04-06,10,1,34.43,46
KVL-01,2026-04-06,13,1,2.25,48
KVL-01,2026-04-06,21,1,29.38,45
KVL-01,2026-04-07,0,1,31.06,49
KVL-01,2026-04-07,2,1,37.12,50
KVL-01,2026-04-07,3,1,19.56,26
KVL-01,2026-04-07,5,1,37.55,58
KVL-01,2026-04-07,6,1,20.01,31
KVL-01,2026-04-07,7,1,32.53,59
KVL-01,2026-04-07,11,1,2.78,59
KVL-01,2026-04-07,12,1,25.19,41
KVL-01,2026-04-08,3,1,27.38,46
KVL-01,2026-04-08,8,1,6.0,57
KVL-01,2026-04-08,11,1,16.84,22
KVL-01,2026-04-08,13,1,21.31,27
KVL-01,2026-04-08,14,1,31.52,55
KVL-01,2026-04-08,15,1,34.13,53
KVL-01,2026-04-08,18,1,20.48,25
KVL-01,2026-04-08,19,1,34.84,57
KVL-01,2026-04-08,20,1,36.55,51
KVL-01,2026-04-08,22,1,21.63,28
KVL-01,2026-04-09,0,1,32.41,39
KVL-01,2026-04-09,5,1,29.12,45
KVL-01,2026-04-09,10,1,9.35,89
KVL-01,2026-04-09,12,1,33.98,41
KVL-01,2026-04-09,16,1,31.09,40
KVL-01,2026-04-09,18,1,33.72,47
KVL-01,2026-04-09,19,1,25.87,32
KVL-01,2026-04-09,20,1,23.71,37
KVL-01,2026-04-10,0,1,34.0,56
KVL-01,2026-04-10,1,1,24.14,30
KVL-01,2026-04-10,5,1,5.09,49
KVL-01,2026-04-10,7,1,6.2,59
KVL-01,2026-04-10,8,1,29.57,47
KVL-01,2026-04-10,9,1,14.52,22
KVL-01,2026-04-10,10,2,52.03,75
KVL-01,2026-04-10,12,1,8.64,82
KVL-01,2026-04-10,13,1,34.89,50
KVL-01,2026-04-10,18,1,17.66,28
KVL-01,2026-04-10,19,1,35.22,42
KVL-01,2026-04-10,20,2,53.82,84
KVL-01,2026-04-10,22,1,37.27,52
KVL-01,2026-04-11,0,1,26.74,46
KVL-01,2026-04-11,3,1,18.29,24
KVL-01,2026-04-11,4,1,30.55,40
KVL-01,2026-04-11,5,1,14.72,23
KVL-01,2026-04-11,7,1,30.73,43
KVL-01,2026-04-11,9,2,45.21,61
KVL-01,2026-04-11,15,1,33.69,49
KVL-01,2026-04-11,17,1,7.55,72
KVL-01,2026-04-11,20,1,26.73,36
KVL-01,2026-04-12,16,1,9.66,92
KVL-01,2026-04-12,18,1,24.5,44
KVL-01,2026-04-12,19,1,19.95,25
KVL-01,2026-04-12,20,1,25.31,37
KVL-01,2026-04-12,22,1,20.22,33
KVL-01,2026-04-12,23,1,33.75,58
KVL-01,2026-04-13,7,1,14.9,24
KVL-01,2026-04-13,12,1,22.02,37
KVL-01,2026-04-13,13,2,35.9,51
KVL-01,2026-04-13,14,1,6.18,59
KVL-01,2026-04-13,16,1,28.43,36
KVL-01,2026-04-13,17,2,38.87,50
KVL-01,2026-04-13,20,1,24.01,32
KVL-01,2026-04-14,2,1,34.86,43
KVL-01,2026-04-14,6,1,24.99,44
KVL-01,2026-04-14,8,1,31.04,49
KVL-01,2026-04-14,9,1,28.55,45
KVL-01,2026-04-14,10,2,37.85,56
KVL-01,2026-04-14,11,1,32.4,53
KVL-01,2026-04-14,12,2,56.77,78
KVL-01,2026-04-14,16,1,22.55,35
KVL-01,2026-04-14,17,1,32.82,46
KVL-01,2026-04-14,18,1,25.98,43
KVL-01,2026-04-15,10,1,30.47,55
KVL-01,2026-04-15,12,2,39.35,68
KVL-01,2026-04-15,18,2,34.81,53
KVL-01,2026-04-15,19,1,27.23,35
KVL-01,2026-04-15,20,1,37.37,62
KVL-01,2026-04-15,21,1,20.25,35
KVL-01,2026-04-16,3,1,31.88,57
KVL-01,2026-04-16,6,1,32.78,50
KVL-01,2026-04-16,7,1,22.12,37
KVL-01,2026-04-16,9,1,22.27,27
KVL-01,2026-04-16,10,2,31.94,45
KVL-01,2026-04-16,14,1,36.6,54
KVL-01,2026-04-16,16,1,30.11,54
KVL-01,2026-04-16,17,1,15.8,19
KVL-01,2026-04-16,18,2,52.38,72
KVL-01,2026-04-16,21,1,31.32,50
KVL-01,2026-04-17,7,1,32.28,49
KVL-01,2026-04-17,8,1,19.02,25
KVL-01,2026-04-17,9,1,20.4,28
KVL-01,2026-04-17,11,1,28.52,38
KVL-01,2026-04-17,12,1,15.98,23
KVL-01,2026-04-17,14,1,31.33,37
KVL-01,2026-04-17,16,2,63.08,83
KVL-01,2026-04-17,20,1,15.64,24
KVL-01,2026-04-17,22,1,33.13,59
KVL-01,2026-04-17,23,1,16.55,25
KVL-01,2026-04-18,5,1,26.14,41
KVL-01,2026-04-18,7,1,15.07,27
KVL-01,2026-04-18,8,1,8.73,83
KVL-01,2026-04-18,10,1,6.65,63
KVL-01,2026-04-18,12,1,21.46,32
KVL-01,2026-04-18,13,1,18.99,24
KVL-01,2026-04-18,15,2,36.35,51
KVL-01,2026-04-18,17,1,2.65,57
KVL-01,2026-04-18,18,1,18.74,24
KVL-01,2026-04-18,19,1,20.72,29
KVL-01,2026-04-19,6,1,16.91,21
KVL-01,2026-04-19,9,2,37.49,51
KVL-01,2026-04-19,10,1,1.81,39
KVL-01,2026-04-19,12,1,24.49,31
KVL-01,2026-04-19,15,1,24.63,33
KVL-01,2026-04-19,16,1,5.73,55
KVL-01,2026-04-19,17,1,15.07,23
KVL-01,2026-04-19,23,1,9.51,91
KVL-01,2026-04-20,0,1,37.56,57
KVL-01,2026-04-20,3,1,29.07,43
KVL-01,2026-04-20,6,1,23.87,39
KVL-01,2026-04-20,8,1,34.42,53
KVL-01,2026-04-20,9,2,63.48,88
KVL-01,2026-04-20,16,1,7.81,74
KVL-01,2026-04-21,6,1,8.33,79
KVL-01,2026-04-21,7,1,31.15,54
KVL-01,2026-04-21,9,1,37.54,62
KVL-01,2026-04-21,10,1,25.8,34
KVL-01,2026-04-21,11,1,20.07,29
KVL-01,2026-04-21,12,1,6.34,60
KVL-01,2026-04-21,14,1,36.74,58
KVL-01,2026-04-21,18,1,15.91,25
KVL-01,2026-04-21,20,1,17.41,21
KVL-01,2026-04-21,21,1,24.1,32
KVL-01,2026-04-22,1,1,36.13,45
KVL-01,2026-04-22,5,1,15.93,24
KVL-01,2026-04-22,12,1,34.01,49
KVL-01,2026-04-22,14,1,29.06,40
KVL-01,2026-04-22,15,1,21.94,39
KVL-01,2026-04-22,17,1,33.69,56
KVL-01,2026-04-22,18,1,32.85,44
KVL-01,2026-04-23,7,1,7.44,71
KVL-01,2026-04-23,11,1,37.7,55
KVL-01,2026-04-23,14,1,16.57,21
KVL-01,2026-04-23,16,1,18.58,24
KVL-01,2026-04-23,17,1,20.13,30
KVL-01,2026-04-23,20,2,39.81,61
KVL-01,2026-04-24,5,1,16.49,24
KVL-01,2026-04-24,6,1,30.28,47
KVL-01,2026-04-24,8,1,14.87,18
KVL-01,2026-04-24,9,1,28.75,51
KVL-01,2026-04-24,11,1,14.2,19
KVL-01,2026-04-24,12,1,34.15,41
KVL-01,2026-04-24,13,1,21.53,34
KVL-01,2026-04-24,15,1,33.04,40
KVL-01,2026-04-24,18,1,8.75,83
KVL-01,2026-04-24,23,1,33.54,43
KVL-01,2026-04-25,2,1,32.81,54
KVL-01,2026-04-25,6,1,37.89,50
KVL-01,2026-04-25,7,1,29.99,52
KVL-01,2026-04-25,8,1,2.58,55
KVL-01,2026-04-25,11,2,46.57,67
KVL-01,2026-04-25,13,1,29.69,36
KVL-01,2026-04-25,15,1,5.4,52
KVL-01,2026-04-25,21,1,36.8,51
KVL-01,2026-04-25,23,1,35.19,53
KVL-01,2026-04-26,3,1,35.91,43
KVL-01,2026-04-26,5,1,1.76,38
KVL-01,2026-04-26,7,2,38.58,66
KVL-01,2026-04-26,9,2,37.21,56
KVL-01,2026-04-26,12,1,28.01,41
KVL-01,2026-04-26,13,1,36.87,61
KVL-01,2026-04-26,15,1,31.79,44
KVL-01,2026-04-26,16,2,65.64,100
KVL-01,2026-04-26,19,1,34.94,56
KVL-01,2026-04-26,20,1,28.64,40
KVL-01,2026-04-27,3,1,30.45,38
KVL-01,2026-04-27,4,1,36.05,46
KVL-01,2026-04-27,9,1,17.44,22
KVL-01,2026-04-27,10,1,35.64,45
KVL-01,2026-04-27,11,1,28.6,37
KVL-01,2026-04-27,12,1,14.07,19
KVL-01,2026-04-27,13,2,45.1,123
KVL-01,2026-04-27,15,1,24.45,34
KVL-01,2026-04-27,17,1,35.87,48
KVL-01,2026-04-27,18,1,17.07,26
KVL-01,2026-04-27,19,1,21.13,30
KVL-01,2026-04-27,20,1,20.72,25
KVL-01,2026-04-27,23,1,16.94,20
KVL-01,2026-04-28,2,1,16.34,21
KVL-01,2026-04-28,6,1,7.24,69
KVL-01,2026-04-28,8,1,27.01,33
KVL-01,2026-04-28,12,1,37.45,52
KVL-01,2026-04-28,13,1,9.59,91
KVL-01,2026-04-28,16,1,22.99,28
KVL-01,2026-04-28,19,1,26.13,33
KVL-01,2026-04-29,5,1,22.45,30
KVL-01,2026-04-29,6,1,36.95,49
KVL-01,2026-04-29,11,1,2.72,58
KVL-01,2026-04-29,14,1,28.07,38
KVL-01,2026-04-29,15,2,42.11,57
KVL-01,2026-04-29,16,1,20.94,28
KVL-01,2026-04-29,18,1,23.85,33
KVL-01,2026-04-29,20,1,8.61,82
KVL-01,2026-04-29,21,1,21.17,32
KVL-01,2026-04-30,5,1,33.7,48
KVL-01,2026-04-30,6,1,36.83,59
KVL-01,2026-04-30,8,1,34.69,43
KVL-01,2026-04-30,10,1,17.52,22
KVL-01,2026-04-30,16,1,23.9,41
KVL-01,2026-04-30,18,1,37.07,49
KVL-01,2026-04-30,19,1,30.38,38
KVL-01,2026-04-30,20,1,17.74,27
KVL-01,2026-05-01,8,1,5.27,50
KVL-01,2026-05-01,9,2,43.22,101
KVL-01,2026-05-01,11,1,6.31,60
KVL-01,2026-05-01,14,1,22.69,28
KVL-01,2026-05-01,16,1,27.14,37
KVL-01,2026-05-01,17,1,5.07,48
KVL-01,2026-05-01,19,1,22.11,28
KVL-01,2026-05-01,21,1,24.45,30
KVL-01,2026-05-01,22,1,30.85,47
KVL-01,2026-05-02,5,1,29.66,35
KVL-01,2026-05-02,8,1,20.56,31
KVL-01,2026-05-02,9,1,17.9,32
KVL-01,2026-05-02,10,1,15.66,21
KVL-01,2026-05-02,11,1,20.64,28
KVL-01,2026-05-02,12,1,23.58,28
KVL-01,2026-05-02,13,2,40.94,68
KVL-01,2026-05-02,15,1,35.23,47
KVL-01,2026-05-02,16,1,27.62,35
KVL-01,2026-05-02,17,1,28.4,34
KVL-01,2026-05-02,19,1,25.22,34
KVL-01,2026-05-02,22,1,29.06,49
KVL-01,2026-05-03,6,1,30.07,50
KVL-01,2026-05-03,7,1,36.42,59
KVL-01,2026-05-03,8,1,29.57,48
KVL-01,2026-05-03,16,1,27.65,45
KVL-01,2026-05-03,17,1,37.33,49
KVL-01,2026-05-03,18,1,14.16,22
KVL-01,2026-05-04,1,1,37.89,53
KVL-01,2026-05-04,6,1,25.52,42
KVL-01,2026-05-04,7,1,30.11,39
KVL-01,2026-05-04,8,1,6.54,62
KVL-01,2026-05-04,9,1,18.62,22
KVL-01,2026-05-04,10,1,16.95,28
KVL-01,2026-05-04,12,1,14.57,18
KVL-01,2026-05-04,16,1,36.58,53
KVL-01,2026-05-04,17,1,36.77,47
KVL-01,2026-05-05,0,1,14.91,21
KVL-01,2026-05-05,6,2,33.25,53
KVL-01,2026-05-05,7,1,28.07,33
KVL-01,2026-05-05,8,1,28.77,48
KVL-01,2026-05-05,12,1,17.75,28
KVL-01,2026-05-05,14,1,27.94,42
KVL-01,2026-05-05,16,1,36.34,47
KVL-01,2026-05-05,17,1,6.55,62
KVL-01,2026-05-05,18,1,6.31,60
KVL-01,2026-05-05,20,1,27.06,42
KVL-01,2026-05-05,22,1,18.36,26
KVL-01,2026-05-06,4,2,48.25,67
KVL-01,2026-05-06,7,1,31.59,42
KVL-01,2026-05-06,8,1,33.35,47
KVL-01,2026-05-06,9,1,21.07,38
KVL-01,2026-05-06,10,1,29.1,48
KVL-01,2026-05-06,13,1,23.76,28
KVL-01,2026-05-06,17,1,14.15,22
KVL-01,2026-05-06,19,1,18.09,28
KVL-01,2026-05-07,0,1,25.88,32
KVL-01,2026-05-07,5,1,18.48,27
KVL-01,2026-05-07,9,1,17.2,26
KVL-01,2026-05-07,10,1,28.86,43
KVL-01,2026-05-07,11,1,32.98,41
KVL-01,2026-05-07,12,1,9.59,91
KVL-01,2026-05-07,14,1,16.7,26
KVL-01,2026-05-07,15,1,7.24,69
KVL-01,2026-05-07,17,1,33.71,61
KVL-01,2026-05-07,18,1,16.8,28
KVL-01,2026-05-07,19,1,19.93,28
KVL-01,2026-05-08,0,1,9.13,87
KVL-01,2026-05-08,5,1,17.45,22
KVL-01,2026-05-08,6,1,16.47,20
KVL-01,2026-05-08,9,1,20.54,29
KVL-01,2026-05-08,11,3,54.25,69
KVL-01,2026-05-08,12,1,22.39,27
KVL-01,2026-05-08,13,1,31.88,49
KVL-01,2026-05-08,18,1,34.68,56
KVL-01,2026-05-08,20,1,24.29,39
KVL-01,2026-05-09,3,1,25.24,30
KVL-01,2026-05-09,7,1,35.14,52
KVL-01,2026-05-09,8,1,30.34,40
KVL-01,2026-05-09,10,1,20.02,26
KVL-01,2026-05-09,15,1,37.4,48
KVL-01,2026-05-09,16,1,7.32,70
KVL-01,2026-05-10,9,2,38.53,62
KVL-01,2026-05-10,10,1,19.05,23
KVL-01,2026-05-10,11,1,36.64,47
KVL-01,2026-05-10,13,1,29.41,50
KVL-01,2026-05-10,14,1,6.78,65
KVL-01,2026-05-10,15,1,24.47,37
KVL-01,2026-05-10,18,1,37.72,56
KVL-01,2026-05-10,19,1,24.27,43
KVL-01,2026-05-10,20,1,15.4,19
KVL-01,2026-05-10,21,1,20.94,27
KVL-01,2026-05-10,23,1,25.0,31
KVL-01,2026-05-11,8,1,17.09,24
KVL-01,2026-05-11,9,1,18.81,32
KVL-01,2026-05-11,12,1,33.41,60
KVL-01,2026-05-11,15,1,36.36,44
KVL-01,2026-05-11,17,1,24.23,44
KVL-01,2026-05-11,18,2,44.57,63
KVL-01,2026-05-11,19,1,15.79,25
KVL-01,2026-05-12,8,1,34.38,46
KVL-01,2026-05-12,9,1,25.63,36
KVL-01,2026-05-12,13,1,34.45,44
KVL-01,2026-05-12,14,1,34.61,47
KVL-01,2026-05-12,15,2,44.73,58
KVL-01,2026-05-12,18,1,22.45,28
KVL-01,2026-05-12,19,1,18.93,27
KVL-01,2026-05-13,10,1,23.09,27
KVL-01,2026-05-13,11,1,6.69,64
KVL-01,2026-05-13,12,1,6.45,62
KVL-01,2026-05-13,16,1,34.86,62
KVL-01,2026-05-13,17,1,36.12,48
KVL-01,2026-05-13,18,1,16.6,27
KVL-01,2026-05-13,19,2,39.32,55
KVL-01,2026-05-13,20,1,29.12,42
KVL-01,2026-05-13,21,1,29.38,52
KVL-01,2026-05-14,4,1,6.48,62
KVL-01,2026-05-14,5,1,25.24,38
KVL-01,2026-05-14,6,1,35.39,54
KVL-01,2026-05-14,7,1,16.99,23
KVL-01,2026-05-14,8,1,22.13,35
KVL-01,2026-05-14,10,1,21.11,26
KVL-01,2026-05-14,12,2,35.51,45
KVL-01,2026-05-14,13,1,15.45,20
KVL-01,2026-05-14,17,1,27.62,43
KVL-01,2026-05-14,18,1,31.41,41
KVL-01,2026-05-14,19,1,23.18,27
KVL-01,2026-05-14,21,1,37.31,44
KVL-01,2026-05-14,22,1,16.74,27
KVL-01,2026-05-15,4,1,6.46,62
KVL-01,2026-05-15,6,1,8.98,86
KVL-01,2026-05-15,8,1,37.34,52
KVL-01,2026-05-15,9,1,27.31,35
KVL-01,2026-05-15,10,1,35.85,53
KVL-01,2026-05-15,13,1,26.68,34
KVL-01,2026-05-15,17,1,15.29,22
KVL-01,2026-05-15,18,1,25.57,31
KVL-01,2026-05-15,20,1,35.69,47
KVL-01,2026-05-16,7,1,7.53,72
KVL-01,2026-05-16,11,2,49.86,63
KVL-01,2026-05-16,13,2,31.54,52
KVL-01,2026-05-16,14,2,42.15,53
KVL-01,2026-05-16,17,1,24.65,40
KVL-01,2026-05-16,18,1,22.63,34
KVL-01,2026-05-16,20,1,16.1,22
KVL-01,2026-05-16,21,1,26.04,47
KVL-01,2026-05-17,12,1,32.66,56
KVL-01,2026-05-17,15,1,36.33,55
KVL-01,2026-05-17,16,1,17.97,27
KVL-01,2026-05-17,17,1,2.35,50
KVL-01,2026-05-17,19,1,27.27,39
KVL-01,2026-05-17,23,1,36.79,51
KVL-01,2026-05-18,0,1,25.22,40
KVL-01,2026-05-18,6,1,2.41,52
KVL-01,2026-05-18,8,2,29.49,124
KVL-01,2026-05-18,14,1,35.4,50
KVL-01,2026-05-18,16,2,56.76,78
KVL-01,2026-05-18,17,1,28.59,35
KVL-01,2026-05-18,19,2,40.08,58
KVL-01,2026-05-18,20,1,9.48,90
KVL-01,2026-05-19,9,1,23.74,30
KVL-01,2026-05-19,12,1,28.86,40
KVL-01,2026-05-19,13,2,54.52,72
KVL-01,2026-05-19,14,1,36.85,56
KVL-01,2026-05-19,16,1,31.0,50
KVL-01,2026-05-19,17,1,28.95,47
KVL-01,2026-05-19,18,1,23.7,37
KVL-01,2026-05-19,19,1,20.76,27
KVL-01,2026-05-19,20,1,15.13,27
KVL-01,2026-05-20,7,1,18.5,30
KVL-01,2026-05-20,8,1,14.04,19
KVL-01,2026-05-20,10,1,26.19,38
KVL-01,2026-05-20,11,1,16.75,24
KVL-01,2026-05-20,13,1,20.71,34
KVL-01,2026-05-20,14,1,21.87,27
KVL-01,2026-05-20,15,1,24.13,37
KVL-01,2026-05-20,16,1,22.11,35
KVL-01,2026-05-20,18,1,7.64,73
KVL-01,2026-05-20,21,2,42.68,57
KVL-01,2026-05-21,6,1,31.16,52
KVL-01,2026-05-21,7,1,28.16,38
KVL-01,2026-05-21,10,1,18.68,27
KVL-01,2026-05-21,12,1,6.83,65
KVL-01,2026-05-21,13,1,33.74,61
KVL-01,2026-05-21,15,1,27.28,32
KVL-01,2026-05-21,16,1,24.93,31
KVL-01,2026-05-21,17,1,32.85,51
KVL-01,2026-05-21,19,1,22.46,31
KVL-01,2026-05-21,20,1,29.89,36
KVL-01,2026-05-21,22,1,17.24,25
KVL-01,2026-05-22,5,1,28.36,38
KVL-01,2026-05-22,9,1,35.07,63
KVL-01,2026-05-22,12,1,26.17,45
KVL-01,2026-05-22,13,1,14.35,21
KVL-01,2026-05-22,14,1,37.72,50
KVL-01,2026-05-22,19,2,34.08,44
KVL-01,2026-05-22,21,1,37.97,45
KVL-01,2026-05-22,22,1,14.14,19
KVL-01,2026-05-23,1,1,23.0,28
KVL-01,2026-05-23,10,1,23.6,33
KVL-01,2026-05-23,13,1,14.36,23
KVL-01,2026-05-23,14,1,34.29,53
KVL-01,2026-05-23,15,1,26.22,38
KVL-01,2026-05-23,16,1,36.78,49
KVL-01,2026-05-23,17,1,21.15,29
KVL-01,2026-05-23,19,1,24.55,39
KVL-01,2026-05-23,20,1,20.48,26
KVL-01,2026-05-24,6,1,7.76,74
KVL-01,2026-05-24,8,1,37.16,58
KVL-01,2026-05-24,10,1,33.97,59
KVL-01,2026-05-24,11,2,45.83,62
KVL-01,2026-05-24,12,2,40.65,58
KVL-01,2026-05-24,13,1,29.92,47
KVL-01,2026-05-24,16,1,34.0,48
KVL-01,2026-05-24,20,1,27.82,43
KVL-01,2026-05-24,21,1,35.28,55
KVL-01,2026-05-25,6,1,22.92,33
KVL-01,2026-05-25,10,1,36.62,59
KVL-01,2026-05-25,13,2,46.91,63
KVL-01,2026-05-25,15,1,32.87,44
KVL-01,2026-05-25,16,1,37.92,67
KVL-01,2026-05-25,17,1,16.41,29
KVL-01,2026-05-25,18,2,46.29,69
KVL-01,2026-05-26,0,1,23.81,31
KVL-01,2026-05-26,6,1,25.27,38
KVL-01,2026-05-26,8,1,2.81,60
KVL-01,2026-05-26,11,1,37.93,62
KVL-01,2026-05-26,14,1,31.28,47
KVL-01,2026-05-26,15,1,20.14,26
KVL-01,2026-05-26,16,2,53.51,80
KVL-01,2026-05-26,17,1,37.49,55
KVL-01,2026-05-26,19,1,30.23,43
KVL-01,2026-05-26,23,2,64.32,104
KVL-01,2026-05-27,8,1,37.8,46
KVL-01,2026-05-27,9,1,3.49,75
KVL-01,2026-05-27,11,1,24.13,32
KVL-01,2026-05-27,12,2,49.8,67
KVL-01,2026-05-27,13,1,31.39,38
KVL-01,2026-05-27,16,1,9.33,89
KVL-01,2026-05-27,18,1,26.48,41
KVL-01,2026-05-27,22,1,37.79,61
KVL-01,2026-05-27,23,1,14.97,25
KVL-01,2026-05-28,5,1,14.19,19
KVL-01,2026-05-28,11,1,18.29,32
KVL-01,2026-05-28,14,2,47.81,73
KVL-01,2026-05-28,15,1,21.72,26
KVL-01,2026-05-28,16,1,25.97,41
KVL-01,2026-05-28,17,1,29.91,36
KVL-01,2026-05-28,19,1,32.36,53
KVL-01,2026-05-29,4,1,37.11,55
KVL-01,2026-05-29,8,1,33.28,54
KVL-01,2026-05-29,9,1,5.25,50
KVL-01,2026-05-29,13,2,58.0,79
KVL-01,2026-05-29,16,1,32.32,45
KVL-01,2026-05-29,18,1,18.58,27
KVL-01,2026-05-29,19,1,28.51,45
KVL-01,2026-05-30,2,1,25.93,38
KVL-01,2026-05-30,6,1,2.56,55
KVL-01,2026-05-30,7,1,5.59,53
KVL-01,2026-05-30,10,2,43.26,58
KVL-01,2026-05-30,11,1,19.07,27
KVL-01,2026-05-30,12,1,21.71,39
KVL-01,2026-05-30,13,1,7.43,71
KVL-01,2026-05-30,17,2,35.29,53
KVL-01,2026-05-30,19,1,30.35,40
KVL-01,2026-05-30,20,1,31.27,56
KVL-01,2026-05-30,21,1,26.27,38
KVL-01,2026-05-30,22,1,19.5,28
KVL-01,2026-05-30,23,1,26.81,39
KVL-01,2026-05-31,1,1,32.45,40
KVL-01,2026-05-31,3,1,24.25,35
KVL-01,2026-05-31,4,1,20.03,25
KVL-01,2026-05-31,7,1,32.93,53
KVL-01,2026-05-31,8,1,18.13,26
KVL-01,2026-05-31,9,1,19.38,28
KVL-01,2026-05-31,12,1,16.92,25
KVL-01,2026-05-31,13,2,60.45,83
KVL-01,2026-05-31,16,1,7.97,76
KVL-01,2026-05-31,21,1,20.06,34
KVL-01,2026-05-31,23,1,26.25,40
KVL-01,2026-06-01,7,1,16.33,19
KVL-01,2026-06-01,8,1,15.82,20
KVL-01,2026-06-01,11,1,24.53,40
KVL-01,2026-06-01,12,2,40.68,55
KVL-01,2026-06-01,14,1,35.69,43
KVL-01,2026-06-01,16,1,35.36,45
KVL-01,2026-06-01,17,1,34.44,61
KVL-01,2026-06-01,22,1,33.53,55
KVL-01,2026-06-02,3,1,25.58,32
KVL-01,2026-06-02,5,1,21.21,27
KVL-01,2026-06-02,6,1,14.01,17
KVL-01,2026-06-02,8,1,14.22,17
KVL-01,2026-06-02,9,1,9.93,95
KVL-01,2026-06-02,11,1,15.62,22
KVL-01,2026-06-02,12,1,30.68,38
KVL-01,2026-06-02,13,1,16.56,22
KVL-01,2026-06-02,14,1,17.35,24
KVL-01,2026-06-02,17,1,7.7,73
KVL-01,2026-06-02,19,1,18.91,23
KVL-01,2026-06-02,20,1,18.01,23
KVL-01,2026-06-02,23,1,26.03,39
KVL-01,2026-06-03,0,1,30.86,55
KVL-01,2026-06-03,5,1,30.05,38
KVL-01,2026-06-03,6,2,40.14,68
KVL-01,2026-06-03,7,1,18.93,23
KVL-01,2026-06-03,9,1,25.94,45
KVL-01,2026-06-03,12,2,42.12,65
KVL-01,2026-06-03,14,2,57.52,82
KVL-01,2026-06-03,15,1,22.27,36
KVL-01,2026-06-03,17,1,26.13,31
KVL-01,2026-06-03,22,1,6.36,61
KVL-01,2026-06-04,7,2,44.61,53
KVL-01,2026-06-04,8,2,33.21,43
KVL-01,2026-06-04,9,1,8.96,85
KVL-01,2026-06-04,11,1,34.18,57
KVL-01,2026-06-04,12,1,34.56,48
KVL-01,2026-06-04,14,1,22.24,29
KVL-01,2026-06-04,15,1,32.59,59
KVL-01,2026-06-04,17,2,57.52,73
KVL-01,2026-06-04,22,1,26.33,43
KVL-01,2026-06-05,0,1,32.32,47
KVL-01,2026-06-05,4,1,21.84,31
KVL-01,2026-06-05,7,1,9.27,88
KVL-01,2026-06-05,9,1,8.27,79
KVL-01,2026-06-05,11,1,6.95,66
KVL-01,2026-06-05,13,2,33.3,57
KVL-01,2026-06-05,14,1,16.3,23
KVL-01,2026-06-05,16,1,33.33,40
KVL-01,2026-06-06,3,1,8.22,78
KVL-01,2026-06-06,10,1,29.89,47
KVL-01,2026-06-06,11,1,14.28,22
KVL-01,2026-06-06,13,1,19.07,25
KVL-01,2026-06-06,16,1,27.45,40
KVL-01,2026-06-06,17,1,20.96,29
KVL-01,2026-06-06,18,2,50.47,73
KVL-01,2026-06-06,19,1,31.17,43
KVL-01,2026-06-06,23,1,27.83,38
KVL-01,2026-06-07,6,1,31.24,39
KVL-01,2026-06-07,7,1,30.08,54
KVL-01,2026-06-07,10,2,48.24,78
KVL-01,2026-06-07,12,1,15.85,19
KVL-01,2026-06-07,13,1,26.12,42
KVL-01,2026-06-07,15,1,22.89,36
KVL-01,2026-06-07,16,1,7.67,73
KVL-01,2026-06-07,17,1,22.39,29
KVL-01,2026-06-07,19,1,37.49,45
KVL-01,2026-06-08,7,1,31.74,46
KVL-01,2026-06-08,8,1,25.81,46
KVL-01,2026-06-08,9,1,37.05,48
KVL-01,2026-06-08,10,1,6.64,63
KVL-01,2026-06-08,13,1,31.94,41
KVL-01,2026-06-08,16,1,32.97,50
KVL-01,2026-06-08,17,1,8.09,77
KVL-01,2026-06-08,18,1,18.07,30
KVL-01,2026-06-09,5,1,18.91,29
KVL-01,2026-06-09,6,1,20.78,30
KVL-01,2026-06-09,8,1,36.66,61
KVL-01,2026-06-09,9,1,8.66,83
KVL-01,2026-06-09,10,1,23.7,39
KVL-01,2026-06-09,11,1,32.13,49
KVL-01,2026-06-09,12,1,26.76,40
KVL-01,2026-06-09,13,2,46.66,74
KVL-01,2026-06-09,19,2,47.98,62
KVL-01,2026-06-09,20,1,6.32,60
KVL-01,2026-06-09,23,1,5.65,54
KVL-01,2026-06-10,7,1,37.96,54
KVL-01,2026-06-10,9,1,36.35,62
KVL-01,2026-06-10,10,1,29.72,37
KVL-01,2026-06-10,11,1,22.68,29
KVL-01,2026-06-10,12,1,16.88,25
KVL-01,2026-06-10,13,2,37.93,111
KVL-01,2026-06-10,16,2,27.72,96
KVL-01,2026-06-10,17,1,24.57,36
KVL-01,2026-06-10,19,2,63.01,83
KVL-01,2026-06-10,21,1,21.06,27
KVL-01,2026-06-11,5,1,26.72,42
KVL-01,2026-06-11,6,1,30.09,51
KVL-01,2026-06-11,8,1,23.32,39
KVL-01,2026-06-11,9,2,55.98,83
KVL-01,2026-06-11,11,1,34.54,48
KVL-01,2026-06-11,12,2,34.96,57
KVL-01,2026-06-11,13,1,29.63,39
KVL-01,2026-06-11,15,1,3.1,66
KVL-01,2026-06-11,17,1,31.83,40
KVL-01,2026-06-12,0,1,26.33,37
KVL-01,2026-06-12,5,1,36.82,47
KVL-01,2026-06-12,7,1,35.23,57
KVL-01,2026-06-12,8,1,26.91,49
KVL-01,2026-06-12,9,1,27.4,36
KVL-01,2026-06-12,10,1,30.73,50
KVL-01,2026-06-12,11,1,25.14,36
KVL-01,2026-06-12,13,1,33.8,44
KVL-01,2026-06-12,16,1,22.57,31
KVL-01,2026-06-12,17,1,22.06,26
KVL-01,2026-06-12,20,1,20.24,32
KVL-01,2026-06-12,21,1,25.72,45
KVL-01,2026-06-12,23,1,25.5,33
KVL-01,2026-06-13,3,1,20.24,35
KVL-01,2026-06-13,7,1,30.79,44
KVL-01,2026-06-13,8,1,31.49,45
KVL-01,2026-06-13,9,1,30.63,40
KVL-01,2026-06-13,10,1,22.61,29
KVL-01,2026-06-13,12,1,36.09,58
KVL-01,2026-06-13,13,1,24.52,29
KVL-01,2026-06-13,14,1,17.57,26
KVL-01,2026-06-13,18,1,27.8,33
KVL-01,2026-06-13,21,1,29.08,36
KVL-01,2026-06-13,22,1,27.28,38
KVL-01,2026-06-14,4,1,22.86,34
KVL-01,2026-06-14,8,1,16.65,27
KVL-01,2026-06-14,10,1,37.37,58
KVL-01,2026-06-14,11,2,57.27,88
KVL-01,2026-06-14,13,1,30.89,53
KVL-01,2026-06-14,14,2,53.72,89
KVL-01,2026-06-14,16,1,23.64,30
KVL-01,2026-06-14,17,2,56.03,75
KVL-01,2026-06-14,18,1,32.96,52
KVL-01,2026-06-14,19,1,18.96,33
KVL-01,2026-06-14,20,1,9.01,86
KVL-01,2026-06-14,22,1,27.04,37
KVL-01,2026-06-15,9,1,30.31,44
KVL-01,2026-06-15,10,1,20.53,36
KVL-01,2026-06-15,12,1,35.43,43
KVL-01,2026-06-15,13,1,5.7,54
KVL-01,2026-06-15,15,1,30.16,36
KVL-01,2026-06-15,16,2,49.27,66
KVL-01,2026-06-15,18,1,33.44,45
KVL-01,2026-06-15,20,1,37.49,56
KVL-01,2026-06-16,7,1,14.56,21
KVL-01,2026-06-16,14,1,19.42,23
KVL-01,2026-06-16,15,1,8.19,78
KVL-01,2026-06-16,19,1,33.45,48
KVL-01,2026-06-16,20,1,32.21,44
KVL-01,2026-06-17,4,1,31.23,53
KVL-01,2026-06-17,6,1,22.24,36
KVL-01,2026-06-17,8,1,29.41,50
KVL-01,2026-06-17,10,1,19.36,34
KVL-01,2026-06-17,11,1,19.52,31
KVL-01,2026-06-17,12,1,29.47,45
KVL-01,2026-06-17,13,1,29.46,38
KVL-01,2026-06-17,14,1,31.91,51
KVL-01,2026-06-17,16,1,15.63,24
KVL-01,2026-06-17,18,1,26.5,38
KVL-01,2026-06-17,19,1,6.37,61
KVL-01,2026-06-18,1,1,33.5,43
KVL-01,2026-06-18,6,1,37.5,52
KVL-01,2026-06-18,8,1,24.06,30
KVL-01,2026-06-18,9,2,56.2,77
KVL-01,2026-06-18,13,1,6.83,65
KVL-01,2026-06-18,14,1,26.1,32
KVL-01,2026-06-18,15,1,33.05,56
KVL-01,2026-06-18,22,1,36.7,49
KVL-01,2026-06-18,23,1,26.3,46
KVL-01,2026-06-19,4,2,30.86,45
KVL-01,2026-06-19,7,1,32.41,47
KVL-01,2026-06-19,8,1,30.06,38
KVL-01,2026-06-19,12,1,15.08,23
KVL-01,2026-06-19,13,1,20.66,24
KVL-01,2026-06-19,14,1,35.58,42
KVL-01,2026-06-19,15,1,35.19,56
KVL-01,2026-06-19,16,2,49.34,68
KVL-01,2026-06-19,19,1,6.4,61
KVL-01,2026-06-20,8,1,22.44,35
KVL-01,2026-06-20,9,1,7.23,69
KVL-01,2026-06-20,12,1,29.38,37
KVL-01,2026-06-20,17,1,21.89,35
KVL-01,2026-06-20,18,1,24.16,30
KVL-01,2026-06-20,19,1,24.35,38
KVL-01,2026-06-20,21,1,20.61,30
KVL-01,2026-06-21,5,1,34.12,43
KVL-01,2026-06-21,6,1,37.84,65
KVL-01,2026-06-21,8,2,38.74,65
KVL-01,2026-06-21,9,1,32.29,38
KVL-01,2026-06-21,10,1,37.93,60
KVL-01,2026-06-21,12,1,16.55,20
KVL-01,2026-06-21,14,2,47.69,62
KVL-01,2026-06-21,15,1,36.61,61
KVL-01,2026-06-21,17,1,19.8,35
KVL-01,2026-06-21,19,1,6.83,65
KVL-01,2026-06-21,20,1,16.6,28
KVL-01,2026-06-21,23,1,20.55,25
KVL-01,2026-06-22,0,1,23.79,42
KVL-01,2026-06-22,7,1,24.58,43
KVL-01,2026-06-22,9,1,37.85,45
KVL-01,2026-06-22,10,1,35.69,53
KVL-01,2026-06-22,11,1,37.66,51
KVL-01,2026-06-22,13,1,35.66,55
KVL-01,2026-06-22,14,1,37.63,45
KVL-01,2026-06-22,17,1,9.04,86
KVL-01,2026-06-22,18,1,30.78,55
KVL-01,2026-06-22,21,1,29.81,41
KVL-01,2026-06-22,22,1,29.18,53
KVL-01,2026-06-22,23,1,23.92,32
KVL-01,2026-06-23,3,1,25.2,30
KVL-01,2026-06-23,6,2,40.52,64
KVL-01,2026-06-23,7,1,29.62,50
KVL-01,2026-06-23,9,1,35.31,46
KVL-01,2026-06-23,11,1,17.9,22
KVL-01,2026-06-23,12,1,31.32,43
KVL-01,2026-06-23,13,1,16.1,25
KVL-01,2026-06-23,15,1,32.98,46
KVL-01,2026-06-23,18,1,19.85,26
KVL-01,2026-06-24,6,1,20.12,26
KVL-01,2026-06-24,9,2,32.95,88
KVL-01,2026-06-24,11,1,20.03,26
KVL-01,2026-06-24,12,1,27.41,37
KVL-01,2026-06-24,13,1,33.6,46
KVL-01,2026-06-24,14,1,37.24,54
KVL-01,2026-06-24,17,1,20.77,27
KVL-01,2026-06-24,18,1,17.86,30
KVL-01,2026-06-24,20,1,22.75,30
KVL-01,2026-06-24,21,1,19.89,29
KVL-01,2026-06-25,4,1,9.03,86
KVL-01,2026-06-25,7,1,6.21,59
KVL-01,2026-06-25,8,1,35.23,55
KVL-01,2026-06-25,10,1,19.88,30
KVL-01,2026-06-25,13,1,29.77,45
KVL-01,2026-06-25,14,1,22.95,28
KVL-01,2026-06-25,16,1,21.04,30
KVL-01,2026-06-25,17,1,16.08,28
KVL-01,2026-06-25,18,1,18.03,29
KVL-01,2026-06-25,19,1,33.79,50
KVL-01,2026-06-25,20,1,7.71,74
KVL-01,2026-06-25,22,1,31.29,41
KVL-01,2026-06-25,23,1,32.19,40
KVL-01,2026-06-26,7,1,9.44,90
KVL-01,2026-06-26,10,1,16.05,19
KVL-01,2026-06-26,11,1,26.83,37
KVL-01,2026-06-26,15,1,31.76,56
KVL-01,2026-06-26,18,1,37.66,48
KVL-01,2026-06-26,19,1,31.39,41
KVL-01,2026-06-27,2,1,16.66,23
KVL-01,2026-06-27,9,1,23.52,33
KVL-01,2026-06-27,10,1,7.31,70
KVL-01,2026-06-27,12,1,2.97,64
KVL-01,2026-06-27,14,1,30.36,46
KVL-01,2026-06-27,15,1,23.92,29
KVL-01,2026-06-27,17,1,32.59,46
KVL-01,2026-06-27,18,1,9.71,93
KVL-01,2026-06-27,22,1,29.68,36
KVL-01,2026-06-28,5,1,19.95,24
KVL-01,2026-06-28,7,1,32.32,55
KVL-01,2026-06-28,11,1,30.29,36
KVL-01,2026-06-28,12,1,37.73,46
KVL-01,2026-06-28,15,2,53.15,87
KVL-01,2026-06-28,16,1,9.69,92
KVL-01,2026-06-28,18,1,14.64,23
KVL-01,2026-06-28,19,2,42.17,60
KVL-01,2026-06-28,20,1,19.53,30
KVL-01,2026-06-28,22,1,21.46,30
KVL-01,2026-06-29,0,1,25.59,35
KVL-01,2026-06-29,10,1,34.9,58
KVL-01,2026-06-29,12,1,36.85,62
KVL-01,2026-06-29,14,1,33.67,47
KVL-01,2026-06-29,17,1,3.22,69
KVL-01,2026-06-29,20,1,34.65,45
KVL-01,2026-06-29,21,1,27.81,42
KVL-01,2026-06-29,23,1,29.52,36
KVL-01,2026-06-30,4,1,23.11,29
KVL-01,2026-06-30,6,2,53.76,69
KVL-01,2026-06-30,7,2,33.08,48
KVL-01,2026-06-30,11,1,20.73,35
KVL-01,2026-06-30,12,1,25.53,33
KVL-01,2026-06-30,14,1,31.25,39
KVL-01,2026-06-30,17,1,32.83,58
KVL-01,2026-07-01,0,1,20.05,27
KVL-01,2026-07-01,10,2,43.24,64
KVL-01,2026-07-01,11,1,21.8,35
KVL-01,2026-07-01,15,1,25.15,30
KVL-01,2026-07-01,18,1,17.68,29
KVL-01,2026-07-01,19,1,27.21,39
KVL-01,2026-07-01,20,1,19.24,25
KVL-01,2026-07-01,21,1,7.71,74
KVL-01,2026-07-02,3,1,28.31,43
KVL-01,2026-07-02,8,1,18.69,23
KVL-01,2026-07-02,11,1,28.07,36
KVL-01,2026-07-02,14,1,24.6,30
KVL-01,2026-07-02,16,1,34.18,62
KVL-01,2026-07-03,6,1,33.84,57
KVL-01,2026-07-03,8,1,31.45,39
KVL-01,2026-07-03,9,1,15.24,23
KVL-01,2026-07-03,10,1,22.68,39
KVL-01,2026-07-03,11,1,28.15,42
KVL-01,2026-07-03,14,1,27.23,34
KVL-01,2026-07-03,16,1,35.02,46
KVL-01,2026-07-03,18,1,23.61,38
KVL-01,2026-07-03,20,2,47.29,80
KVL-01,2026-07-04,4,1,36.09,45
KVL-01,2026-07-04,7,1,6.06,58
KVL-01,2026-07-04,8,1,35.89,45
KVL-01,2026-07-04,9,2,39.11,60
KVL-01,2026-07-04,10,1,18.73,26
KVL-01,2026-07-04,12,1,20.47,34
KVL-01,2026-07-04,13,1,14.88,18
KVL-01,2026-07-04,14,1,8.34,80
KVL-01,2026-07-04,16,1,21.73,28
KVL-01,2026-07-04,17,1,28.75,35
KVL-01,2026-07-04,18,1,5.8,55
KVL-01,2026-07-04,19,1,19.57,34
KVL-01,2026-07-04,20,1,31.66,47
KVL-01,2026-07-04,21,1,2.23,48
KVL-01,2026-07-05,2,1,5.32,51
KVL-01,2026-07-05,3,1,27.32,41
KVL-01,2026-07-05,5,1,17.57,27
KVL-01,2026-07-05,10,2,49.72,74
KVL-01,2026-07-05,11,1,35.04,46
KVL-01,2026-07-05,12,1,3.45,74
KVL-01,2026-07-05,13,1,32.99,43
KVL-01,2026-07-05,16,1,19.03,27
KVL-01,2026-07-05,19,1,37.53,50
KVL-01,2026-07-06,5,1,20.79,25
KVL-01,2026-07-06,15,1,37.12,48
KVL-01,2026-07-06,16,1,1.51,32
KVL-01,2026-07-06,17,1,29.63,53
KVL-01,2026-07-06,19,1,24.65,32
KVL-01,2026-07-07,9,1,28.92,36
KVL-01,2026-07-07,10,1,24.65,44
KVL-01,2026-07-07,12,1,20.82,30
KVL-01,2026-07-07,14,1,24.76,31
KVL-01,2026-07-07,16,1,35.76,60
KVL-01,2026-07-07,18,1,35.97,61
KVL-01,2026-07-08,1,1,18.14,24
KVL-01,2026-07-08,6,1,35.2,46
KVL-01,2026-07-08,7,1,34.23,61
KVL-01,2026-07-08,10,1,9.36,89
KVL-01,2026-07-08,12,1,37.98,60
KVL-01,2026-07-08,15,1,32.9,51
KVL-01,2026-07-08,17,1,14.3,18
KVL-01,2026-07-08,18,2,46.51,57
KVL-01,2026-07-08,19,1,1.69,36
KVL-01,2026-07-09,7,1,22.24,39
KVL-01,2026-07-09,10,1,28.65,35
KVL-01,2026-07-09,11,1,35.76,58
KVL-01,2026-07-09,13,1,36.46,43
KVL-01,2026-07-09,14,1,8.94,85
KVL-01,2026-07-09,15,1,17.92,23
KVL-01,2026-07-09,16,1,14.59,19
KVL-01,2026-07-09,17,1,23.26,40
KVL-01,2026-07-09,21,1,18.1,25
KVL-01,2026-07-10,6,1,22.39,37
KVL-01,2026-07-10,8,1,15.15,20
KVL-01,2026-07-10,9,1,17.9,22
KVL-01,2026-07-10,12,1,21.57,31
KVL-01,2026-07-10,15,1,23.3,33
KVL-01,2026-07-10,16,1,28.29,42
KVL-01,2026-07-10,18,1,35.13,58
KVL-01,2026-07-11,8,1,34.08,60
KVL-01,2026-07-11,9,1,32.23,48
KVL-01,2026-07-11,10,1,23.86,37
KVL-01,2026-07-11,13,2,43.58,55
KVL-01,2026-07-11,14,1,20.71,33
KVL-01,2026-07-11,15,1,31.85,49
KVL-01,2026-07-11,16,1,36.07,62
KVL-01,2026-07-11,17,1,28.97,39
KVL-01,2026-07-11,18,2,46.45,68
KVL-01,2026-07-11,19,1,33.38,59
KVL-01,2026-07-12,0,1,21.85,26
KVL-01,2026-07-12,4,1,30.78,37
KVL-01,2026-07-12,7,1,20.13,27
KVL-01,2026-07-12,9,1,24.66,43
KVL-01,2026-07-12,11,1,9.73,93
KVL-01,2026-07-12,13,1,33.64,52
KVL-01,2026-07-12,14,1,30.51,37
KVL-01,2026-07-12,15,1,35.16,53
KVL-01,2026-07-12,17,1,32.73,40
KVL-01,2026-07-13,4,1,34.09,58
KVL-01,2026-07-13,6,1,5.47,52
KVL-01,2026-07-13,7,2,39.42,65
KVL-01,2026-07-13,11,1,17.72,27
KVL-01,2026-07-13,12,1,29.27,43
KVL-01,2026-07-13,14,1,31.09,44
KVL-01,2026-07-13,15,1,17.54,24
KVL-01,2026-07-13,19,1,24.52,31
KVL-01,2026-07-13,20,1,26.31,33
KVL-01,2026-07-14,1,1,35.25,56
KVL-01,2026-07-14,3,1,21.06,27
KVL-01,2026-07-14,6,1,22.99,30
KVL-01,2026-07-14,12,2,47.13,73
KVL-01,2026-07-14,13,1,17.65,26
KVL-01,2026-07-14,15,2,49.77,72
KVL-01,2026-07-14,16,1,9.46,90
KVL-01,2026-07-14,18,1,6.44,61
KVL-01,2026-07-14,21,1,15.06,19
KVL-01,2026-07-15,8,1,14.0,20
KVL-01,2026-07-15,9,1,6.58,63
KVL-01,2026-07-15,12,1,26.31,47
KVL-01,2026-07-15,15,1,23.95,33
KVL-01,2026-07-15,16,1,23.22,33
KVL-01,2026-07-15,17,2,42.4,53
KVL-01,2026-07-15,19,1,32.08,52
KVL-01,2026-07-15,23,1,16.06,19
KVL-01,2026-07-16,5,1,26.6,40
KVL-01,2026-07-16,6,1,20.71,36
KVL-01,2026-07-16,7,1,7.31,70
KVL-01,2026-07-16,8,1,16.87,23
KVL-01,2026-07-16,9,2,54.42,80
KVL-01,2026-07-16,12,1,17.84,23
KVL-01,2026-07-16,19,1,5.34,51
KVL-01,2026-07-16,20,1,30.65,44
KVL-01,2026-07-16,21,1,16.66,25
KVL-01,2026-07-16,23,1,19.67,25
KVL-01,2026-07-17,8,1,30.8,52
KVL-01,2026-07-17,9,1,2.48,53
KVL-01,2026-07-17,10,2,50.66,72
KVL-01,2026-07-17,12,1,24.15,33
KVL-01,2026-07-17,18,1,19.79,34
KVL-01,2026-07-17,20,1,31.08,47
KVL-01,2026-07-18,5,1,34.27,55
KVL-01,2026-07-18,8,2,55.95,77
KVL-01,2026-07-18,9,1,31.41,43
KVL-01,2026-07-18,11,1,22.75,40
KVL-01,2026-07-18,17,1,25.11,32
KVL-01,2026-07-18,18,1,27.29,45
KVL-01,2026-07-18,19,1,28.58,41
KVL-01,2026-07-19,10,1,8.07,77
KVL-01,2026-07-19,11,1,22.65,35
KVL-01,2026-07-19,13,1,36.54,63
KVL-01,2026-07-19,17,1,35.98,43
KVL-01,2026-07-19,18,2,35.31,51
KVL-01,2026-07-19,20,1,35.68,54
KVL-01,2026-07-19,21,1,9.04,86
KVL-01,2026-07-19,23,1,26.59,38
KVL-01,2026-07-20,7,1,16.48,30
KVL-01,2026-07-20,10,1,14.94,21
KVL-01,2026-07-20,15,1,30.47,36
KVL-01,2026-07-20,17,1,30.48,45
KVL-01,2026-07-20,22,1,36.44,66
KVL-01,2026-07-21,7,2,34.94,42
KVL-01,2026-07-21,8,1,19.23,30
KVL-01,2026-07-21,9,1,35.75,43
KVL-01,2026-07-21,11,1,23.42,32
KVL-01,2026-07-21,17,1,7.37,70
KVL-01,2026-07-21,22,1,37.67,47
KVL-01,2026-07-22,7,1,28.38,47
KVL-01,2026-07-22,11,1,37.35,51
KVL-01,2026-07-22,15,1,17.8,26
KVL-01,2026-07-22,16,1,35.49,44
KVL-01,2026-07-22,19,1,36.36,49
KVL-01,2026-07-22,20,1,26.7,39
KVL-01,2026-07-23,0,1,8.81,84
KVL-01,2026-07-23,8,1,32.31,44
KVL-01,2026-07-23,9,1,35.54,49
KVL-01,2026-07-23,10,1,20.18,24
KVL-01,2026-07-23,13,1,23.92,41
KVL-01,2026-07-23,18,1,23.85,34
KVL-01,2026-07-23,19,1,16.08,24
KVL-01,2026-07-23,20,1,22.44,28
KVL-01,2026-07-24,5,1,22.66,27
KVL-01,2026-07-24,10,1,33.04,48
KVL-01,2026-07-24,11,1,24.39,33
KVL-01,2026-07-24,12,1,35.39,57
KVL-01,2026-07-24,13,1,18.05,25
KVL-01,2026-07-24,14,2,42.09,95
KVL-01,2026-07-24,16,1,17.54,22
KVL-01,2026-07-24,17,1,20.71,27
KVL-01,2026-07-24,18,1,18.57,22
KVL-01,2026-07-24,19,1,36.19,58
KVL-01,2026-07-25,7,1,30.72,53
KVL-01,2026-07-25,8,1,36.4,43
KVL-01,2026-07-25,9,2,41.84,63
KVL-01,2026-07-25,10,1,35.04,50
KVL-01,2026-07-25,11,1,17.31,29
KVL-01,2026-07-25,14,2,47.97,59
KVL-01,2026-07-25,15,1,26.36,32
KVL-01,2026-07-25,16,1,5.66,54
KVL-01,2026-07-25,17,1,35.93,46
KVL-01,2026-07-25,18,1,24.69,35
KVL-01,2026-07-25,19,1,7.82,75
KVL-01,2026-07-25,21,1,36.97,47
KVL-01,2026-07-26,8,1,25.84,32
KVL-01,2026-07-26,9,1,16.25,25
KVL-01,2026-07-26,10,1,23.38,28
KVL-01,2026-07-26,12,2,45.82,58
KVL-01,2026-07-26,13,2,36.8,48
KVL-01,2026-07-26,14,1,34.55,45
KVL-01,2026-07-26,16,1,33.42,40
KVL-01,2026-07-26,20,1,17.43,21
KVL-01,2026-07-26,21,1,3.12,67
KVL-01,2026-07-27,0,1,7.86,75
KVL-01,2026-07-27,9,1,8.01,76
KVL-01,2026-07-27,10,1,17.14,26
KVL-01,2026-07-27,11,1,37.49,59
KVL-01,2026-07-27,12,1,22.02,36
KVL-01,2026-07-27,15,1,14.14,22
KVL-01,2026-07-27,17,2,52.48,73
KVL-01,2026-07-27,18,1,25.4,40
KVL-01,2026-07-27,19,1,8.65,83
KVL-01,2026-07-27,21,1,15.09,20
KVL-01,2026-07-28,6,1,32.34,41
KVL-01,2026-07-28,7,1,35.46,48
KVL-01,2026-07-28,11,1,18.7,22
KVL-01,2026-07-28,16,1,23.46,30
KVL-01,2026-07-28,19,1,18.79,26
KVL-01,2026-07-28,20,1,31.36,56
KVL-01,2026-07-29,0,1,28.33,41
KVL-01,2026-07-29,7,1,15.94,23
KVL-01,2026-07-29,8,1,29.58,36
KVL-01,2026-07-29,9,1,16.71,30
KVL-01,2026-07-29,10,2,34.08,97
KVL-01,2026-07-29,13,1,14.16,21
KVL-01,2026-07-29,16,1,25.84,38
KVL-01,2026-07-29,17,1,6.08,58
KVL-01,2026-07-29,18,1,35.08,50
KVL-01,2026-07-29,22,1,34.08,52
KVL-01,2026-07-30,6,2,51.08,71
KVL-01,2026-07-30,7,1,36.64,56
KVL-01,2026-07-30,10,1,34.34,57
KVL-01,2026-07-30,11,1,3.22,69
KVL-01,2026-07-30,13,1,26.09,35
KVL-01,2026-07-30,14,1,32.32,43
KVL-01,2026-07-30,17,1,14.94,27
KVL-01,2026-07-30,18,1,32.4,41
KVL-01,2026-07-31,3,1,29.53,37
KVL-01,2026-07-31,7,1,29.48,36
KVL-01,2026-07-31,8,2,47.24,60
KVL-01,2026-07-31,9,2,45.42,63
KVL-01,2026-07-31,10,1,32.5,49
KVL-01,2026-07-31,13,1,18.48,29
KVL-01,2026-07-31,18,1,21.78,35
KVL-01,2026-08-01,0,1,36.85,60
KVL-01,2026-08-01,6,1,31.07,37
KVL-01,2026-08-01,7,1,23.19,35
KVL-01,2026-08-01,8,1,31.92,38
KVL-01,2026-08-01,9,1,30.34,41
KVL-01,2026-08-01,10,1,16.11,21
KVL-01,2026-08-01,14,2,51.05,80
KVL-01,2026-08-01,15,1,19.35,35
KVL-01,2026-08-01,16,1,35.79,60
KVL-01,2026-08-01,17,2,46.76,70
KVL-01,2026-08-01,18,1,24.45,30
KVL-01,2026-08-01,19,1,23.08,36
KVL-01,2026-08-01,20,1,14.99,18
KVL-01,2026-08-01,21,1,26.39,36
KVL-01,2026-08-02,6,2,50.94,71
KVL-01,2026-08-02,7,2,52.06,84
KVL-01,2026-08-02,10,1,19.18,25
KVL-01,2026-08-02,12,1,35.93,48
KVL-01,2026-08-02,13,1,33.02,51
KVL-01,2026-08-02,15,2,23.63,96
KVL-01,2026-08-02,17,1,31.59,52
KVL-01,2026-08-02,19,2,61.83,86
KVL-01,2026-08-02,21,1,32.19,41
KVL-01,2026-08-02,22,1,19.07,30
KVL-01,2026-08-03,7,1,9.67,92
KVL-01,2026-08-03,11,1,37.26,64
KVL-01,2026-08-03,13,1,17.09,20
KVL-01,2026-08-03,16,1,28.13,41
KVL-01,2026-08-03,18,1,37.79,53
KVL-01,2026-08-03,22,1,14.05,24
KVL-01,2026-08-04,7,1,31.96,41
KVL-01,2026-08-04,11,1,7.04,67
KVL-01,2026-08-04,12,1,33.16,41
KVL-01,2026-08-04,13,1,32.17,44
KVL-01,2026-08-04,17,1,35.9,53
KVL-01,2026-08-04,19,1,19.3,27
KVL-01,2026-08-05,0,1,5.74,55
KVL-01,2026-08-05,1,1,6.43,61
KVL-01,2026-08-05,5,1,19.11,35
KVL-01,2026-08-05,6,1,32.58,53
KVL-01,2026-08-05,9,2,48.5,67
KVL-01,2026-08-05,11,1,32.1,41
KVL-01,2026-08-05,15,1,35.86,47
KVL-01,2026-08-05,18,1,35.88,60
KVL-01,2026-08-05,20,1,26.98,43
KVL-01,2026-08-05,21,1,30.36,39
KVL-01,2026-08-06,6,1,36.01,59
KVL-01,2026-08-06,7,1,23.82,34
KVL-01,2026-08-06,12,1,24.48,41
KVL-01,2026-08-06,13,1,34.8,54
KVL-01,2026-08-06,20,2,17.7,61
KVL-01,2026-08-06,21,1,16.42,22
KVL-01,2026-08-06,22,1,37.57,47
KVL-01,2026-08-07,3,1,35.16,47
KVL-01,2026-08-07,5,1,14.34,17
KVL-01,2026-08-07,10,1,6.7,64
KVL-01,2026-08-07,14,1,21.95,35
KVL-01,2026-08-07,16,1,25.94,45
KVL-01,2026-08-07,17,1,5.56,53
KVL-01,2026-08-07,18,1,31.54,52
KVL-01,2026-08-07,22,1,35.38,51
KVL-01,2026-08-08,5,1,15.73,20
KVL-01,2026-08-08,8,1,9.26,88
KVL-01,2026-08-08,11,1,37.35,58
KVL-01,2026-08-08,13,1,19.93,27
KVL-01,2026-08-08,15,1,28.9,42
KVL-01,2026-08-08,17,2,58.3,94
KVL-01,2026-08-08,20,1,31.34,53
KVL-01,2026-08-08,22,1,34.68,45
KVL-01,2026-08-08,23,1,37.85,68
KVL-01,2026-08-09,0,1,26.41,32
KVL-01,2026-08-09,4,1,16.06,27
KVL-01,2026-08-09,5,1,18.23,22
KVL-01,2026-08-09,7,1,32.06,46
KVL-01,2026-08-09,9,2,39.69,58
KVL-01,2026-08-09,11,1,37.53,45
KVL-01,2026-08-09,13,1,15.25,20
KVL-01,2026-08-09,15,2,35.6,44
KVL-01,2026-08-09,16,1,16.3,22
KVL-01,2026-08-09,17,1,29.11,47
KVL-01,2026-08-09,21,1,16.06,19
KVL-01,2026-08-10,0,1,22.4,34
KVL-01,2026-08-10,5,1,17.79,30
KVL-01,2026-08-10,6,1,22.34,33
KVL-01,2026-08-10,8,2,49.44,75
KVL-01,2026-08-10,13,1,21.1,32
KVL-01,2026-08-10,18,2,63.09,86
KVL-01,2026-08-10,21,2,50.49,66
KVL-01,2026-08-10,22,1,26.13,37
KVL-01,2026-08-11,7,1,26.8,45
KVL-01,2026-08-11,18,1,7.03,67
KVL-01,2026-08-12,2,1,1.86,40
KVL-01,2026-08-12,7,1,28.29,37
KVL-01,2026-08-12,9,1,24.69,42
KVL-01,2026-08-12,10,1,14.18,23
KVL-01,2026-08-12,14,1,15.49,27
KVL-01,2026-08-12,17,1,26.08,40
KVL-01,2026-08-13,5,1,5.39,51
KVL-01,2026-08-13,8,1,28.35,41
KVL-01,2026-08-13,11,1,14.5,19
KVL-01,2026-08-13,12,1,23.1,38
KVL-01,2026-08-13,15,1,29.03,36
KVL-01,2026-08-13,16,2,43.17,54
KVL-01,2026-08-13,17,1,5.62,54
KVL-01,2026-08-13,19,1,5.82,56
KVL-01,2026-08-13,22,1,18.13,22
KVL-01,2026-08-14,4,1,5.83,56
KVL-01,2026-08-14,6,1,15.47,19
KVL-01,2026-08-14,7,1,28.1,37
KVL-01,2026-08-14,8,1,6.05,58
KVL-01,2026-08-14,9,1,23.8,38
KVL-01,2026-08-14,10,1,37.76,48
KVL-01,2026-08-14,11,1,32.9,52
KVL-01,2026-08-14,13,1,26.65,34
KVL-01,2026-08-14,16,1,28.52,37
KVL-01,2026-08-14,17,1,29.96,51
KVL-01,2026-08-14,18,1,19.25,27
KVL-01,2026-08-14,19,1,32.03,52
KVL-01,2026-08-14,20,1,32.27,53
KVL-01,2026-08-14,21,1,24.08,39
KVL-01,2026-08-15,1,1,23.81,42
KVL-01,2026-08-15,2,1,35.49,55
KVL-01,2026-08-15,3,1,36.27,45
KVL-01,2026-08-15,6,1,15.42,24
KVL-01,2026-08-15,9,1,37.32,65
KVL-01,2026-08-15,12,1,15.63,20
KVL-01,2026-08-15,13,1,24.55,38
KVL-01,2026-08-15,14,1,25.46,38
KVL-01,2026-08-15,15,1,9.52,91
KVL-01,2026-08-15,17,1,28.3,36
KVL-01,2026-08-15,18,1,26.53,35
KVL-01,2026-08-15,19,1,22.18,28
KVL-01,2026-08-15,20,1,21.87,37
KVL-01,2026-08-16,8,1,14.31,22
KVL-01,2026-08-16,11,2,39.87,52
KVL-01,2026-08-16,13,1,27.4,48
KVL-01,2026-08-16,15,1,6.63,63
KVL-01,2026-08-16,17,1,28.38,41
KVL-01,2026-08-16,18,1,37.4,45
KVL-01,2026-08-16,20,1,24.01,33
KVL-01,2026-08-17,4,1,19.58,32
KVL-01,2026-08-17,11,2,47.75,62
KVL-01,2026-08-17,12,1,9.81,94
KVL-01,2026-08-17,14,1,24.37,37
KVL-01,2026-08-17,15,1,26.62,45
KVL-01,2026-08-17,18,1,15.0,23
KVL-01,2026-08-17,20,1,26.37,43
KVL-01,2026-08-17,21,1,33.38,45
KVL-01,2026-08-18,6,1,31.87,56
KVL-01,2026-08-18,7,1,17.0,28
KVL-01,2026-08-18,11,1,31.22,40
KVL-01,2026-08-18,16,1,19.7,34
KVL-01,2026-08-18,17,1,35.62,50
KVL-01,2026-08-18,19,1,29.67,54
KVL-01,2026-08-19,1,1,15.77,20
KVL-01,2026-08-19,6,1,34.72,53
KVL-01,2026-08-19,7,1,20.87,28
KVL-01,2026-08-19,9,1,27.97,47
KVL-01,2026-08-19,12,1,25.21,37
KVL-01,2026-08-19,13,1,19.23,35
KVL-01,2026-08-19,17,1,27.62,34
KVL-01,2026-08-19,18,2,42.43,65
KVL-01,2026-08-19,19,1,32.95,53
KVL-01,2026-08-20,7,1,19.4,25
KVL-01,2026-08-20,8,1,1.67,36
KVL-01,2026-08-20,9,1,6.62,63
KVL-01,2026-08-20,14,1,19.74,34
KVL-01,2026-08-20,22,1,18.33,24
KVL-01,2026-08-20,23,1,26.65,43
KVL-01,2026-08-21,5,1,21.89,36
KVL-01,2026-08-21,7,2,51.8,74
KVL-01,2026-08-21,11,2,57.41,83
KVL-01,2026-08-21,12,1,37.67,56
KVL-01,2026-08-21,14,2,59.65,79
KVL-01,2026-08-21,17,1,19.19,35
KVL-01,2026-08-22,5,1,35.08,47
KVL-01,2026-08-22,7,1,30.37,50
KVL-01,2026-08-22,8,1,18.82,28
KVL-01,2026-08-22,12,1,25.46,43
KVL-01,2026-08-22,13,1,19.21,23
KVL-01,2026-08-22,15,1,23.64,38
KVL-01,2026-08-22,16,1,28.42,45
KVL-01,2026-08-22,17,1,28.8,49
KVL-01,2026-08-22,18,1,21.47,36
KVL-01,2026-08-22,19,1,25.98,41
KVL-01,2026-08-22,20,1,33.43,58
KVL-01,2026-08-23,5,1,16.69,27
KVL-01,2026-08-23,6,1,33.04,54
KVL-01,2026-08-23,8,1,19.37,24
KVL-01,2026-08-23,12,1,27.48,35
KVL-01,2026-08-23,14,1,5.29,50
KVL-01,2026-08-23,15,2,49.41,74
KVL-01,2026-08-23,18,1,31.09,41
KVL-01,2026-08-23,22,1,36.88,53
KVL-01,2026-08-24,1,1,9.61,92
KVL-01,2026-08-24,5,1,14.23,25
KVL-01,2026-08-24,6,1,25.77,37
KVL-01,2026-08-24,7,1,36.22,49
KVL-01,2026-08-24,8,1,26.68,33
KVL-01,2026-08-24,9,2,42.79,54
KVL-01,2026-08-24,10,1,28.48,36
KVL-01,2026-08-24,11,2,21.82,85
KVL-01,2026-08-24,15,1,21.23,25
KVL-01,2026-08-24,17,1,26.1,33
KVL-01,2026-08-24,18,1,20.61,35
KVL-01,2026-08-24,20,1,16.04,23
KVL-01,2026-08-24,21,1,32.12,52
KVL-01,2026-08-24,22,1,34.7,50
KVL-01,2026-08-25,8,1,24.33,41
KVL-01,2026-08-25,13,2,40.02,60
KVL-01,2026-08-25,17,1,25.64,33
KVL-01,2026-08-25,19,1,31.97,47
KVL-01,2026-08-25,21,1,37.68,51
KVL-01,2026-08-26,2,1,37.88,57
KVL-01,2026-08-26,7,2,45.53,59
KVL-01,2026-08-26,8,1,37.88,51
KVL-01,2026-08-26,11,2,42.26,50
KVL-01,2026-08-26,12,1,29.44,44
KVL-01,2026-08-26,13,1,37.18,48
KVL-01,2026-08-26,16,1,7.06,67
KVL-01,2026-08-26,17,2,51.17,66
KVL-01,2026-08-27,4,1,19.47,31
KVL-01,2026-08-27,15,1,19.2,24
KVL-01,2026-08-27,17,2,39.68,60
KVL-01,2026-08-27,19,1,29.07,48
KVL-01,2026-08-28,9,1,18.1,25
KVL-01,2026-08-28,11,1,22.37,40
KVL-01,2026-08-28,18,1,22.8,34
KVL-01,2026-08-28,19,1,26.6,38
KVL-01,2026-08-28,20,1,18.23,26
KVL-01,2026-08-29,5,1,37.63,48
KVL-01,2026-08-29,8,1,27.87,46
KVL-01,2026-08-29,9,2,43.41,53
KVL-01,2026-08-29,10,1,35.87,43
KVL-01,2026-08-29,12,1,1.84,39
KVL-01,2026-08-29,14,1,9.23,88
KVL-01,2026-08-29,18,1,35.89,47
KVL-01,2026-08-29,19,1,34.92,61
KVL-01,2026-08-29,21,1,25.42,41
KVL-01,2026-08-30,7,1,9.04,86
KVL-01,2026-08-30,14,1,7.25,69
KVL-01,2026-08-30,16,1,6.94,66
KVL-01,2026-08-30,18,1,7.11,68
KVL-01,2026-08-30,20,1,27.89,39
KVL-01,2026-08-30,23,1,28.07,33
KVL-01,2026-08-31,0,1,30.71,39
KVL-01,2026-08-31,7,1,35.42,50
KVL-01,2026-08-31,11,1,9.1,87
KVL-01,2026-08-31,13,1,18.79,22
KVL-01,2026-08-31,16,2,69.42,109
KVL-01,2026-08-31,18,1,28.84,36
KVL-01,2026-08-31,21,1,33.21,50
KVL-01,2026-09-01,5,1,31.65,56
KVL-01,2026-09-01,9,2,39.01,48
KVL-01,2026-09-01,12,1,25.36,38
KVL-01,2026-09-01,13,1,5.46,52
KVL-01,2026-09-01,15,1,15.21,18
KVL-01,2026-09-01,16,1,21.21,26
KVL-01,2026-09-01,19,1,28.17,44
KVL-01,2026-09-01,22,1,17.38,27
KVL-01,2026-09-02,10,1,32.87,44
KVL-01,2026-09-02,19,1,7.18,68
KVL-01,2026-09-02,21,1,28.11,39
KVL-01,2026-09-02,22,1,30.88,37
KVL-01,2026-09-03,5,1,22.29,38
KVL-01,2026-09-03,6,1,20.23,32
KVL-01,2026-09-03,7,1,36.52,45
KVL-01,2026-09-03,9,1,26.97,38
KVL-01,2026-09-03,10,1,19.67,34
KVL-01,2026-09-03,11,1,37.81,47
KVL-01,2026-09-03,13,1,37.61,52
KVL-01,2026-09-03,14,1,14.13,18
KVL-01,2026-09-03,17,1,18.33,26
KVL-01,2026-09-03,18,2,39.83,61
KVL-01,2026-09-03,19,1,23.16,28
KVL-01,2026-09-03,20,1,29.22,35
KVL-01,2026-09-04,5,1,18.42,24
KVL-01,2026-09-04,8,1,16.41,23
KVL-01,2026-09-04,9,1,28.79,46
KVL-01,2026-09-04,10,1,37.65,51
KVL-01,2026-09-04,12,2,62.75,104
KVL-01,2026-09-04,14,1,19.63,26
KVL-01,2026-09-04,15,1,2.47,53
KVL-01,2026-09-04,16,2,39.93,51
KVL-01,2026-09-04,19,1,37.31,52
KVL-01,2026-09-04,20,1,32.73,57
KVL-01,2026-09-05,1,1,36.8,63
KVL-01,2026-09-05,2,1,36.49,48
KVL-01,2026-09-05,6,1,17.43,25
KVL-01,2026-09-05,7,2,60.81,74
KVL-01,2026-09-05,8,1,26.54,42
KVL-01,2026-09-05,9,1,21.57,28
KVL-01,2026-09-05,10,1,23.69,32
KVL-01,2026-09-05,11,1,25.99,47
KVL-01,2026-09-05,12,2,41.05,61
KVL-01,2026-09-05,13,1,35.73,50
KVL-01,2026-09-05,16,1,25.8,35
KVL-01,2026-09-05,17,1,29.55,45
KVL-01,2026-09-05,22,1,31.88,53
KVL-01,2026-09-06,6,2,40.35,60
KVL-01,2026-09-06,7,1,37.06,54
KVL-01,2026-09-06,9,1,29.54,40
KVL-01,2026-09-06,11,1,26.32,34
KVL-01,2026-09-06,17,1,7.28,69
KVL-01,2026-09-06,18,1,28.74,37
KVL-01,2026-09-06,19,1,34.01,50
KVL-01,2026-09-06,20,2,44.32,68
KVL-01,2026-09-07,5,1,9.23,88
KVL-01,2026-09-07,7,1,17.76,21
KVL-01,2026-09-07,10,1,28.27,43
KVL-01,2026-09-07,13,1,16.68,21
KVL-01,2026-09-07,15,2,50.06,63
KVL-01,2026-09-07,16,1,37.6,51
KVL-01,2026-09-07,17,1,3.04,65
KVL-01,2026-09-07,18,1,26.34,40
KVL-01,2026-09-07,19,1,21.05,25
KVL-01,2026-09-08,9,1,30.4,38
KVL-01,2026-09-08,10,1,20.36,30
KVL-01,2026-09-08,12,2,41.23,54
KVL-01,2026-09-08,13,1,28.5,37
KVL-01,2026-09-08,16,1,36.43,66
KVL-01,2026-09-08,18,1,35.41,43
KVL-01,2026-09-08,21,1,14.21,21
KVL-01,2026-09-09,0,1,25.02,45
KVL-01,2026-09-09,4,1,5.58,53
KVL-01,2026-09-09,5,1,23.35,38
KVL-01,2026-09-09,7,1,30.72,39
KVL-01,2026-09-09,8,1,6.02,57
KVL-01,2026-09-09,9,1,28.47,38
KVL-01,2026-09-09,10,1,2.76,59
KVL-01,2026-09-09,11,1,31.89,48
KVL-01,2026-09-09,12,1,30.68,53
KVL-01,2026-09-09,13,1,9.37,89
KVL-01,2026-09-09,15,1,22.91,29
KVL-01,2026-09-09,21,1,35.31,50
KVL-01,2026-09-09,22,1,35.48,45
KVL-01,2026-09-09,23,1,3.49,75
KVL-01,2026-09-10,8,1,17.98,31
KVL-01,2026-09-10,9,1,21.95,39
KVL-01,2026-09-10,11,1,36.69,59
KVL-01,2026-09-10,14,1,28.24,47
KVL-01,2026-09-10,15,1,27.97,34
KVL-01,2026-09-10,16,1,27.88,43
KVL-01,2026-09-10,19,2,67.75,87
KVL-01,2026-09-10,22,1,31.65,38
KVL-01,2026-09-11,8,1,31.34,42
KVL-01,2026-09-11,9,2,39.96,133
KVL-01,2026-09-11,11,1,32.16,52
KVL-01,2026-09-11,12,1,26.98,39
KVL-01,2026-09-11,13,1,26.95,35
KVL-01,2026-09-11,14,2,46.26,68
KVL-01,2026-09-11,18,1,23.39,40
KVL-01,2026-09-11,19,1,33.73,48
KVL-01,2026-09-11,20,1,19.25,29
KVL-01,2026-09-11,23,1,29.17,36
KVL-01,2026-09-12,0,1,5.29,50
KVL-01,2026-09-12,8,1,5.95,57
KVL-01,2026-09-12,10,1,26.33,45
KVL-01,2026-09-12,11,1,3.2,68
KVL-01,2026-09-12,14,1,30.54,43
KVL-01,2026-09-12,15,2,59.43,86
KVL-01,2026-09-12,17,1,16.71,23
KVL-01,2026-09-12,20,1,35.96,54
KVL-01,2026-09-12,21,1,14.91,21
KVL-01,2026-09-13,8,1,22.7,30
KVL-01,2026-09-13,12,1,28.59,51
KVL-01,2026-09-13,14,1,24.57,39
KVL-01,2026-09-13,15,1,18.67,24
KVL-01,2026-09-13,19,1,24.01,34
KVL-01,2026-09-13,20,1,18.91,27
KVL-01,2026-09-14,6,1,20.21,34
KVL-01,2026-09-14,7,1,32.79,54
KVL-01,2026-09-14,8,1,19.99,25
KVL-01,2026-09-14,9,1,18.18,24
KVL-01,2026-09-14,15,1,37.12,51
KVL-01,2026-09-14,16,1,18.2,25
KVL-01,2026-09-14,17,1,17.69,21
KVL-01,2026-09-14,23,1,21.05,25
KVL-01,2026-09-15,0,1,15.99,26
KVL-01,2026-09-15,7,2,49.81,63
KVL-01,2026-09-15,8,1,21.89,34
KVL-01,2026-09-15,9,2,38.89,64
KVL-01,2026-09-15,10,1,28.6,39
KVL-01,2026-09-15,15,2,62.25,97
KVL-01,2026-09-15,20,1,6.08,58
KVL-01,2026-09-16,2,1,6.86,65
KVL-01,2026-09-16,7,1,24.99,41
KVL-01,2026-09-16,9,1,33.08,59
KVL-01,2026-09-16,12,1,17.5,24
KVL-01,2026-09-16,13,1,31.56,37
KVL-01,2026-09-16,15,1,25.83,32
KVL-01,2026-09-16,17,1,26.37,40
KVL-01,2026-09-16,18,1,16.0,21
KVL-01,2026-09-16,20,1,20.42,30
KVL-01,2026-09-16,21,1,20.61,28
KVL-01,2026-09-17,0,1,25.78,33
KVL-01,2026-09-17,5,1,16.05,22
KVL-01,2026-09-17,8,1,25.11,39
KVL-01,2026-09-17,13,1,5.52,53
KVL-01,2026-09-17,15,1,30.28,38
KVL-01,2026-09-17,16,1,31.61,52
KVL-01,2026-09-17,17,1,37.16,45
KVL-01,2026-09-17,23,1,28.94,36
KVL-01,2026-09-18,4,1,33.62,40
KVL-01,2026-09-18,7,1,33.73,49
KVL-01,2026-09-18,9,1,2.56,55
KVL-01,2026-09-18,10,1,23.77,29
KVL-01,2026-09-18,13,1,21.41,33
KVL-01,2026-09-18,15,1,6.03,58
KVL-01,2026-09-18,18,2,45.43,60
KVL-01,2026-09-18,19,1,31.38,48
KVL-01,2026-09-18,23,1,32.53,39
KVL-01,2026-09-19,0,1,32.29,55
KVL-01,2026-09-19,1,1,37.79,54
KVL-01,2026-09-19,6,1,29.21,37
KVL-01,2026-09-19,7,1,18.56,27
KVL-01,2026-09-19,8,1,21.84,32
KVL-01,2026-09-19,10,1,7.91,75
KVL-01,2026-09-19,11,1,35.36,63
KVL-01,2026-09-19,13,1,22.15,38
KVL-01,2026-09-19,14,1,37.63,66
KVL-01,2026-09-19,15,1,37.46,64
KVL-01,2026-09-19,17,2,34.47,128
KVL-01,2026-09-19,21,1,6.31,60
KVL-01,2026-09-20,5,1,30.68,53
KVL-01,2026-09-20,7,1,26.88,38
KVL-01,2026-09-20,9,1,32.8,52
KVL-01,2026-09-20,10,1,33.03,43
KVL-01,2026-09-20,13,1,15.58,24
KVL-01,2026-09-20,17,1,30.88,56
KVL-01,2026-09-20,18,1,36.95,67
KVL-01,2026-09-21,2,2,28.81,115
KVL-01,2026-09-21,5,1,14.35,25
KVL-01,2026-09-21,6,2,33.5,120
KVL-01,2026-09-21,9,1,29.32,51
KVL-01,2026-09-21,11,2,40.71,137
KVL-01,2026-09-21,14,1,19.65,27
KVL-01,2026-09-21,17,1,28.66,41
KVL-01,2026-09-21,20,1,29.92,45
KVL-01,2026-09-21,22,1,31.57,42
KVL-01,2026-09-22,2,1,35.82,43
KVL-01,2026-09-22,7,1,18.53,30
KVL-01,2026-09-22,11,1,22.81,37
KVL-01,2026-09-22,12,1,19.45,23
KVL-01,2026-09-22,13,1,22.55,36
KVL-01,2026-09-22,18,1,19.39,34
KVL-01,2026-09-22,19,1,34.43,41
KVL-01,2026-09-22,21,1,18.9,28
KVL-01,2026-09-23,6,1,30.87,47
KVL-01,2026-09-23,7,1,37.12,56
KVL-01,2026-09-23,9,1,35.53,43
KVL-01,2026-09-23,11,1,26.18,32
KVL-01,2026-09-23,12,1,8.07,77
KVL-01,2026-09-23,13,1,34.55,62
KVL-01,2026-09-23,15,1,17.22,24
KVL-01,2026-09-23,16,1,31.66,39
KVL-01,2026-09-23,17,1,34.58,50
KVL-01,2026-09-23,19,1,27.98,50
KVL-01,2026-09-23,23,1,30.57,53
KVL-01,2026-09-24,8,1,6.73,64
KVL-01,2026-09-24,11,2,69.7,105
KVL-01,2026-09-24,15,1,25.02,30
KVL-01,2026-09-24,17,1,14.06,21
KVL-01,2026-09-24,18,2,42.24,56
KVL-01,2026-09-24,19,1,21.44,33
KVL-01,2026-09-25,5,1,25.4,31
KVL-01,2026-09-25,7,1,17.62,30
KVL-01,2026-09-25,8,2,52.7,65
KVL-01,2026-09-25,11,1,34.17,52
KVL-01,2026-09-25,13,1,29.92,41
KVL-01,2026-09-25,14,1,9.25,88
KVL-01,2026-09-25,15,1,26.09,39
KVL-01,2026-09-25,22,1,17.95,21
KVL-01,2026-09-25,23,1,26.62,46
KVL-01,2026-09-26,3,1,36.93,67
KVL-01,2026-09-26,5,1,37.73,65
KVL-01,2026-09-26,12,1,6.55,62
KVL-01,2026-09-26,16,1,20.93,34
KVL-01,2026-09-26,17,2,46.27,67
KVL-01,2026-09-26,18,1,8.61,82
KVL-01,2026-09-26,22,1,31.39,47
KVL-01,2026-09-26,23,1,23.53,33
KVL-01,2026-09-27,1,1,3.29,70
KVL-01,2026-09-27,4,1,24.15,35
KVL-01,2026-09-27,7,1,8.17,78
KVL-01,2026-09-27,8,1,33.39,54
KVL-01,2026-09-27,9,1,16.16,19
KVL-01,2026-09-27,10,1,15.28,18
KVL-01,2026-09-27,11,1,7.87,75
KVL-01,2026-09-27,16,2,37.71,58
KVL-01,2026-09-27,17,1,20.27,25
KVL-01,2026-09-27,18,1,24.11,40
KVL-01,2026-09-28,7,1,36.94,48
KVL-01,2026-09-28,10,1,19.16,23
KVL-01,2026-09-28,12,1,21.48,27
KVL-01,2026-09-28,15,1,17.4,28
KVL-01,2026-09-28,17,1,21.21,34
KVL-01,2026-09-28,21,1,26.13,32
KVL-01,2026-09-29,3,1,20.07,33
KVL-01,2026-09-29,5,1,9.39,90
KVL-01,2026-09-29,7,1,25.51,37
KVL-01,2026-09-29,8,1,14.14,18
KVL-01,2026-09-29,9,1,25.0,32
KVL-01,2026-09-29,13,1,29.42,39
KVL-01,2026-09-29,14,1,36.09,53
KVL-01,2026-09-29,17,1,19.7,25
KVL-01,2026-09-29,19,1,29.76,46
KVL-01,2026-09-29,20,1,27.29,47
KVL-01,2026-09-29,21,1,6.75,64
KVL-01,2026-09-29,22,1,35.68,52
KVL-01,2026-09-30,6,1,32.33,53
KVL-01,2026-09-30,11,1,16.32,23
KVL-01,2026-09-30,15,1,30.15,43
KVL-01,2026-09-30,16,2,41.29,56
KVL-02,2025-10-01,7,3,7.74,166
KVL-02,2025-10-01,8,2,28.05,297
KVL-02,2025-10-01,9,1,27.72,264
KVL-02,2025-10-01,13,1,2.16,46
KVL-02,2025-10-01,16,2,18.91,199
KVL-02,2025-10-01,17,1,2.84,61
KVL-02,2025-10-01,18,2,11.96,153
KVL-02,2025-10-01,20,2,36.01,375
KVL-02,2025-10-01,21,1,20.98,200
KVL-02,2025-10-02,4,1,29.75,284
KVL-02,2025-10-02,7,2,7.79,93
KVL-02,2025-10-02,10,2,11.59,147
KVL-02,2025-10-02,11,1,1.9,41
KVL-02,2025-10-02,13,2,20.72,233
KVL-02,2025-10-02,14,1,2.04,44
KVL-02,2025-10-02,15,1,28.68,274
KVL-02,2025-10-02,16,1,1.58,34
KVL-02,2025-10-02,17,1,5.87,56
KVL-02,2025-10-02,18,1,3.46,74
KVL-02,2025-10-02,19,1,8.18,78
KVL-02,2025-10-02,20,1,3.39,73
KVL-02,2025-10-02,21,1,2.9,62
KVL-02,2025-10-02,22,1,17.56,168
KVL-02,2025-10-02,23,1,2.45,52
KVL-02,2025-10-03,2,1,2.71,58
KVL-02,2025-10-03,6,2,11.13,143
KVL-02,2025-10-03,7,2,4.33,93
KVL-02,2025-10-03,8,2,9.54,126
KVL-02,2025-10-03,9,2,7.61,93
KVL-02,2025-10-03,10,2,42.13,401
KVL-02,2025-10-03,12,1,35.13,335
KVL-02,2025-10-03,17,1,6.37,61
KVL-02,2025-10-03,18,2,16.53,183
KVL-02,2025-10-03,19,1,3.25,70
KVL-02,2025-10-03,20,1,2.61,56
KVL-02,2025-10-03,21,1,8.63,82
KVL-02,2025-10-04,2,1,2.6,56
KVL-02,2025-10-04,7,1,8.26,79
KVL-02,2025-10-04,8,2,36.28,346
KVL-02,2025-10-04,11,1,2.35,50
KVL-02,2025-10-04,12,2,40.48,387
KVL-02,2025-10-04,13,1,3.0,64
KVL-02,2025-10-04,16,1,3.29,70
KVL-02,2025-10-04,18,2,17.95,191
KVL-02,2025-10-04,19,1,2.37,51
KVL-02,2025-10-04,20,1,2.8,60
KVL-02,2025-10-04,23,1,1.79,38
KVL-02,2025-10-05,6,2,11.3,143
KVL-02,2025-10-05,7,2,21.05,231
KVL-02,2025-10-05,8,1,3.49,75
KVL-02,2025-10-05,11,1,2.34,50
KVL-02,2025-10-05,12,2,5.42,116
KVL-02,2025-10-05,13,1,25.41,242
KVL-02,2025-10-05,14,1,29.56,282
KVL-02,2025-10-05,17,1,2.78,59
KVL-02,2025-10-05,18,2,16.54,157
KVL-02,2025-10-05,20,2,10.42,137
KVL-02,2025-10-05,21,2,14.4,137
KVL-02,2025-10-05,22,1,1.72,37
KVL-02,2025-10-06,11,1,9.28,89
KVL-02,2025-10-06,13,2,16.09,153
KVL-02,2025-10-06,14,1,2.08,44
KVL-02,2025-10-06,16,2,10.94,139
KVL-02,2025-10-06,17,1,5.37,51
KVL-02,2025-10-06,18,1,1.67,36
KVL-02,2025-10-06,19,2,30.09,323
KVL-02,2025-10-07,5,2,22.14,232
KVL-02,2025-10-07,6,1,2.35,50
KVL-02,2025-10-07,7,1,3.44,74
KVL-02,2025-10-07,10,1,3.22,69
KVL-02,2025-10-07,11,1,3.21,69
KVL-02,2025-10-07,12,1,3.45,74
KVL-02,2025-10-07,13,1,1.56,33
KVL-02,2025-10-07,14,1,2.86,61
KVL-02,2025-10-07,16,2,9.25,123
KVL-02,2025-10-07,17,1,3.21,69
KVL-02,2025-10-07,18,2,5.79,124
KVL-02,2025-10-07,20,2,12.67,156
KVL-02,2025-10-07,22,1,8.57,82
KVL-02,2025-10-08,5,1,2.23,48
KVL-02,2025-10-08,6,2,4.38,94
KVL-02,2025-10-08,7,2,37.69,359
KVL-02,2025-10-08,8,1,1.52,33
KVL-02,2025-10-08,9,1,9.94,95
KVL-02,2025-10-08,12,1,5.36,51
KVL-02,2025-10-08,14,1,6.8,65
KVL-02,2025-10-08,15,1,3.48,74
KVL-02,2025-10-08,18,3,38.17,421
KVL-02,2025-10-08,20,1,2.09,45
KVL-02,2025-10-09,7,1,37.83,361
KVL-02,2025-10-09,8,1,8.72,83
KVL-02,2025-10-09,10,1,23.47,224
KVL-02,2025-10-09,13,1,1.95,42
KVL-02,2025-10-09,14,2,5.4,116
KVL-02,2025-10-09,15,1,2.65,57
KVL-02,2025-10-09,16,2,5.05,108
KVL-02,2025-10-09,19,2,6.24,133
KVL-02,2025-10-10,3,1,33.13,316
KVL-02,2025-10-10,7,1,2.68,57
KVL-02,2025-10-10,8,1,2.14,46
KVL-02,2025-10-10,9,3,10.65,161
KVL-02,2025-10-10,11,1,8.58,82
KVL-02,2025-10-10,12,1,2.06,44
KVL-02,2025-10-10,13,1,1.63,35
KVL-02,2025-10-10,15,1,2.6,56
KVL-02,2025-10-10,16,2,5.68,122
KVL-02,2025-10-10,17,2,19.16,216
KVL-02,2025-10-10,18,1,1.99,43
KVL-02,2025-10-10,19,1,3.05,65
KVL-02,2025-10-10,22,1,1.66,36
KVL-02,2025-10-11,6,2,4.69,100
KVL-02,2025-10-11,7,2,33.7,340
KVL-02,2025-10-11,8,1,2.01,43
KVL-02,2025-10-11,9,1,5.24,50
KVL-02,2025-10-11,10,1,2.7,58
KVL-02,2025-10-11,11,1,36.49,348
KVL-02,2025-10-11,13,1,2.08,44
KVL-02,2025-10-11,14,1,5.51,53
KVL-02,2025-10-11,15,1,1.52,33
KVL-02,2025-10-11,16,1,9.01,86
KVL-02,2025-10-11,17,1,23.76,227
KVL-02,2025-10-11,18,1,1.95,42
KVL-02,2025-10-11,19,1,1.55,33
KVL-02,2025-10-11,21,2,23.22,248
KVL-02,2025-10-12,0,1,2.33,50
KVL-02,2025-10-12,6,1,3.14,67
KVL-02,2025-10-12,7,2,10.8,140
KVL-02,2025-10-12,9,2,5.0,107
KVL-02,2025-10-12,10,3,6.39,137
KVL-02,2025-10-12,12,1,1.93,41
KVL-02,2025-10-12,13,1,30.31,289
KVL-02,2025-10-12,14,1,1.92,41
KVL-02,2025-10-12,16,1,2.65,57
KVL-02,2025-10-12,17,2,11.48,135
KVL-02,2025-10-12,18,1,2.06,44
KVL-02,2025-10-12,19,2,7.73,96
KVL-02,2025-10-12,20,2,4.98,107
KVL-02,2025-10-12,21,1,2.59,55
KVL-02,2025-10-12,23,1,2.1,45
KVL-02,2025-10-13,6,1,2.57,55
KVL-02,2025-10-13,8,2,5.84,125
KVL-02,2025-10-13,9,1,2.03,43
KVL-02,2025-10-13,10,1,7.49,71
KVL-02,2025-10-13,11,1,1.87,40
KVL-02,2025-10-13,12,2,3.54,76
KVL-02,2025-10-13,13,1,2.35,50
KVL-02,2025-10-13,14,2,34.64,371
KVL-02,2025-10-13,15,1,2.29,49
KVL-02,2025-10-13,16,1,2.89,62
KVL-02,2025-10-13,18,2,4.04,86
KVL-02,2025-10-13,19,2,19.13,202
KVL-02,2025-10-13,20,1,1.78,38
KVL-02,2025-10-13,21,2,7.41,94
KVL-02,2025-10-13,22,1,1.94,41
KVL-02,2025-10-14,6,1,28.48,272
KVL-02,2025-10-14,7,2,4.97,106
KVL-02,2025-10-14,8,1,1.84,39
KVL-02,2025-10-14,10,1,26.89,257
KVL-02,2025-10-14,11,1,9.14,87
KVL-02,2025-10-14,13,1,2.94,63
KVL-02,2025-10-14,14,1,14.5,138
KVL-02,2025-10-14,16,1,6.7,64
KVL-02,2025-10-14,17,1,2.56,55
KVL-02,2025-10-14,18,3,43.06,428
KVL-02,2025-10-15,5,1,2.1,45
KVL-02,2025-10-15,7,1,1.67,36
KVL-02,2025-10-15,8,1,9.25,88
KVL-02,2025-10-15,11,1,2.95,63
KVL-02,2025-10-15,12,2,5.41,116
KVL-02,2025-10-15,13,1,1.68,36
KVL-02,2025-10-15,14,2,18.95,199
KVL-02,2025-10-15,16,1,2.21,47
KVL-02,2025-10-15,18,1,20.05,191
KVL-02,2025-10-15,19,1,1.64,35
KVL-02,2025-10-16,5,1,1.97,42
KVL-02,2025-10-16,6,1,2.6,56
KVL-02,2025-10-16,8,2,5.13,110
KVL-02,2025-10-16,9,2,5.17,111
KVL-02,2025-10-16,10,2,8.18,97
KVL-02,2025-10-16,13,2,5.62,120
KVL-02,2025-10-16,14,1,1.78,38
KVL-02,2025-10-16,16,1,3.05,65
KVL-02,2025-10-16,17,1,9.03,86
KVL-02,2025-10-16,18,2,8.52,122
KVL-02,2025-10-16,19,1,3.27,70
KVL-02,2025-10-16,20,1,8.31,79
KVL-02,2025-10-16,21,2,9.15,110
KVL-02,2025-10-16,23,1,7.92,76
KVL-02,2025-10-17,5,1,3.25,70
KVL-02,2025-10-17,6,1,1.58,34
KVL-02,2025-10-17,7,1,28.92,276
KVL-02,2025-10-17,8,1,3.36,72
KVL-02,2025-10-17,10,1,35.5,339
KVL-02,2025-10-17,13,1,20.64,197
KVL-02,2025-10-17,16,2,3.96,84
KVL-02,2025-10-17,17,1,2.41,52
KVL-02,2025-10-17,18,2,39.35,409
KVL-02,2025-10-17,19,1,2.99,64
KVL-02,2025-10-17,20,1,2.93,63
KVL-02,2025-10-18,6,1,1.56,33
KVL-02,2025-10-18,7,1,2.21,47
KVL-02,2025-10-18,8,2,32.57,347
KVL-02,2025-10-18,9,1,9.64,92
KVL-02,2025-10-18,11,1,2.39,51
KVL-02,2025-10-18,12,1,2.96,63
KVL-02,2025-10-18,13,2,20.66,218
KVL-02,2025-10-18,14,1,8.69,83
KVL-02,2025-10-18,15,1,3.15,67
KVL-02,2025-10-18,17,2,5.39,115
KVL-02,2025-10-18,18,2,32.69,312
KVL-02,2025-10-18,19,1,5.55,53
KVL-02,2025-10-18,20,1,5.28,50
KVL-02,2025-10-18,21,1,5.71,54
KVL-02,2025-10-19,6,2,37.96,363
KVL-02,2025-10-19,7,1,2.71,58
KVL-02,2025-10-19,9,1,2.52,54
KVL-02,2025-10-19,11,2,16.72,159
KVL-02,2025-10-19,12,1,8.58,82
KVL-02,2025-10-19,13,1,6.5,62
KVL-02,2025-10-19,14,1,2.32,50
KVL-02,2025-10-19,15,2,33.12,338
KVL-02,2025-10-19,16,1,2.55,55
KVL-02,2025-10-19,17,1,6.49,62
KVL-02,2025-10-19,18,1,7.75,74
KVL-02,2025-10-19,20,2,28.55,299
KVL-02,2025-10-19,23,1,2.63,56
KVL-02,2025-10-20,0,1,1.88,40
KVL-02,2025-10-20,6,2,11.65,144
KVL-02,2025-10-20,7,1,31.6,301
KVL-02,2025-10-20,8,1,6.79,65
KVL-02,2025-10-20,9,1,1.69,36
KVL-02,2025-10-20,11,2,9.32,106
KVL-02,2025-10-20,12,2,5.7,122
KVL-02,2025-10-20,15,1,9.9,94
KVL-02,2025-10-20,16,1,2.36,50
KVL-02,2025-10-20,17,1,30.96,295
KVL-02,2025-10-20,18,1,2.36,50
KVL-02,2025-10-20,19,1,3.12,67
KVL-02,2025-10-20,21,1,2.96,63
KVL-02,2025-10-20,22,2,20.02,224
KVL-02,2025-10-21,5,1,2.07,44
KVL-02,2025-10-21,7,2,5.78,124
KVL-02,2025-10-21,8,2,12.45,118
KVL-02,2025-10-21,10,1,19.99,191
KVL-02,2025-10-21,12,1,34.79,332
KVL-02,2025-10-21,13,1,3.48,74
KVL-02,2025-10-21,14,1,1.59,34
KVL-02,2025-10-21,16,1,1.99,43
KVL-02,2025-10-21,17,1,7.33,70
KVL-02,2025-10-21,18,2,12.69,154
KVL-02,2025-10-21,20,1,20.26,193
KVL-02,2025-10-22,6,1,2.95,63
KVL-02,2025-10-22,7,1,2.73,58
KVL-02,2025-10-22,9,1,7.52,72
KVL-02,2025-10-22,10,1,8.79,84
KVL-02,2025-10-22,12,1,2.15,46
KVL-02,2025-10-22,13,2,8.71,116
KVL-02,2025-10-22,16,1,2.31,49
KVL-02,2025-10-22,17,2,9.89,121
KVL-02,2025-10-22,18,1,3.08,66
KVL-02,2025-10-22,19,2,4.06,87
KVL-02,2025-10-22,20,2,11.43,129
KVL-02,2025-10-23,0,1,2.15,46
KVL-02,2025-10-23,5,1,3.46,74
KVL-02,2025-10-23,7,2,5.57,119
KVL-02,2025-10-23,8,1,2.31,49
KVL-02,2025-10-23,9,3,29.42,342
KVL-02,2025-10-23,11,1,6.09,58
KVL-02,2025-10-23,13,1,3.09,66
KVL-02,2025-10-23,14,1,3.49,75
KVL-02,2025-10-23,15,1,33.42,319
KVL-02,2025-10-23,16,1,6.04,58
KVL-02,2025-10-23,17,1,8.73,83
KVL-02,2025-10-23,20,1,2.16,46
KVL-02,2025-10-23,22,2,9.49,128
KVL-02,2025-10-24,6,2,32.72,352
KVL-02,2025-10-24,7,1,3.26,70
KVL-02,2025-10-24,8,1,2.57,55
KVL-02,2025-10-24,10,1,2.03,43
KVL-02,2025-10-24,11,2,4.3,92
KVL-02,2025-10-24,12,2,13.11,125
KVL-02,2025-10-24,13,2,35.6,361
KVL-02,2025-10-24,14,1,36.21,345
KVL-02,2025-10-24,18,1,26.87,256
KVL-02,2025-10-24,20,1,1.79,38
KVL-02,2025-10-24,21,1,24.22,231
KVL-02,2025-10-25,6,2,10.74,130
KVL-02,2025-10-25,7,1,9.1,87
KVL-02,2025-10-25,8,1,1.58,34
KVL-02,2025-10-25,10,2,11.57,142
KVL-02,2025-10-25,12,2,32.1,334
KVL-02,2025-10-25,13,1,2.77,59
KVL-02,2025-10-25,14,1,18.17,173
KVL-02,2025-10-25,16,1,2.44,52
KVL-02,2025-10-25,17,2,41.36,435
KVL-02,2025-10-25,18,1,3.2,68
KVL-02,2025-10-25,19,1,25.93,247
KVL-02,2025-10-25,23,1,2.24,48
KVL-02,2025-10-26,0,1,2.07,44
KVL-02,2025-10-26,6,1,8.07,77
KVL-02,2025-10-26,7,1,3.18,68
KVL-02,2025-10-26,8,3,27.97,291
KVL-02,2025-10-26,10,1,7.55,72
KVL-02,2025-10-26,12,2,4.14,89
KVL-02,2025-10-26,13,1,9.5,91
KVL-02,2025-10-26,15,1,35.67,340
KVL-02,2025-10-26,16,1,3.29,70
KVL-02,2025-10-26,17,1,32.44,309
KVL-02,2025-10-26,21,1,36.73,350
KVL-02,2025-10-26,22,1,27.47,262
KVL-02,2025-10-27,0,1,34.89,333
KVL-02,2025-10-27,2,1,1.57,34
KVL-02,2025-10-27,7,1,3.38,72
KVL-02,2025-10-27,8,1,2.9,62
KVL-02,2025-10-27,9,2,12.78,122
KVL-02,2025-10-27,11,2,5.17,110
KVL-02,2025-10-27,12,2,5.79,124
KVL-02,2025-10-27,13,2,9.01,125
KVL-02,2025-10-27,14,1,6.0,57
KVL-02,2025-10-27,17,2,26.23,250
KVL-02,2025-10-27,18,1,25.63,244
KVL-02,2025-10-27,20,1,3.46,74
KVL-02,2025-10-27,22,1,6.67,64
KVL-02,2025-10-28,0,1,7.09,68
KVL-02,2025-10-28,6,1,6.3,60
KVL-02,2025-10-28,7,1,2.96,63
KVL-02,2025-10-28,8,2,4.6,98
KVL-02,2025-10-28,11,2,12.54,153
KVL-02,2025-10-28,13,2,5.33,114
KVL-02,2025-10-28,14,2,3.97,85
KVL-02,2025-10-28,15,1,2.57,55
KVL-02,2025-10-28,16,1,3.48,74
KVL-02,2025-10-28,17,1,2.14,46
KVL-02,2025-10-28,19,2,12.85,123
KVL-02,2025-10-29,9,3,27.62,317
KVL-02,2025-10-29,11,1,33.43,319
KVL-02,2025-10-29,12,1,1.54,33
KVL-02,2025-10-29,13,1,17.32,165
KVL-02,2025-10-29,16,1,3.03,65
KVL-02,2025-10-29,18,1,5.27,50
KVL-02,2025-10-29,19,1,1.82,39
KVL-02,2025-10-29,20,1,2.16,46
KVL-02,2025-10-29,21,1,2.24,48
KVL-02,2025-10-30,5,1,2.87,61
KVL-02,2025-10-30,8,2,44.89,428
KVL-02,2025-10-30,9,1,7.99,76
KVL-02,2025-10-30,11,1,2.11,45
KVL-02,2025-10-30,12,1,8.94,85
KVL-02,2025-10-30,13,1,2.49,53
KVL-02,2025-10-30,14,2,4.48,96
KVL-02,2025-10-30,15,1,19.8,189
KVL-02,2025-10-30,16,1,8.89,85
KVL-02,2025-10-30,18,1,2.58,55
KVL-02,2025-10-30,19,1,2.36,50
KVL-02,2025-10-30,21,1,2.91,62
KVL-02,2025-10-31,7,1,2.11,45
KVL-02,2025-10-31,8,2,30.73,313
KVL-02,2025-10-31,9,1,1.67,36
KVL-02,2025-10-31,15,1,2.58,55
KVL-02,2025-10-31,16,2,29.06,316
KVL-02,2025-10-31,17,1,5.44,52
KVL-02,2025-10-31,18,1,24.61,235
KVL-02,2025-10-31,21,1,2.05,44
KVL-02,2025-11-01,5,1,2.41,52
KVL-02,2025-11-01,6,2,15.37,146
KVL-02,2025-11-01,7,1,2.44,52
KVL-02,2025-11-01,8,1,28.28,270
KVL-02,2025-11-01,9,1,2.78,59
KVL-02,2025-11-01,10,1,3.17,68
KVL-02,2025-11-01,11,1,1.57,34
KVL-02,2025-11-01,12,1,6.8,65
KVL-02,2025-11-01,13,1,1.69,36
KVL-02,2025-11-01,16,3,20.43,254
KVL-02,2025-11-01,17,1,3.07,66
KVL-02,2025-11-01,18,1,15.06,144
KVL-02,2025-11-01,19,1,6.25,60
KVL-02,2025-11-02,3,2,8.31,110
KVL-02,2025-11-02,7,2,53.27,508
KVL-02,2025-11-02,9,1,3.27,70
KVL-02,2025-11-02,11,1,2.87,61
KVL-02,2025-11-02,12,1,6.34,60
KVL-02,2025-11-02,13,2,30.22,307
KVL-02,2025-11-02,14,1,2.2,47
KVL-02,2025-11-02,15,1,3.4,73
KVL-02,2025-11-02,17,1,2.44,52
KVL-02,2025-11-02,18,2,25.43,242
KVL-02,2025-11-02,20,1,7.11,68
KVL-02,2025-11-02,21,2,9.86,118
KVL-02,2025-11-03,6,2,9.9,113
KVL-02,2025-11-03,7,1,3.05,65
KVL-02,2025-11-03,8,1,1.67,36
KVL-02,2025-11-03,9,2,10.06,123
KVL-02,2025-11-03,10,1,1.62,35
KVL-02,2025-11-03,12,2,8.5,122
KVL-02,2025-11-03,13,1,24.41,233
KVL-02,2025-11-03,14,1,5.55,53
KVL-02,2025-11-03,15,1,5.33,51
KVL-02,2025-11-03,16,1,5.79,55
KVL-02,2025-11-03,17,1,8.88,85
KVL-02,2025-11-03,18,1,36.21,345
KVL-02,2025-11-03,19,1,3.05,65
KVL-02,2025-11-03,20,1,28.09,268
KVL-02,2025-11-04,6,1,2.95,63
KVL-02,2025-11-04,7,2,9.53,130
KVL-02,2025-11-04,8,2,5.44,116
KVL-02,2025-11-04,9,2,17.91,170
KVL-02,2025-11-04,10,2,4.2,90
KVL-02,2025-11-04,12,1,1.57,34
KVL-02,2025-11-04,14,1,9.87,94
KVL-02,2025-11-04,15,2,30.66,330
KVL-02,2025-11-04,16,1,2.17,46
KVL-02,2025-11-04,17,1,3.21,69
KVL-02,2025-11-04,18,1,35.48,338
KVL-02,2025-11-04,20,1,3.2,68
KVL-02,2025-11-04,21,1,2.08,44
KVL-02,2025-11-05,7,2,3.53,76
KVL-02,2025-11-05,8,2,21.38,239
KVL-02,2025-11-05,9,1,33.86,323
KVL-02,2025-11-05,11,1,3.27,70
KVL-02,2025-11-05,13,1,5.36,51
KVL-02,2025-11-05,14,1,9.78,93
KVL-02,2025-11-05,15,1,2.35,50
KVL-02,2025-11-05,17,2,31.13,330
KVL-02,2025-11-05,18,1,2.3,49
KVL-02,2025-11-05,20,2,3.67,78
KVL-02,2025-11-05,21,2,4.65,100
KVL-02,2025-11-06,1,1,3.21,69
KVL-02,2025-11-06,5,2,31.87,338
KVL-02,2025-11-06,6,1,3.41,73
KVL-02,2025-11-06,7,1,2.97,64
KVL-02,2025-11-06,9,3,35.18,354
KVL-02,2025-11-06,10,1,2.54,54
KVL-02,2025-11-06,11,1,3.27,70
KVL-02,2025-11-06,14,1,1.51,32
KVL-02,2025-11-06,15,2,3.79,81
KVL-02,2025-11-06,17,1,3.47,74
KVL-02,2025-11-06,18,2,5.86,125
KVL-02,2025-11-06,19,1,33.0,315
KVL-02,2025-11-06,20,1,8.85,84
KVL-02,2025-11-06,21,1,1.6,34
KVL-02,2025-11-07,6,3,18.95,203
KVL-02,2025-11-07,8,2,12.46,150
KVL-02,2025-11-07,10,2,17.28,184
KVL-02,2025-11-07,11,1,5.06,48
KVL-02,2025-11-07,12,1,2.51,54
KVL-02,2025-11-07,13,1,6.13,58
KVL-02,2025-11-07,15,1,2.19,47
KVL-02,2025-11-07,16,2,17.97,206
KVL-02,2025-11-07,17,1,2.76,59
KVL-02,2025-11-07,18,1,5.94,57
KVL-02,2025-11-07,19,2,16.94,162
KVL-02,2025-11-07,21,1,1.83,39
KVL-02,2025-11-07,22,1,7.05,67
KVL-02,2025-11-08,6,1,2.5,53
KVL-02,2025-11-08,7,2,4.55,98
KVL-02,2025-11-08,8,2,30.95,323
KVL-02,2025-11-08,10,1,2.79,60
KVL-02,2025-11-08,11,1,2.11,45
KVL-02,2025-11-08,12,1,2.36,50
KVL-02,2025-11-08,13,2,5.7,122
KVL-02,2025-11-08,14,2,5.67,122
KVL-02,2025-11-08,15,1,6.5,62
KVL-02,2025-11-08,17,2,5.39,115
KVL-02,2025-11-08,18,2,35.6,339
KVL-02,2025-11-08,20,1,2.78,59
KVL-02,2025-11-08,21,1,2.28,49
KVL-02,2025-11-09,4,1,3.0,64
KVL-02,2025-11-09,6,1,2.54,54
KVL-02,2025-11-09,8,3,6.73,144
KVL-02,2025-11-09,9,1,6.98,67
KVL-02,2025-11-09,15,2,15.6,149
KVL-02,2025-11-09,16,1,9.58,91
KVL-02,2025-11-09,20,2,12.61,153
KVL-02,2025-11-09,21,1,2.1,45
KVL-02,2025-11-09,22,1,1.97,42
KVL-02,2025-11-09,23,1,9.45,90
KVL-02,2025-11-10,5,1,3.39,73
KVL-02,2025-11-10,7,2,12.07,147
KVL-02,2025-11-10,8,2,5.38,115
KVL-02,2025-11-10,9,2,35.8,373
KVL-02,2025-11-10,10,1,2.26,48
KVL-02,2025-11-10,11,1,7.82,75
KVL-02,2025-11-10,12,1,7.29,70
KVL-02,2025-11-10,14,1,2.15,46
KVL-02,2025-11-10,17,2,7.74,105
KVL-02,2025-11-10,18,1,2.16,46
KVL-02,2025-11-10,21,1,3.03,65
KVL-02,2025-11-11,6,2,4.33,92
KVL-02,2025-11-11,7,2,30.34,328
KVL-02,2025-11-11,8,1,8.93,85
KVL-02,2025-11-11,10,1,2.65,57
KVL-02,2025-11-11,11,1,3.02,65
KVL-02,2025-11-11,12,1,2.71,58
KVL-02,2025-11-11,14,1,1.96,42
KVL-02,2025-11-11,16,2,10.53,139
KVL-02,2025-11-11,18,2,3.96,85
KVL-02,2025-11-11,19,3,6.83,146
KVL-02,2025-11-11,21,1,5.48,52
KVL-02,2025-11-12,8,2,11.01,141
KVL-02,2025-11-12,9,2,4.03,86
KVL-02,2025-11-12,10,1,2.47,53
KVL-02,2025-11-12,12,1,3.23,69
KVL-02,2025-11-12,14,1,1.73,37
KVL-02,2025-11-12,15,1,1.62,35
KVL-02,2025-11-12,16,1,33.88,323
KVL-02,2025-11-12,17,1,2.95,63
KVL-02,2025-11-12,18,1,31.58,301
KVL-02,2025-11-13,3,1,15.13,144
KVL-02,2025-11-13,6,1,6.53,62
KVL-02,2025-11-13,7,1,1.83,39
KVL-02,2025-11-13,8,1,16.39,156
KVL-02,2025-11-13,9,1,1.51,32
KVL-02,2025-11-13,10,1,17.39,166
KVL-02,2025-11-13,11,1,7.03,67
KVL-02,2025-11-13,12,1,3.09,66
KVL-02,2025-11-13,13,1,5.49,52
KVL-02,2025-11-13,14,1,6.33,60
KVL-02,2025-11-13,16,2,27.76,290
KVL-02,2025-11-13,17,1,2.72,58
KVL-02,2025-11-13,18,1,23.9,228
KVL-02,2025-11-13,20,1,2.66,57
KVL-02,2025-11-13,21,1,8.56,82
KVL-02,2025-11-14,4,1,32.46,310
KVL-02,2025-11-14,6,1,6.03,58
KVL-02,2025-11-14,7,1,9.04,86
KVL-02,2025-11-14,10,2,34.2,327
KVL-02,2025-11-14,12,1,29.1,278
KVL-02,2025-11-14,14,1,3.0,64
KVL-02,2025-11-14,15,1,18.93,181
KVL-02,2025-11-14,17,1,3.18,68
KVL-02,2025-11-14,18,1,2.89,62
KVL-02,2025-11-14,19,1,9.1,87
KVL-02,2025-11-14,21,1,2.36,50
KVL-02,2025-11-14,23,2,42.12,402
KVL-02,2025-11-15,4,1,2.77,59
KVL-02,2025-11-15,6,1,1.63,35
KVL-02,2025-11-15,7,2,4.48,96
KVL-02,2025-11-15,8,1,2.98,64
KVL-02,2025-11-15,9,2,19.14,182
KVL-02,2025-11-15,10,1,3.18,68
KVL-02,2025-11-15,12,1,1.91,41
KVL-02,2025-11-15,14,1,8.1,77
KVL-02,2025-11-15,15,1,29.14,278
KVL-02,2025-11-15,16,1,33.23,317
KVL-02,2025-11-15,20,1,23.68,226
KVL-02,2025-11-15,21,1,5.87,56
KVL-02,2025-11-16,6,1,27.42,262
KVL-02,2025-11-16,7,1,34.38,328
KVL-02,2025-11-16,10,1,2.97,64
KVL-02,2025-11-16,13,1,2.15,46
KVL-02,2025-11-16,14,2,6.05,129
KVL-02,2025-11-16,15,1,2.72,58
KVL-02,2025-11-16,17,2,34.98,370
KVL-02,2025-11-16,18,1,7.34,70
KVL-02,2025-11-16,19,1,3.18,68
KVL-02,2025-11-16,20,1,2.79,60
KVL-02,2025-11-16,22,2,10.73,128
KVL-02,2025-11-16,23,1,5.73,55
KVL-02,2025-11-17,4,1,9.81,94
KVL-02,2025-11-17,8,2,10.16,132
KVL-02,2025-11-17,10,2,6.24,133
KVL-02,2025-11-17,11,1,9.31,89
KVL-02,2025-11-17,12,1,22.26,212
KVL-02,2025-11-17,13,1,35.85,342
KVL-02,2025-11-17,17,1,2.19,47
KVL-02,2025-11-17,18,2,31.14,335
KVL-02,2025-11-17,20,1,2.1,45
KVL-02,2025-11-18,6,1,2.66,57
KVL-02,2025-11-18,8,1,5.77,55
KVL-02,2025-11-18,9,1,1.82,39
KVL-02,2025-11-18,10,2,8.04,102
KVL-02,2025-11-18,14,2,4.25,91
KVL-02,2025-11-18,15,1,1.71,37
KVL-02,2025-11-18,16,1,5.33,51
KVL-02,2025-11-18,17,2,18.73,179
KVL-02,2025-11-18,18,1,5.62,54
KVL-02,2025-11-18,19,1,6.06,58
KVL-02,2025-11-18,20,1,17.74,169
KVL-02,2025-11-19,6,2,5.9,126
KVL-02,2025-11-19,9,2,11.02,140
KVL-02,2025-11-19,11,2,3.28,70
KVL-02,2025-11-19,12,1,2.79,60
KVL-02,2025-11-19,14,2,8.59,108
KVL-02,2025-11-19,15,2,7.12,91
KVL-02,2025-11-19,16,2,5.15,110
KVL-02,2025-11-19,17,2,4.92,105
KVL-02,2025-11-19,18,2,28.95,277
KVL-02,2025-11-19,19,1,2.75,59
KVL-02,2025-11-19,20,1,2.77,59
KVL-02,2025-11-20,6,1,2.79,60
KVL-02,2025-11-20,7,2,6.43,138
KVL-02,2025-11-20,8,2,14.75,141
KVL-02,2025-11-20,10,1,6.9,66
KVL-02,2025-11-20,11,1,7.48,71
KVL-02,2025-11-20,12,1,21.55,206
KVL-02,2025-11-20,14,1,27.85,266
KVL-02,2025-11-20,16,1,2.31,49
KVL-02,2025-11-20,17,1,2.9,62
KVL-02,2025-11-20,18,1,1.52,33
KVL-02,2025-11-20,19,1,3.03,65
KVL-02,2025-11-20,20,1,2.64,56
KVL-02,2025-11-20,21,1,3.28,70
KVL-02,2025-11-21,6,1,30.41,290
KVL-02,2025-11-21,7,1,33.39,319
KVL-02,2025-11-21,12,1,2.95,63
KVL-02,2025-11-21,13,1,2.52,54
KVL-02,2025-11-21,16,1,2.18,47
KVL-02,2025-11-21,17,1,2.8,60
KVL-02,2025-11-21,18,1,1.82,39
KVL-02,2025-11-21,19,2,9.49,117
KVL-02,2025-11-21,20,1,32.23,307
KVL-02,2025-11-21,21,1,3.42,73
KVL-02,2025-11-22,5,1,33.41,319
KVL-02,2025-11-22,7,1,2.36,50
KVL-02,2025-11-22,8,1,2.84,61
KVL-02,2025-11-22,9,1,2.91,62
KVL-02,2025-11-22,10,2,46.21,441
KVL-02,2025-11-22,14,1,3.07,66
KVL-02,2025-11-22,16,2,6.22,133
KVL-02,2025-11-22,17,2,11.07,140
KVL-02,2025-11-22,18,1,3.41,73
KVL-02,2025-11-22,19,2,35.84,369
KVL-02,2025-11-22,21,1,23.08,220
KVL-02,2025-11-23,7,1,3.33,71
KVL-02,2025-11-23,8,1,3.27,70
KVL-02,2025-11-23,9,2,9.51,121
KVL-02,2025-11-23,11,1,35.41,338
KVL-02,2025-11-23,15,1,17.59,168
KVL-02,2025-11-23,16,1,9.53,91
KVL-02,2025-11-23,18,1,18.92,180
KVL-02,2025-11-23,19,1,2.66,57
KVL-02,2025-11-23,20,1,2.43,52
KVL-02,2025-11-23,21,2,15.49,147
KVL-02,2025-11-24,7,2,11.08,134
KVL-02,2025-11-24,8,1,2.74,59
KVL-02,2025-11-24,10,2,5.53,118
KVL-02,2025-11-24,11,1,3.3,71
KVL-02,2025-11-24,13,1,2.86,61
KVL-02,2025-11-24,14,1,2.76,59
KVL-02,2025-11-24,16,1,18.89,180
KVL-02,2025-11-24,17,1,24.3,232
KVL-02,2025-11-24,19,2,4.09,87
KVL-02,2025-11-24,23,1,35.87,342
KVL-02,2025-11-25,0,1,2.84,61
KVL-02,2025-11-25,6,1,2.68,57
KVL-02,2025-11-25,7,1,2.56,55
KVL-02,2025-11-25,8,2,6.19,132
KVL-02,2025-11-25,9,1,1.84,39
KVL-02,2025-11-25,11,2,18.61,213
KVL-02,2025-11-25,12,1,2.61,56
KVL-02,2025-11-25,15,1,1.6,34
KVL-02,2025-11-25,16,1,2.45,52
KVL-02,2025-11-25,18,1,1.85,40
KVL-02,2025-11-25,19,2,5.42,116
KVL-02,2025-11-26,7,2,4.35,93
KVL-02,2025-11-26,9,2,5.04,108
KVL-02,2025-11-26,10,1,2.46,53
KVL-02,2025-11-26,11,1,9.25,88
KVL-02,2025-11-26,12,1,2.3,49
KVL-02,2025-11-26,13,1,1.85,40
KVL-02,2025-11-26,15,2,20.06,221
KVL-02,2025-11-26,17,1,18.43,176
KVL-02,2025-11-26,18,1,2.76,59
KVL-02,2025-11-26,19,1,9.63,92
KVL-02,2025-11-26,20,2,8.6,110
KVL-02,2025-11-27,6,2,41.02,391
KVL-02,2025-11-27,7,1,2.26,48
KVL-02,2025-11-27,8,1,8.9,85
KVL-02,2025-11-27,9,1,25.11,240
KVL-02,2025-11-27,12,1,2.22,47
KVL-02,2025-11-27,13,1,5.4,52
KVL-02,2025-11-27,14,1,8.74,83
KVL-02,2025-11-27,15,1,8.26,79
KVL-02,2025-11-27,16,1,1.56,33
KVL-02,2025-11-27,17,1,2.44,52
KVL-02,2025-11-27,18,1,3.07,66
KVL-02,2025-11-27,19,2,5.22,112
KVL-02,2025-11-27,20,2,5.8,124
KVL-02,2025-11-28,7,1,5.59,53
KVL-02,2025-11-28,8,1,8.76,84
KVL-02,2025-11-28,9,2,6.89,147
KVL-02,2025-11-28,10,1,3.02,65
KVL-02,2025-11-28,11,2,31.38,319
KVL-02,2025-11-28,13,1,2.59,55
KVL-02,2025-11-28,14,1,2.09,45
KVL-02,2025-11-28,15,2,6.67,142
KVL-02,2025-11-28,17,2,8.3,104
KVL-02,2025-11-28,18,2,16.92,161
KVL-02,2025-11-28,19,1,6.62,63
KVL-02,2025-11-28,20,2,15.93,152
KVL-02,2025-11-29,4,1,7.1,68
KVL-02,2025-11-29,7,2,37.65,384
KVL-02,2025-11-29,8,1,2.09,45
KVL-02,2025-11-29,9,1,8.51,81
KVL-02,2025-11-29,12,1,2.61,56
KVL-02,2025-11-29,14,1,3.11,67
KVL-02,2025-11-29,15,2,8.98,126
KVL-02,2025-11-29,16,2,7.05,85
KVL-02,2025-11-29,17,1,1.66,36
KVL-02,2025-11-29,18,3,6.49,139
KVL-02,2025-11-29,19,2,16.82,160
KVL-02,2025-11-29,20,1,3.08,66
KVL-02,2025-11-30,7,2,63.22,603
KVL-02,2025-11-30,11,1,2.72,58
KVL-02,2025-11-30,13,1,3.0,64
KVL-02,2025-11-30,14,2,7.78,107
KVL-02,2025-11-30,15,2,6.88,147
KVL-02,2025-11-30,17,2,13.21,165
KVL-02,2025-11-30,18,1,1.56,33
KVL-02,2025-11-30,19,4,10.52,225
KVL-02,2025-11-30,20,1,2.86,61
KVL-02,2025-11-30,22,1,2.75,59
KVL-02,2025-12-01,2,1,2.53,54
KVL-02,2025-12-01,5,1,2.98,64
KVL-02,2025-12-01,8,3,8.53,121
KVL-02,2025-12-01,9,2,7.71,105
KVL-02,2025-12-01,10,1,3.41,73
KVL-02,2025-12-01,11,1,32.39,309
KVL-02,2025-12-01,12,1,3.23,69
KVL-02,2025-12-01,14,1,8.14,78
KVL-02,2025-12-01,16,2,3.98,85
KVL-02,2025-12-01,17,3,25.38,291
KVL-02,2025-12-01,18,1,3.21,69
KVL-02,2025-12-01,19,1,2.63,56
KVL-02,2025-12-01,20,1,3.47,74
KVL-02,2025-12-01,21,1,1.64,35
KVL-02,2025-12-01,22,2,38.02,385
KVL-02,2025-12-02,6,1,2.97,64
KVL-02,2025-12-02,8,2,7.82,99
KVL-02,2025-12-02,9,2,4.94,106
KVL-02,2025-12-02,11,1,2.59,55
KVL-02,2025-12-02,12,1,25.33,242
KVL-02,2025-12-02,14,1,30.15,288
KVL-02,2025-12-02,16,1,2.08,44
KVL-02,2025-12-02,17,1,3.4,73
KVL-02,2025-12-02,19,2,6.9,147
KVL-02,2025-12-02,20,2,8.46,108
KVL-02,2025-12-02,21,2,19.13,222
KVL-02,2025-12-02,23,1,28.27,270
KVL-02,2025-12-03,12,2,52.25,499
KVL-02,2025-12-03,15,1,7.42,71
KVL-02,2025-12-03,17,1,8.3,79
KVL-02,2025-12-03,18,1,2.91,62
KVL-02,2025-12-03,20,1,2.57,55
KVL-02,2025-12-03,21,1,1.78,38
KVL-02,2025-12-04,3,1,9.22,88
KVL-02,2025-12-04,7,2,5.77,124
KVL-02,2025-12-04,8,1,2.39,51
KVL-02,2025-12-04,9,2,4.77,102
KVL-02,2025-12-04,10,2,8.01,106
KVL-02,2025-12-04,14,1,16.32,156
KVL-02,2025-12-04,16,1,2.62,56
KVL-02,2025-12-04,18,2,11.87,113
KVL-02,2025-12-04,19,2,44.26,422
KVL-02,2025-12-05,8,1,9.1,87
KVL-02,2025-12-05,10,1,22.87,218
KVL-02,2025-12-05,16,1,2.49,53
KVL-02,2025-12-05,17,2,45.88,438
KVL-02,2025-12-05,18,1,1.96,42
KVL-02,2025-12-05,19,1,2.87,61
KVL-02,2025-12-05,20,1,1.82,39
KVL-02,2025-12-05,23,1,3.15,67
KVL-02,2025-12-06,5,1,7.62,73
KVL-02,2025-12-06,7,2,20.1,232
KVL-02,2025-12-06,8,1,3.1,66
KVL-02,2025-12-06,9,1,2.21,47
KVL-02,2025-12-06,10,1,2.53,54
KVL-02,2025-12-06,11,2,21.61,230
KVL-02,2025-12-06,12,1,19.82,189
KVL-02,2025-12-06,14,1,2.39,51
KVL-02,2025-12-06,15,2,34.39,356
KVL-02,2025-12-06,16,1,3.16,68
KVL-02,2025-12-06,17,1,15.18,145
KVL-02,2025-12-06,20,2,11.04,143
KVL-02,2025-12-06,21,1,5.51,53
KVL-02,2025-12-06,22,2,6.04,130
KVL-02,2025-12-07,7,1,7.93,76
KVL-02,2025-12-07,8,1,2.78,59
KVL-02,2025-12-07,9,3,10.34,143
KVL-02,2025-12-07,11,3,31.26,341
KVL-02,2025-12-07,12,1,17.14,163
KVL-02,2025-12-07,15,2,13.85,132
KVL-02,2025-12-07,16,1,16.53,158
KVL-02,2025-12-07,17,1,8.07,77
KVL-02,2025-12-07,18,1,8.23,79
KVL-02,2025-12-07,19,1,2.3,49
KVL-02,2025-12-07,20,2,6.0,129
KVL-02,2025-12-07,21,1,2.39,51
KVL-02,2025-12-08,2,1,8.77,84
KVL-02,2025-12-08,6,2,33.3,341
KVL-02,2025-12-08,7,1,1.99,43
KVL-02,2025-12-08,8,1,17.94,171
KVL-02,2025-12-08,12,1,29.77,284
KVL-02,2025-12-08,13,1,1.92,41
KVL-02,2025-12-08,14,1,3.18,68
KVL-02,2025-12-08,15,1,2.5,53
KVL-02,2025-12-08,17,1,22.45,214
KVL-02,2025-12-08,18,1,3.31,71
KVL-02,2025-12-08,19,1,2.98,64
KVL-02,2025-12-08,20,1,6.72,64
KVL-02,2025-12-08,22,1,22.33,213
KVL-02,2025-12-09,6,1,2.65,57
KVL-02,2025-12-09,7,2,17.79,190
KVL-02,2025-12-09,8,1,3.09,66
KVL-02,2025-12-09,10,1,2.34,50
KVL-02,2025-12-09,12,1,1.7,36
KVL-02,2025-12-09,14,1,3.01,64
KVL-02,2025-12-09,16,2,6.57,141
KVL-02,2025-12-09,17,1,5.08,48
KVL-02,2025-12-09,18,2,12.4,157
KVL-02,2025-12-09,19,1,1.5,32
KVL-02,2025-12-09,20,2,4.6,98
KVL-02,2025-12-09,21,2,39.92,406
KVL-02,2025-12-10,6,1,2.15,46
KVL-02,2025-12-10,7,1,2.33,50
KVL-02,2025-12-10,8,1,29.6,282
KVL-02,2025-12-10,9,2,18.88,203
KVL-02,2025-12-10,12,1,2.21,47
KVL-02,2025-12-10,13,2,3.76,81
KVL-02,2025-12-10,15,1,29.39,280
KVL-02,2025-12-10,16,1,3.24,69
KVL-02,2025-12-10,17,1,9.04,86
KVL-02,2025-12-10,18,1,2.59,55
KVL-02,2025-12-10,19,1,2.31,49
KVL-02,2025-12-10,20,1,7.48,71
KVL-02,2025-12-11,9,2,14.02,134
KVL-02,2025-12-11,11,2,21.5,205
KVL-02,2025-12-11,13,2,24.6,234
KVL-02,2025-12-11,14,1,1.57,34
KVL-02,2025-12-11,15,1,6.08,58
KVL-02,2025-12-11,17,1,2.87,61
KVL-02,2025-12-11,18,2,54.21,517
KVL-02,2025-12-12,6,1,7.03,67
KVL-02,2025-12-12,7,1,1.76,38
KVL-02,2025-12-12,8,2,22.71,238
KVL-02,2025-12-12,9,1,8.87,85
KVL-02,2025-12-12,11,2,3.16,67
KVL-02,2025-12-12,12,2,6.29,135
KVL-02,2025-12-12,13,2,24.77,263
KVL-02,2025-12-12,14,1,8.56,82
KVL-02,2025-12-12,16,1,2.33,50
KVL-02,2025-12-12,18,2,11.53,146
KVL-02,2025-12-12,19,2,4.69,100
KVL-02,2025-12-12,20,2,19.32,212
KVL-02,2025-12-12,22,1,8.29,79
KVL-02,2025-12-13,1,1,6.94,66
KVL-02,2025-12-13,6,2,41.27,393
KVL-02,2025-12-13,8,1,1.59,34
KVL-02,2025-12-13,10,1,2.96,63
KVL-02,2025-12-13,11,1,2.85,61
KVL-02,2025-12-13,12,2,22.33,241
KVL-02,2025-12-13,13,1,5.36,51
KVL-02,2025-12-13,14,1,2.89,62
KVL-02,2025-12-13,15,2,4.37,93
KVL-02,2025-12-13,17,2,22.65,241
KVL-02,2025-12-13,18,1,8.02,77
KVL-02,2025-12-13,19,1,1.59,34
KVL-02,2025-12-13,20,1,2.13,46
KVL-02,2025-12-14,6,1,9.74,93
KVL-02,2025-12-14,7,1,1.72,37
KVL-02,2025-12-14,8,2,28.25,303
KVL-02,2025-12-14,10,2,20.7,223
KVL-02,2025-12-14,14,2,4.45,96
KVL-02,2025-12-14,15,1,7.76,74
KVL-02,2025-12-14,16,1,2.04,44
KVL-02,2025-12-14,17,1,23.6,225
KVL-02,2025-12-14,18,1,3.34,71
KVL-02,2025-12-14,20,1,2.21,47
KVL-02,2025-12-14,21,1,1.52,33
KVL-02,2025-12-15,5,1,8.0,76
KVL-02,2025-12-15,6,2,11.46,146
KVL-02,2025-12-15,8,1,2.54,54
KVL-02,2025-12-15,9,2,29.87,318
KVL-02,2025-12-15,10,1,5.95,57
KVL-02,2025-12-15,11,1,3.25,70
KVL-02,2025-12-15,12,1,2.1,45
KVL-02,2025-12-15,13,1,23.59,225
KVL-02,2025-12-15,14,1,21.52,205
KVL-02,2025-12-15,17,2,4.24,91
KVL-02,2025-12-15,18,1,5.27,50
KVL-02,2025-12-15,19,2,6.21,133
KVL-02,2025-12-15,20,1,6.9,66
KVL-02,2025-12-15,21,1,1.67,36
KVL-02,2025-12-15,22,2,35.71,362
KVL-02,2025-12-16,7,3,7.15,153
KVL-02,2025-12-16,8,1,14.51,138
KVL-02,2025-12-16,9,1,6.65,63
KVL-02,2025-12-16,11,1,1.68,36
KVL-02,2025-12-16,12,1,29.29,279
KVL-02,2025-12-16,14,1,8.16,78
KVL-02,2025-12-16,16,1,3.42,73
KVL-02,2025-12-16,17,1,3.12,67
KVL-02,2025-12-16,18,1,23.48,224
KVL-02,2025-12-16,19,1,2.8,60
KVL-02,2025-12-16,21,1,3.34,71
KVL-02,2025-12-17,5,1,2.25,48
KVL-02,2025-12-17,6,1,16.66,159
KVL-02,2025-12-17,7,1,2.58,55
KVL-02,2025-12-17,8,1,2.53,54
KVL-02,2025-12-17,9,3,6.33,136
KVL-02,2025-12-17,11,1,2.0,43
KVL-02,2025-12-17,12,1,8.53,81
KVL-02,2025-12-17,13,1,3.26,70
KVL-02,2025-12-17,14,1,2.87,61
KVL-02,2025-12-17,17,2,16.35,178
KVL-02,2025-12-17,18,1,26.7,255
KVL-02,2025-12-17,19,1,17.45,166
KVL-02,2025-12-17,23,1,3.15,67
KVL-02,2025-12-18,7,2,21.05,225
KVL-02,2025-12-18,8,1,1.74,37
KVL-02,2025-12-18,9,1,2.21,47
KVL-02,2025-12-18,10,1,6.6,63
KVL-02,2025-12-18,13,1,1.52,33
KVL-02,2025-12-18,14,1,20.75,198
KVL-02,2025-12-18,15,1,1.79,38
KVL-02,2025-12-18,16,1,15.25,145
KVL-02,2025-12-18,17,1,7.65,73
KVL-02,2025-12-18,18,1,3.39,73
KVL-02,2025-12-18,19,1,2.15,46
KVL-02,2025-12-18,20,2,3.91,84
KVL-02,2025-12-19,5,1,3.44,74
KVL-02,2025-12-19,6,1,1.73,37
KVL-02,2025-12-19,7,2,27.82,295
KVL-02,2025-12-19,8,1,26.33,251
KVL-02,2025-12-19,11,1,2.85,61
KVL-02,2025-12-19,13,1,9.25,88
KVL-02,2025-12-19,14,1,31.82,304
KVL-02,2025-12-19,15,1,2.47,53
KVL-02,2025-12-19,18,1,2.28,49
KVL-02,2025-12-19,19,1,2.62,56
KVL-02,2025-12-19,20,2,25.23,268
KVL-02,2025-12-19,21,1,32.25,308
KVL-02,2025-12-20,5,1,5.38,51
KVL-02,2025-12-20,6,1,3.05,65
KVL-02,2025-12-20,7,1,3.09,66
KVL-02,2025-12-20,8,1,1.99,43
KVL-02,2025-12-20,9,3,6.61,142
KVL-02,2025-12-20,10,1,9.2,88
KVL-02,2025-12-20,11,1,2.51,54
KVL-02,2025-12-20,12,2,11.93,146
KVL-02,2025-12-20,13,1,15.02,143
KVL-02,2025-12-20,17,1,5.22,50
KVL-02,2025-12-20,18,2,24.6,271
KVL-02,2025-12-20,19,1,2.87,61
KVL-02,2025-12-20,20,1,1.65,35
KVL-02,2025-12-20,21,1,9.09,87
KVL-02,2025-12-20,22,1,35.98,343
KVL-02,2025-12-20,23,1,1.67,36
KVL-02,2025-12-21,5,1,2.09,45
KVL-02,2025-12-21,6,1,3.21,69
KVL-02,2025-12-21,7,1,3.05,65
KVL-02,2025-12-21,8,1,20.65,197
KVL-02,2025-12-21,9,2,3.91,84
KVL-02,2025-12-21,11,1,23.23,222
KVL-02,2025-12-21,13,1,1.91,41
KVL-02,2025-12-21,14,2,11.93,139
KVL-02,2025-12-21,16,1,2.98,64
KVL-02,2025-12-21,17,1,22.62,216
KVL-02,2025-12-21,18,1,2.95,63
KVL-02,2025-12-21,19,1,2.12,45
KVL-02,2025-12-21,20,1,1.84,39
KVL-02,2025-12-22,6,1,2.85,61
KVL-02,2025-12-22,7,1,2.23,48
KVL-02,2025-12-22,8,1,30.38,290
KVL-02,2025-12-22,10,1,26.9,257
KVL-02,2025-12-22,13,2,4.72,101
KVL-02,2025-12-22,14,1,3.05,65
KVL-02,2025-12-22,15,1,1.86,40
KVL-02,2025-12-22,16,1,9.27,88
KVL-02,2025-12-22,17,1,1.52,33
KVL-02,2025-12-22,18,2,6.02,129
KVL-02,2025-12-22,19,2,34.2,326
KVL-02,2025-12-22,20,1,20.78,198
KVL-02,2025-12-23,0,1,2.86,61
KVL-02,2025-12-23,6,2,4.12,88
KVL-02,2025-12-23,8,2,4.3,92
KVL-02,2025-12-23,9,2,5.16,110
KVL-02,2025-12-23,12,2,7.59,101
KVL-02,2025-12-23,14,1,7.75,74
KVL-02,2025-12-23,15,1,3.41,73
KVL-02,2025-12-23,17,3,29.94,306
KVL-02,2025-12-23,18,1,2.35,50
KVL-02,2025-12-23,19,1,8.63,82
KVL-02,2025-12-23,21,1,1.54,33
KVL-02,2025-12-23,23,1,2.3,49
KVL-02,2025-12-24,7,1,8.37,80
KVL-02,2025-12-24,8,1,6.9,66
KVL-02,2025-12-24,9,1,22.36,213
KVL-02,2025-12-24,10,1,7.44,71
KVL-02,2025-12-24,11,1,3.48,74
KVL-02,2025-12-24,13,2,36.0,343
KVL-02,2025-12-24,14,1,2.16,46
KVL-02,2025-12-24,15,1,1.63,35
KVL-02,2025-12-24,16,1,9.51,91
KVL-02,2025-12-24,17,1,2.68,57
KVL-02,2025-12-24,18,2,6.78,145
KVL-02,2025-12-24,19,1,3.37,72
KVL-02,2025-12-24,20,2,21.37,225
KVL-02,2025-12-24,21,2,5.01,107
KVL-02,2025-12-24,23,1,2.93,63
KVL-02,2025-12-25,6,3,12.34,181
KVL-02,2025-12-25,7,1,6.09,58
KVL-02,2025-12-25,8,2,3.53,76
KVL-02,2025-12-25,10,2,5.02,107
KVL-02,2025-12-25,11,2,11.45,146
KVL-02,2025-12-25,12,1,3.18,68
KVL-02,2025-12-25,13,2,5.67,121
KVL-02,2025-12-25,15,1,1.61,34
KVL-02,2025-12-25,16,1,2.82,60
KVL-02,2025-12-25,17,2,5.93,127
KVL-02,2025-12-25,18,1,1.72,37
KVL-02,2025-12-25,19,2,32.56,336
KVL-02,2025-12-25,20,1,8.09,77
KVL-02,2025-12-25,22,1,33.4,319
KVL-02,2025-12-26,0,1,2.36,50
KVL-02,2025-12-26,6,1,2.98,64
KVL-02,2025-12-26,7,1,6.33,60
KVL-02,2025-12-26,8,3,7.96,171
KVL-02,2025-12-26,9,1,34.02,325
KVL-02,2025-12-26,10,1,2.89,62
KVL-02,2025-12-26,11,1,7.31,70
KVL-02,2025-12-26,12,1,2.64,56
KVL-02,2025-12-26,13,1,2.95,63
KVL-02,2025-12-26,14,1,6.32,60
KVL-02,2025-12-26,16,2,3.62,78
KVL-02,2025-12-26,17,1,2.77,59
KVL-02,2025-12-26,18,2,39.46,401
KVL-02,2025-12-26,19,1,3.19,68
KVL-02,2025-12-26,20,1,3.28,70
KVL-02,2025-12-26,21,1,1.8,39
KVL-02,2025-12-27,6,2,9.85,128
KVL-02,2025-12-27,8,2,5.31,113
KVL-02,2025-12-27,9,1,1.97,42
KVL-02,2025-12-27,10,1,3.08,66
KVL-02,2025-12-27,12,2,11.35,147
KVL-02,2025-12-27,14,1,3.49,75
KVL-02,2025-12-27,15,1,2.5,53
KVL-02,2025-12-27,17,1,5.16,49
KVL-02,2025-12-27,18,2,36.46,386
KVL-02,2025-12-27,19,1,2.35,50
KVL-02,2025-12-27,20,1,6.86,65
KVL-02,2025-12-27,21,1,2.26,48
KVL-02,2025-12-28,6,1,2.1,45
KVL-02,2025-12-28,7,1,3.29,70
KVL-02,2025-12-28,8,2,5.18,111
KVL-02,2025-12-28,10,2,63.93,610
KVL-02,2025-12-28,15,1,3.28,70
KVL-02,2025-12-28,17,1,7.83,75
KVL-02,2025-12-28,18,2,4.34,93
KVL-02,2025-12-28,19,2,10.05,127
KVL-02,2025-12-28,20,1,2.77,59
KVL-02,2025-12-28,21,2,9.03,113
KVL-02,2025-12-28,23,2,3.33,71
KVL-02,2025-12-29,0,1,2.06,44
KVL-02,2025-12-29,6,1,1.8,39
KVL-02,2025-12-29,7,1,3.15,67
KVL-02,2025-12-29,8,1,2.25,48
KVL-02,2025-12-29,10,3,6.75,144
KVL-02,2025-12-29,11,2,9.94,114
KVL-02,2025-12-29,12,1,2.83,61
KVL-02,2025-12-29,13,3,6.56,140
KVL-02,2025-12-29,15,1,7.13,68
KVL-02,2025-12-29,16,2,27.68,285
KVL-02,2025-12-29,17,1,2.02,43
KVL-02,2025-12-29,18,1,9.05,86
KVL-02,2025-12-29,19,1,19.63,187
KVL-02,2025-12-30,0,1,14.25,136
KVL-02,2025-12-30,7,2,8.7,119
KVL-02,2025-12-30,8,2,22.33,243
KVL-02,2025-12-30,9,1,3.09,66
KVL-02,2025-12-30,10,1,1.66,36
KVL-02,2025-12-30,11,2,36.06,344
KVL-02,2025-12-30,15,1,35.29,337
KVL-02,2025-12-30,16,1,15.55,148
KVL-02,2025-12-30,19,1,2.22,47
KVL-02,2025-12-30,20,1,2.38,51
KVL-02,2025-12-30,21,2,10.12,122
KVL-02,2025-12-30,23,1,8.34,80
KVL-02,2025-12-31,5,1,9.23,88
KVL-02,2025-12-31,7,2,4.68,100
KVL-02,2025-12-31,8,1,2.84,61
KVL-02,2025-12-31,9,1,3.03,65
KVL-02,2025-12-31,10,1,1.97,42
KVL-02,2025-12-31,11,1,3.12,67
KVL-02,2025-12-31,12,1,1.87,40
KVL-02,2025-12-31,13,3,13.7,190
KVL-02,2025-12-31,14,1,3.18,68
KVL-02,2025-12-31,15,1,2.82,60
KVL-02,2025-12-31,16,2,4.56,98
KVL-02,2025-12-31,17,1,2.46,53
KVL-02,2025-12-31,19,2,5.73,123
KVL-02,2025-12-31,20,2,27.07,258
KVL-02,2025-12-31,21,1,8.7,83
KVL-02,2026-01-01,1,1,2.65,57
KVL-02,2026-01-01,6,1,2.34,50
KVL-02,2026-01-01,7,1,7.76,74
KVL-02,2026-01-01,8,1,7.86,75
KVL-02,2026-01-01,9,1,7.75,74
KVL-02,2026-01-01,10,1,1.5,32
KVL-02,2026-01-01,11,2,8.18,109
KVL-02,2026-01-01,13,1,1.53,33
KVL-02,2026-01-01,14,1,19.07,182
KVL-02,2026-01-01,16,1,9.07,87
KVL-02,2026-01-01,17,1,3.48,74
KVL-02,2026-01-01,18,2,28.14,287
KVL-02,2026-01-01,19,1,5.11,49
KVL-02,2026-01-01,20,1,1.88,40
KVL-02,2026-01-01,21,1,2.28,49
KVL-02,2026-01-02,5,1,2.22,47
KVL-02,2026-01-02,6,1,33.08,316
KVL-02,2026-01-02,7,2,4.93,105
KVL-02,2026-01-02,9,1,17.98,172
KVL-02,2026-01-02,11,1,31.59,301
KVL-02,2026-01-02,12,1,15.47,148
KVL-02,2026-01-02,14,1,2.03,43
KVL-02,2026-01-02,15,1,2.35,50
KVL-02,2026-01-02,16,1,1.67,36
KVL-02,2026-01-02,17,2,40.35,385
KVL-02,2026-01-02,19,1,3.3,71
KVL-02,2026-01-02,21,1,1.89,40
KVL-02,2026-01-03,5,2,11.58,139
KVL-02,2026-01-03,7,1,6.21,59
KVL-02,2026-01-03,8,3,7.26,155
KVL-02,2026-01-03,9,1,5.19,50
KVL-02,2026-01-03,10,2,16.44,157
KVL-02,2026-01-03,11,2,5.35,115
KVL-02,2026-01-03,12,2,10.2,134
KVL-02,2026-01-03,14,1,2.05,44
KVL-02,2026-01-03,15,2,35.97,374
KVL-02,2026-01-03,16,1,2.2,47
KVL-02,2026-01-03,17,1,23.68,226
KVL-02,2026-01-03,20,1,21.43,204
KVL-02,2026-01-03,22,1,2.84,61
KVL-02,2026-01-04,6,1,2.47,53
KVL-02,2026-01-04,7,2,5.13,110
KVL-02,2026-01-04,8,1,30.04,287
KVL-02,2026-01-04,9,1,2.92,62
KVL-02,2026-01-04,10,1,32.04,306
KVL-02,2026-01-04,14,1,3.41,73
KVL-02,2026-01-04,15,1,1.86,40
KVL-02,2026-01-04,16,2,7.64,95
KVL-02,2026-01-04,17,2,12.31,159
KVL-02,2026-01-04,19,2,35.29,355
KVL-02,2026-01-05,6,1,3.46,74
KVL-02,2026-01-05,7,1,31.31,299
KVL-02,2026-01-05,8,1,7.47,71
KVL-02,2026-01-05,9,1,34.17,326
KVL-02,2026-01-05,14,1,7.31,70
KVL-02,2026-01-05,17,2,10.62,134
KVL-02,2026-01-05,18,2,10.47,119
KVL-02,2026-01-05,19,1,3.13,67
KVL-02,2026-01-05,20,2,5.7,122
KVL-02,2026-01-06,6,3,13.61,192
KVL-02,2026-01-06,8,2,6.4,137
KVL-02,2026-01-06,9,1,1.53,33
KVL-02,2026-01-06,10,1,2.25,48
KVL-02,2026-01-06,11,3,13.38,174
KVL-02,2026-01-06,12,1,2.79,60
KVL-02,2026-01-06,13,1,6.5,62
KVL-02,2026-01-06,14,1,19.17,183
KVL-02,2026-01-06,15,1,2.2,47
KVL-02,2026-01-06,16,1,34.88,333
KVL-02,2026-01-06,17,1,6.42,61
KVL-02,2026-01-06,19,1,1.83,39
KVL-02,2026-01-06,21,1,1.81,39
KVL-02,2026-01-07,6,1,24.91,238
KVL-02,2026-01-07,7,1,8.74,83
KVL-02,2026-01-07,8,1,6.55,62
KVL-02,2026-01-07,10,2,5.35,114
KVL-02,2026-01-07,11,1,7.64,73
KVL-02,2026-01-07,12,2,5.98,128
KVL-02,2026-01-07,13,2,8.06,102
KVL-02,2026-01-07,14,1,5.67,54
KVL-02,2026-01-07,15,1,2.3,49
KVL-02,2026-01-07,17,2,4.27,91
KVL-02,2026-01-07,18,1,32.99,315
KVL-02,2026-01-07,19,1,33.12,316
KVL-02,2026-01-08,0,1,8.33,79
KVL-02,2026-01-08,2,1,2.63,56
KVL-02,2026-01-08,6,1,1.6,34
KVL-02,2026-01-08,8,1,9.18,88
KVL-02,2026-01-08,9,1,7.58,72
KVL-02,2026-01-08,10,1,9.34,89
KVL-02,2026-01-08,11,1,3.05,65
KVL-02,2026-01-08,14,1,2.1,45
KVL-02,2026-01-08,16,2,18.85,215
KVL-02,2026-01-08,17,1,1.95,42
KVL-02,2026-01-08,18,1,2.55,55
KVL-02,2026-01-08,21,1,1.8,39
KVL-02,2026-01-09,6,1,6.21,59
KVL-02,2026-01-09,7,2,30.39,290
KVL-02,2026-01-09,8,1,37.08,354
KVL-02,2026-01-09,11,1,34.22,326
KVL-02,2026-01-09,14,1,23.27,222
KVL-02,2026-01-09,17,1,1.65,35
KVL-02,2026-01-09,18,2,4.18,90
KVL-02,2026-01-09,19,2,11.27,141
KVL-02,2026-01-09,20,1,5.24,50
KVL-02,2026-01-09,21,2,11.66,152
KVL-02,2026-01-10,2,1,24.42,233
KVL-02,2026-01-10,7,2,5.86,125
KVL-02,2026-01-10,9,2,10.51,122
KVL-02,2026-01-10,10,1,1.72,37
KVL-02,2026-01-10,11,2,4.06,87
KVL-02,2026-01-10,12,2,35.72,380
KVL-02,2026-01-10,13,1,2.85,61
KVL-02,2026-01-10,15,1,8.99,86
KVL-02,2026-01-10,17,2,9.76,121
KVL-02,2026-01-10,18,3,35.26,358
KVL-02,2026-01-10,20,1,2.32,50
KVL-02,2026-01-11,7,1,2.54,54
KVL-02,2026-01-11,8,2,35.72,341
KVL-02,2026-01-11,12,3,12.17,169
KVL-02,2026-01-11,14,3,5.57,120
KVL-02,2026-01-11,15,1,28.55,272
KVL-02,2026-01-11,16,1,28.27,270
KVL-02,2026-01-11,19,1,2.46,53
KVL-02,2026-01-12,6,1,2.43,52
KVL-02,2026-01-12,7,1,2.66,57
KVL-02,2026-01-12,8,3,10.12,151
KVL-02,2026-01-12,9,2,19.61,224
KVL-02,2026-01-12,12,1,2.47,53
KVL-02,2026-01-12,13,1,14.8,141
KVL-02,2026-01-12,14,1,1.79,38
KVL-02,2026-01-12,15,1,3.29,70
KVL-02,2026-01-12,16,1,1.91,41
KVL-02,2026-01-12,17,2,11.24,145
KVL-02,2026-01-12,18,2,17.16,164
KVL-02,2026-01-13,4,1,5.71,54
KVL-02,2026-01-13,6,1,23.97,229
KVL-02,2026-01-13,7,1,2.95,63
KVL-02,2026-01-13,9,1,2.16,46
KVL-02,2026-01-13,10,2,5.16,111
KVL-02,2026-01-13,13,2,8.7,105
KVL-02,2026-01-13,15,3,6.79,145
KVL-02,2026-01-13,17,2,5.3,113
KVL-02,2026-01-13,18,2,24.73,254
KVL-02,2026-01-13,20,1,9.63,92
KVL-02,2026-01-13,21,2,8.55,122
KVL-02,2026-01-14,0,1,2.57,55
KVL-02,2026-01-14,7,2,23.4,254
KVL-02,2026-01-14,8,1,2.79,60
KVL-02,2026-01-14,9,1,1.94,41
KVL-02,2026-01-14,10,1,6.36,61
KVL-02,2026-01-14,13,2,6.48,139
KVL-02,2026-01-14,14,2,4.24,91
KVL-02,2026-01-14,15,2,4.26,91
KVL-02,2026-01-14,16,2,40.77,427
KVL-02,2026-01-14,17,1,5.8,55
KVL-02,2026-01-14,18,1,2.85,61
KVL-02,2026-01-14,19,1,24.02,229
KVL-02,2026-01-14,22,1,34.96,333
KVL-02,2026-01-15,5,1,2.71,58
KVL-02,2026-01-15,7,2,18.81,198
KVL-02,2026-01-15,8,2,11.39,132
KVL-02,2026-01-15,10,2,11.16,135
KVL-02,2026-01-15,11,2,5.59,120
KVL-02,2026-01-15,12,1,1.51,32
KVL-02,2026-01-15,14,2,28.49,311
KVL-02,2026-01-15,16,1,2.54,54
KVL-02,2026-01-15,17,1,29.73,284
KVL-02,2026-01-15,18,1,2.86,61
KVL-02,2026-01-15,19,1,3.2,68
KVL-02,2026-01-15,20,1,1.98,42
KVL-02,2026-01-15,21,1,1.87,40
KVL-02,2026-01-16,7,2,12.64,158
KVL-02,2026-01-16,8,1,3.08,66
KVL-02,2026-01-16,9,1,2.39,51
KVL-02,2026-01-16,12,1,16.49,157
KVL-02,2026-01-16,16,1,22.35,213
KVL-02,2026-01-16,17,1,19.77,189
KVL-02,2026-01-16,21,1,1.65,35
KVL-02,2026-01-17,6,2,28.29,301
KVL-02,2026-01-17,7,1,2.56,55
KVL-02,2026-01-17,8,1,15.78,151
KVL-02,2026-01-17,10,2,5.42,116
KVL-02,2026-01-17,11,1,5.84,56
KVL-02,2026-01-17,12,1,23.88,228
KVL-02,2026-01-17,13,1,32.08,306
KVL-02,2026-01-17,16,1,2.57,55
KVL-02,2026-01-17,17,1,3.41,73
KVL-02,2026-01-17,18,2,3.68,78
KVL-02,2026-01-17,19,3,10.82,150
KVL-02,2026-01-17,20,1,2.49,53
KVL-02,2026-01-17,21,1,1.58,34
KVL-02,2026-01-17,22,1,23.76,227
KVL-02,2026-01-18,6,1,7.5,72
KVL-02,2026-01-18,7,1,3.38,72
KVL-02,2026-01-18,8,1,14.83,141
KVL-02,2026-01-18,9,1,2.82,60
KVL-02,2026-01-18,10,3,12.91,174
KVL-02,2026-01-18,11,1,7.25,69
KVL-02,2026-01-18,12,2,4.05,86
KVL-02,2026-01-18,13,1,22.02,210
KVL-02,2026-01-18,14,1,8.6,82
KVL-02,2026-01-18,16,1,1.91,41
KVL-02,2026-01-18,17,2,5.57,119
KVL-02,2026-01-18,18,2,30.11,317
KVL-02,2026-01-18,20,1,15.83,151
KVL-02,2026-01-18,22,1,7.72,74
KVL-02,2026-01-19,6,1,2.07,44
KVL-02,2026-01-19,7,2,9.53,117
KVL-02,2026-01-19,9,2,4.79,102
KVL-02,2026-01-19,10,1,1.7,36
KVL-02,2026-01-19,11,2,4.44,95
KVL-02,2026-01-19,12,1,1.64,35
KVL-02,2026-01-19,13,1,2.77,59
KVL-02,2026-01-19,14,2,34.23,326
KVL-02,2026-01-19,16,1,3.17,68
KVL-02,2026-01-19,18,2,10.03,135
KVL-02,2026-01-19,19,1,2.69,58
KVL-02,2026-01-19,20,2,7.78,102
KVL-02,2026-01-20,7,2,13.08,162
KVL-02,2026-01-20,9,1,3.26,70
KVL-02,2026-01-20,11,2,9.56,115
KVL-02,2026-01-20,14,1,1.54,33
KVL-02,2026-01-20,17,2,35.34,369
KVL-02,2026-01-20,18,1,2.35,50
KVL-02,2026-01-20,19,1,3.0,64
KVL-02,2026-01-20,20,1,9.86,94
KVL-02,2026-01-21,4,1,8.33,79
KVL-02,2026-01-21,5,1,36.67,350
KVL-02,2026-01-21,6,1,3.31,71
KVL-02,2026-01-21,7,1,3.41,73
KVL-02,2026-01-21,9,1,23.12,221
KVL-02,2026-01-21,11,1,2.41,52
KVL-02,2026-01-21,12,1,9.73,93
KVL-02,2026-01-21,13,1,30.98,296
KVL-02,2026-01-21,15,1,2.0,43
KVL-02,2026-01-21,16,1,37.04,353
KVL-02,2026-01-21,18,1,2.06,44
KVL-02,2026-01-21,19,1,2.63,56
KVL-02,2026-01-21,20,1,20.62,197
KVL-02,2026-01-21,22,1,3.44,74
KVL-02,2026-01-22,5,1,2.9,62
KVL-02,2026-01-22,6,1,1.51,32
KVL-02,2026-01-22,8,2,4.49,96
KVL-02,2026-01-22,9,2,64.29,613
KVL-02,2026-01-22,13,1,2.63,56
KVL-02,2026-01-22,15,1,8.85,84
KVL-02,2026-01-22,16,1,2.88,62
KVL-02,2026-01-22,18,3,52.5,524
KVL-02,2026-01-22,21,1,37.02,353
KVL-02,2026-01-23,6,1,2.47,53
KVL-02,2026-01-23,8,1,5.88,56
KVL-02,2026-01-23,9,2,15.75,151
KVL-02,2026-01-23,10,1,2.74,59
KVL-02,2026-01-23,11,2,10.77,143
KVL-02,2026-01-23,13,2,9.1,110
KVL-02,2026-01-23,14,1,1.97,42
KVL-02,2026-01-23,15,1,2.53,54
KVL-02,2026-01-23,16,2,4.83,104
KVL-02,2026-01-23,18,2,5.44,117
KVL-02,2026-01-23,19,2,9.21,118
KVL-02,2026-01-23,20,1,3.26,70
KVL-02,2026-01-23,21,1,1.63,35
KVL-02,2026-01-24,1,1,1.73,37
KVL-02,2026-01-24,7,2,11.39,145
KVL-02,2026-01-24,9,1,2.72,58
KVL-02,2026-01-24,10,2,12.5,157
KVL-02,2026-01-24,11,1,2.17,46
KVL-02,2026-01-24,13,1,37.89,361
KVL-02,2026-01-24,16,1,8.5,81
KVL-02,2026-01-24,18,1,2.35,50
KVL-02,2026-01-24,19,2,36.56,381
KVL-02,2026-01-24,20,1,8.4,80
KVL-02,2026-01-25,5,1,2.55,55
KVL-02,2026-01-25,7,2,23.04,254
KVL-02,2026-01-25,8,1,2.6,56
KVL-02,2026-01-25,11,2,34.77,331
KVL-02,2026-01-25,12,1,32.6,311
KVL-02,2026-01-25,16,1,3.13,67
KVL-02,2026-01-25,17,1,2.5,53
KVL-02,2026-01-25,18,2,12.87,164
KVL-02,2026-01-25,19,1,7.4,71
KVL-02,2026-01-25,20,2,4.87,104
KVL-02,2026-01-25,21,1,7.03,67
KVL-02,2026-01-26,5,1,7.31,70
KVL-02,2026-01-26,6,1,5.02,48
KVL-02,2026-01-26,9,1,34.45,329
KVL-02,2026-01-26,10,2,9.16,108
KVL-02,2026-01-26,11,1,8.96,85
KVL-02,2026-01-26,16,3,7.17,153
KVL-02,2026-01-26,17,2,25.77,276
KVL-02,2026-01-26,18,1,2.01,43
KVL-02,2026-01-26,19,1,8.1,77
KVL-02,2026-01-26,22,2,4.68,100
KVL-02,2026-01-27,6,1,1.81,39
KVL-02,2026-01-27,7,1,2.59,55
KVL-02,2026-01-27,9,2,11.83,142
KVL-02,2026-01-27,10,1,3.18,68
KVL-02,2026-01-27,11,2,6.55,140
KVL-02,2026-01-27,12,1,5.89,56
KVL-02,2026-01-27,14,1,6.38,61
KVL-02,2026-01-27,15,2,5.81,124
KVL-02,2026-01-27,16,2,39.0,404
KVL-02,2026-01-27,18,1,5.73,55
KVL-02,2026-01-27,19,1,36.78,351
KVL-02,2026-01-28,7,2,38.35,366
KVL-02,2026-01-28,8,1,1.8,39
KVL-02,2026-01-28,9,1,1.77,38
KVL-02,2026-01-28,10,1,15.23,145
KVL-02,2026-01-28,12,1,37.02,353
KVL-02,2026-01-28,14,1,2.34,50
KVL-02,2026-01-28,15,1,2.69,58
KVL-02,2026-01-28,16,1,9.46,90
KVL-02,2026-01-28,19,1,1.74,37
KVL-02,2026-01-28,20,2,12.1,116
KVL-02,2026-01-28,22,1,2.69,58
KVL-02,2026-01-29,6,1,2.56,55
KVL-02,2026-01-29,7,2,39.89,415
KVL-02,2026-01-29,8,1,35.22,336
KVL-02,2026-01-29,13,1,1.88,40
KVL-02,2026-01-29,14,1,2.07,44
KVL-02,2026-01-29,15,2,19.05,214
KVL-02,2026-01-29,16,1,2.66,57
KVL-02,2026-01-29,17,1,6.71,64
KVL-02,2026-01-29,18,2,3.52,75
KVL-02,2026-01-29,19,2,9.08,109
KVL-02,2026-01-29,20,2,23.27,258
KVL-02,2026-01-29,22,1,18.02,172
KVL-02,2026-01-29,23,1,18.1,173
KVL-02,2026-01-30,5,1,6.17,59
KVL-02,2026-01-30,7,1,2.35,50
KVL-02,2026-01-30,8,1,2.5,53
KVL-02,2026-01-30,9,1,3.46,74
KVL-02,2026-01-30,12,1,6.76,64
KVL-02,2026-01-30,13,2,16.84,160
KVL-02,2026-01-30,15,1,3.18,68
KVL-02,2026-01-30,17,2,5.99,128
KVL-02,2026-01-30,18,2,6.74,145
KVL-02,2026-01-30,19,1,22.39,214
KVL-02,2026-01-30,20,1,19.69,188
KVL-02,2026-01-31,4,1,5.85,56
KVL-02,2026-01-31,7,1,3.33,71
KVL-02,2026-01-31,8,1,3.42,73
KVL-02,2026-01-31,9,2,43.92,419
KVL-02,2026-01-31,10,1,8.88,85
KVL-02,2026-01-31,15,2,7.8,97
KVL-02,2026-01-31,16,2,12.34,148
KVL-02,2026-01-31,17,1,1.99,43
KVL-02,2026-01-31,18,2,4.82,103
KVL-02,2026-01-31,19,1,2.4,51
KVL-02,2026-01-31,20,2,54.99,525
KVL-02,2026-02-01,5,1,6.54,62
KVL-02,2026-02-01,6,2,27.34,261
KVL-02,2026-02-01,8,1,14.86,142
KVL-02,2026-02-01,9,1,9.08,87
KVL-02,2026-02-01,11,2,40.62,420
KVL-02,2026-02-01,13,1,5.35,51
KVL-02,2026-02-01,14,1,2.95,63
KVL-02,2026-02-01,15,1,5.32,51
KVL-02,2026-02-01,17,1,2.7,58
KVL-02,2026-02-01,18,2,8.67,102
KVL-02,2026-02-01,19,3,10.43,159
KVL-02,2026-02-01,20,1,3.0,64
KVL-02,2026-02-01,21,2,32.47,346
KVL-02,2026-02-01,23,1,9.11,87
KVL-02,2026-02-02,7,2,5.98,128
KVL-02,2026-02-02,9,1,2.4,51
KVL-02,2026-02-02,10,1,3.07,66
KVL-02,2026-02-02,11,2,38.27,406
KVL-02,2026-02-02,13,1,14.28,136
KVL-02,2026-02-02,16,1,2.52,54
KVL-02,2026-02-02,17,1,1.99,43
KVL-02,2026-02-02,18,2,5.41,115
KVL-02,2026-02-02,19,2,32.5,338
KVL-02,2026-02-02,20,1,2.75,59
KVL-02,2026-02-02,21,1,18.1,173
KVL-02,2026-02-03,3,1,33.87,323
KVL-02,2026-02-03,5,1,9.92,95
KVL-02,2026-02-03,6,1,3.44,74
KVL-02,2026-02-03,8,1,6.81,65
KVL-02,2026-02-03,11,1,22.68,216
KVL-02,2026-02-03,12,1,3.43,73
KVL-02,2026-02-03,13,1,21.0,200
KVL-02,2026-02-03,15,1,3.24,69
KVL-02,2026-02-03,17,1,2.09,45
KVL-02,2026-02-03,19,2,35.72,341
KVL-02,2026-02-03,20,1,2.2,47
KVL-02,2026-02-03,21,1,3.39,73
KVL-02,2026-02-04,0,1,2.86,61
KVL-02,2026-02-04,5,1,1.97,42
KVL-02,2026-02-04,6,2,18.87,221
KVL-02,2026-02-04,7,1,8.39,80
KVL-02,2026-02-04,9,3,30.72,344
KVL-02,2026-02-04,10,1,25.2,240
KVL-02,2026-02-04,15,1,2.2,47
KVL-02,2026-02-04,16,1,31.18,297
KVL-02,2026-02-04,17,1,2.04,44
KVL-02,2026-02-04,18,1,7.99,76
KVL-02,2026-02-04,19,1,6.49,62
KVL-02,2026-02-05,6,2,19.17,213
KVL-02,2026-02-05,7,1,9.38,89
KVL-02,2026-02-05,10,1,33.72,322
KVL-02,2026-02-05,12,1,1.98,42
KVL-02,2026-02-05,13,1,32.27,308
KVL-02,2026-02-05,16,1,3.33,71
KVL-02,2026-02-05,18,1,1.98,42
KVL-02,2026-02-05,19,2,8.81,116
KVL-02,2026-02-05,21,1,1.61,34
KVL-02,2026-02-06,8,2,35.27,367
KVL-02,2026-02-06,9,1,1.54,33
KVL-02,2026-02-06,10,1,1.7,36
KVL-02,2026-02-06,11,1,31.7,302
KVL-02,2026-02-06,13,1,6.36,61
KVL-02,2026-02-06,15,1,2.88,62
KVL-02,2026-02-06,16,1,6.48,62
KVL-02,2026-02-06,17,2,17.23,185
KVL-02,2026-02-06,18,1,2.94,63
KVL-02,2026-02-06,19,1,3.44,74
KVL-02,2026-02-06,20,1,1.84,39
KVL-02,2026-02-06,21,2,18.98,203
KVL-02,2026-02-07,6,1,8.83,84
KVL-02,2026-02-07,7,1,35.5,339
KVL-02,2026-02-07,8,2,23.76,252
KVL-02,2026-02-07,12,1,3.47,74
KVL-02,2026-02-07,13,2,30.63,314
KVL-02,2026-02-07,14,1,2.65,57
KVL-02,2026-02-07,15,1,3.25,70
KVL-02,2026-02-07,17,1,26.92,257
KVL-02,2026-02-07,18,1,1.79,38
KVL-02,2026-02-07,20,1,26.45,252
KVL-02,2026-02-07,21,1,9.59,91
KVL-02,2026-02-08,5,1,8.0,76
KVL-02,2026-02-08,7,2,38.34,390
KVL-02,2026-02-08,8,1,2.82,60
KVL-02,2026-02-08,9,1,33.68,321
KVL-02,2026-02-08,13,1,3.17,68
KVL-02,2026-02-08,15,2,27.97,307
KVL-02,2026-02-08,16,1,31.69,302
KVL-02,2026-02-08,20,1,15.87,151
KVL-02,2026-02-09,3,1,1.85,40
KVL-02,2026-02-09,6,2,11.77,153
KVL-02,2026-02-09,10,1,2.23,48
KVL-02,2026-02-09,11,1,2.31,49
KVL-02,2026-02-09,12,1,3.22,69
KVL-02,2026-02-09,13,2,24.25,261
KVL-02,2026-02-09,15,1,3.2,68
KVL-02,2026-02-09,16,2,8.71,117
KVL-02,2026-02-09,17,1,1.78,38
KVL-02,2026-02-09,18,3,55.18,547
KVL-02,2026-02-09,21,1,6.19,59
KVL-02,2026-02-10,6,1,2.49,53
KVL-02,2026-02-10,7,1,9.5,91
KVL-02,2026-02-10,8,1,7.82,75
KVL-02,2026-02-10,9,1,3.18,68
KVL-02,2026-02-10,10,2,29.48,306
KVL-02,2026-02-10,11,1,1.51,32
KVL-02,2026-02-10,12,1,3.38,72
KVL-02,2026-02-10,14,1,3.47,74
KVL-02,2026-02-10,16,2,39.74,416
KVL-02,2026-02-10,17,1,1.91,41
KVL-02,2026-02-11,6,1,2.33,50
KVL-02,2026-02-11,7,2,6.01,128
KVL-02,2026-02-11,8,2,4.58,98
KVL-02,2026-02-11,10,1,1.62,35
KVL-02,2026-02-11,11,3,39.62,395
KVL-02,2026-02-11,13,1,3.44,74
KVL-02,2026-02-11,15,1,5.56,53
KVL-02,2026-02-11,16,2,22.91,219
KVL-02,2026-02-11,18,2,22.33,213
KVL-02,2026-02-11,19,1,8.27,79
KVL-02,2026-02-11,21,2,5.56,119
KVL-02,2026-02-11,22,1,7.08,68
KVL-02,2026-02-12,8,2,17.48,191
KVL-02,2026-02-12,9,1,6.7,64
KVL-02,2026-02-12,10,1,3.44,74
KVL-02,2026-02-12,12,1,2.31,49
KVL-02,2026-02-12,13,2,12.95,165
KVL-02,2026-02-12,14,1,2.02,43
KVL-02,2026-02-12,16,2,4.79,102
KVL-02,2026-02-12,18,1,9.76,93
KVL-02,2026-02-12,19,2,5.46,117
KVL-02,2026-02-12,20,1,3.02,65
KVL-02,2026-02-12,22,2,28.69,274
KVL-02,2026-02-13,6,1,25.78,246
KVL-02,2026-02-13,7,1,2.92,62
KVL-02,2026-02-13,8,1,2.5,53
KVL-02,2026-02-13,9,1,3.05,65
KVL-02,2026-02-13,10,1,8.92,85
KVL-02,2026-02-13,12,2,21.88,245
KVL-02,2026-02-13,14,1,2.64,56
KVL-02,2026-02-13,16,2,29.03,277
KVL-02,2026-02-13,18,1,6.19,59
KVL-02,2026-02-13,20,2,6.02,129
KVL-02,2026-02-13,21,2,36.12,382
KVL-02,2026-02-14,5,1,2.34,50
KVL-02,2026-02-14,6,2,34.46,355
KVL-02,2026-02-14,7,1,7.52,72
KVL-02,2026-02-14,8,1,5.48,52
KVL-02,2026-02-14,9,1,6.36,61
KVL-02,2026-02-14,11,2,21.34,203
KVL-02,2026-02-14,12,1,2.46,53
KVL-02,2026-02-14,13,1,9.99,95
KVL-02,2026-02-14,14,1,31.52,301
KVL-02,2026-02-14,15,1,8.41,80
KVL-02,2026-02-14,16,1,9.24,88
KVL-02,2026-02-14,18,1,2.78,59
KVL-02,2026-02-14,19,2,25.72,284
KVL-02,2026-02-14,20,1,3.45,74
KVL-02,2026-02-14,22,1,22.28,213
KVL-02,2026-02-14,23,1,8.09,77
KVL-02,2026-02-15,1,1,21.52,205
KVL-02,2026-02-15,5,1,22.11,211
KVL-02,2026-02-15,7,1,31.8,303
KVL-02,2026-02-15,10,1,34.76,332
KVL-02,2026-02-15,12,1,3.29,70
KVL-02,2026-02-15,16,3,6.87,147
KVL-02,2026-02-15,17,2,9.07,111
KVL-02,2026-02-15,18,2,4.86,103
KVL-02,2026-02-15,19,1,9.06,86
KVL-02,2026-02-15,21,2,5.83,125
KVL-02,2026-02-15,22,1,2.98,64
KVL-02,2026-02-16,6,1,2.96,63
KVL-02,2026-02-16,7,2,9.16,122
KVL-02,2026-02-16,8,1,2.68,57
KVL-02,2026-02-16,9,2,39.68,378
KVL-02,2026-02-16,10,1,2.31,49
KVL-02,2026-02-16,11,1,3.1,66
KVL-02,2026-02-16,12,1,5.27,50
KVL-02,2026-02-16,13,1,3.24,69
KVL-02,2026-02-16,15,2,20.13,234
KVL-02,2026-02-16,16,1,3.42,73
KVL-02,2026-02-16,18,2,11.17,147
KVL-02,2026-02-16,19,2,5.32,114
KVL-02,2026-02-17,6,1,32.31,308
KVL-02,2026-02-17,8,1,8.36,80
KVL-02,2026-02-17,10,1,2.52,54
KVL-02,2026-02-17,12,1,22.64,216
KVL-02,2026-02-17,13,1,2.94,63
KVL-02,2026-02-17,14,1,27.18,259
KVL-02,2026-02-17,16,1,2.62,56
KVL-02,2026-02-17,20,3,12.57,178
KVL-02,2026-02-17,22,1,5.19,50
KVL-02,2026-02-18,0,1,2.68,57
KVL-02,2026-02-18,3,1,1.87,40
KVL-02,2026-02-18,6,1,7.52,72
KVL-02,2026-02-18,8,3,44.26,445
KVL-02,2026-02-18,11,1,23.15,221
KVL-02,2026-02-18,15,1,2.73,58
KVL-02,2026-02-18,16,1,3.45,74
KVL-02,2026-02-18,17,1,2.54,54
KVL-02,2026-02-18,18,2,8.07,109
KVL-02,2026-02-18,19,2,35.25,361
KVL-02,2026-02-18,21,1,3.35,72
KVL-02,2026-02-19,5,2,11.22,126
KVL-02,2026-02-19,6,1,14.48,138
KVL-02,2026-02-19,7,1,3.18,68
KVL-02,2026-02-19,9,2,6.41,137
KVL-02,2026-02-19,10,1,17.99,172
KVL-02,2026-02-19,11,1,2.63,56
KVL-02,2026-02-19,13,2,8.12,113
KVL-02,2026-02-19,14,1,8.98,86
KVL-02,2026-02-19,16,1,30.59,292
KVL-02,2026-02-19,17,1,3.08,66
KVL-02,2026-02-19,18,1,24.63,235
KVL-02,2026-02-19,21,1,21.82,208
KVL-02,2026-02-20,0,2,17.42,202
KVL-02,2026-02-20,7,2,4.74,101
KVL-02,2026-02-20,9,2,9.45,124
KVL-02,2026-02-20,10,1,1.92,41
KVL-02,2026-02-20,11,2,6.26,134
KVL-02,2026-02-20,12,1,7.72,74
KVL-02,2026-02-20,13,1,9.93,95
KVL-02,2026-02-20,14,1,7.2,69
KVL-02,2026-02-20,15,1,1.96,42
KVL-02,2026-02-20,16,1,6.62,63
KVL-02,2026-02-20,18,1,1.92,41
KVL-02,2026-02-20,19,2,8.51,111
KVL-02,2026-02-20,20,1,2.36,50
KVL-02,2026-02-20,21,1,1.57,34
KVL-02,2026-02-21,7,2,11.45,150
KVL-02,2026-02-21,8,1,2.12,45
KVL-02,2026-02-21,9,2,19.98,213
KVL-02,2026-02-21,10,1,17.24,164
KVL-02,2026-02-21,12,1,3.31,71
KVL-02,2026-02-21,13,2,22.2,212
KVL-02,2026-02-21,14,1,8.28,79
KVL-02,2026-02-21,15,1,2.61,56
KVL-02,2026-02-21,16,1,2.9,62
KVL-02,2026-02-21,17,2,4.89,105
KVL-02,2026-02-21,18,2,5.71,122
KVL-02,2026-02-21,19,1,3.05,65
KVL-02,2026-02-22,7,2,15.96,152
KVL-02,2026-02-22,8,1,3.03,65
KVL-02,2026-02-22,10,1,1.58,34
KVL-02,2026-02-22,11,1,2.47,53
KVL-02,2026-02-22,12,1,8.62,82
KVL-02,2026-02-22,13,1,3.23,69
KVL-02,2026-02-22,14,2,32.28,330
KVL-02,2026-02-22,15,1,1.94,41
KVL-02,2026-02-22,16,1,2.56,55
KVL-02,2026-02-22,17,1,6.84,65
KVL-02,2026-02-22,19,3,13.86,182
KVL-02,2026-02-23,5,1,2.29,49
KVL-02,2026-02-23,6,1,7.13,68
KVL-02,2026-02-23,7,1,1.69,36
KVL-02,2026-02-23,8,2,39.26,397
KVL-02,2026-02-23,9,1,3.33,71
KVL-02,2026-02-23,10,1,34.54,329
KVL-02,2026-02-23,14,1,3.17,68
KVL-02,2026-02-23,15,1,21.8,208
KVL-02,2026-02-23,16,2,4.12,88
KVL-02,2026-02-23,18,1,3.01,64
KVL-02,2026-02-23,19,1,5.12,49
KVL-02,2026-02-23,20,1,3.08,66
KVL-02,2026-02-24,5,1,1.7,36
KVL-02,2026-02-24,6,2,5.12,110
KVL-02,2026-02-24,7,2,6.36,136
KVL-02,2026-02-24,8,2,4.29,92
KVL-02,2026-02-24,10,2,4.08,87
KVL-02,2026-02-24,12,2,7.64,92
KVL-02,2026-02-24,15,2,10.44,130
KVL-02,2026-02-24,16,1,5.03,48
KVL-02,2026-02-24,17,1,1.74,37
KVL-02,2026-02-24,18,2,5.48,117
KVL-02,2026-02-24,20,2,8.86,120
KVL-02,2026-02-24,21,1,2.54,54
KVL-02,2026-02-25,2,1,2.73,58
KVL-02,2026-02-25,6,1,20.37,194
KVL-02,2026-02-25,8,1,25.99,248
KVL-02,2026-02-25,10,1,23.66,226
KVL-02,2026-02-25,15,1,2.2,47
KVL-02,2026-02-25,16,2,12.37,149
KVL-02,2026-02-25,17,1,2.2,47
KVL-02,2026-02-25,18,2,23.94,246
KVL-02,2026-02-25,19,1,34.72,331
KVL-02,2026-02-26,7,2,8.33,115
KVL-02,2026-02-26,8,1,33.77,322
KVL-02,2026-02-26,9,1,7.88,75
KVL-02,2026-02-26,10,1,24.78,236
KVL-02,2026-02-26,14,2,21.48,234
KVL-02,2026-02-26,15,1,2.49,53
KVL-02,2026-02-26,17,1,2.9,62
KVL-02,2026-02-26,18,1,8.65,83
KVL-02,2026-02-26,19,1,8.49,81
KVL-02,2026-02-26,21,1,8.14,78
KVL-02,2026-02-26,22,1,27.66,264
KVL-02,2026-02-26,23,1,8.31,79
KVL-02,2026-02-27,6,1,7.57,72
KVL-02,2026-02-27,7,1,2.72,58
KVL-02,2026-02-27,8,2,6.52,140
KVL-02,2026-02-27,10,2,8.4,111
KVL-02,2026-02-27,11,1,1.9,41
KVL-02,2026-02-27,12,2,9.25,111
KVL-02,2026-02-27,13,2,35.36,376
KVL-02,2026-02-27,15,1,20.25,193
KVL-02,2026-02-27,18,2,21.62,232
KVL-02,2026-02-27,19,1,1.79,38
KVL-02,2026-02-27,21,1,3.05,65
KVL-02,2026-02-28,0,1,3.48,74
KVL-02,2026-02-28,1,1,1.65,35
KVL-02,2026-02-28,4,2,4.15,89
KVL-02,2026-02-28,5,1,2.46,53
KVL-02,2026-02-28,6,2,3.88,83
KVL-02,2026-02-28,8,1,3.25,70
KVL-02,2026-02-28,9,1,3.3,71
KVL-02,2026-02-28,10,2,15.61,149
KVL-02,2026-02-28,12,1,1.53,33
KVL-02,2026-02-28,14,3,6.35,137
KVL-02,2026-02-28,15,1,1.98,42
KVL-02,2026-02-28,16,2,5.62,120
KVL-02,2026-02-28,17,1,2.83,61
KVL-02,2026-02-28,18,2,33.02,315
KVL-02,2026-02-28,19,2,31.54,321
KVL-02,2026-03-01,6,1,2.28,49
KVL-02,2026-03-01,7,1,3.3,71
KVL-02,2026-03-01,8,2,5.3,114
KVL-02,2026-03-01,9,1,2.07,44
KVL-02,2026-03-01,10,2,18.28,174
KVL-02,2026-03-01,11,1,7.25,69
KVL-02,2026-03-01,12,1,1.99,43
KVL-02,2026-03-01,13,1,1.95,42
KVL-02,2026-03-01,15,1,6.84,65
KVL-02,2026-03-01,16,2,4.05,86
KVL-02,2026-03-01,17,2,9.74,122
KVL-02,2026-03-01,19,1,18.31,175
KVL-02,2026-03-01,20,1,3.33,71
KVL-02,2026-03-01,22,2,4.66,100
KVL-02,2026-03-02,5,2,4.67,100
KVL-02,2026-03-02,7,3,40.77,442
KVL-02,2026-03-02,8,1,2.41,52
KVL-02,2026-03-02,10,1,2.92,62
KVL-02,2026-03-02,11,1,2.25,48
KVL-02,2026-03-02,13,2,4.43,95
KVL-02,2026-03-02,14,2,12.51,159
KVL-02,2026-03-02,16,2,5.87,126
KVL-02,2026-03-02,18,3,10.06,133
KVL-02,2026-03-02,19,2,33.41,339
KVL-02,2026-03-02,20,1,27.5,262
KVL-02,2026-03-03,5,1,1.7,36
KVL-02,2026-03-03,7,1,1.83,39
KVL-02,2026-03-03,8,3,46.18,464
KVL-02,2026-03-03,11,1,2.06,44
KVL-02,2026-03-03,12,1,7.83,75
KVL-02,2026-03-03,13,1,1.84,39
KVL-02,2026-03-03,14,1,2.93,63
KVL-02,2026-03-03,15,1,3.36,72
KVL-02,2026-03-03,16,1,14.78,141
KVL-02,2026-03-03,17,1,7.92,76
KVL-02,2026-03-03,18,1,2.72,58
KVL-02,2026-03-03,19,2,4.5,96
KVL-02,2026-03-03,20,2,5.31,114
KVL-02,2026-03-04,0,1,20.28,193
KVL-02,2026-03-04,7,2,32.91,348
KVL-02,2026-03-04,8,1,2.65,57
KVL-02,2026-03-04,9,1,2.49,53
KVL-02,2026-03-04,10,1,8.14,78
KVL-02,2026-03-04,11,1,2.03,43
KVL-02,2026-03-04,13,2,9.34,117
KVL-02,2026-03-04,14,2,15.29,146
KVL-02,2026-03-04,17,3,14.55,171
KVL-02,2026-03-04,18,1,3.05,65
KVL-02,2026-03-04,19,2,29.43,317
KVL-02,2026-03-04,20,1,5.15,49
KVL-02,2026-03-04,21,1,1.85,40
KVL-02,2026-03-05,0,1,15.48,148
KVL-02,2026-03-05,2,1,1.62,35
KVL-02,2026-03-05,7,1,2.62,56
KVL-02,2026-03-05,8,2,12.21,154
KVL-02,2026-03-05,9,2,7.12,93
KVL-02,2026-03-05,10,1,34.73,331
KVL-02,2026-03-05,11,1,9.18,88
KVL-02,2026-03-05,12,1,6.11,58
KVL-02,2026-03-05,13,1,2.03,43
KVL-02,2026-03-05,14,1,30.62,292
KVL-02,2026-03-05,16,1,3.01,64
KVL-02,2026-03-05,17,1,2.99,64
KVL-02,2026-03-05,18,1,2.12,45
KVL-02,2026-03-05,19,2,16.82,160
KVL-02,2026-03-05,20,1,2.46,53
KVL-02,2026-03-05,21,1,18.0,172
KVL-02,2026-03-05,22,1,2.2,47
KVL-02,2026-03-06,5,1,31.19,298
KVL-02,2026-03-06,6,1,2.22,47
KVL-02,2026-03-06,7,1,24.11,230
KVL-02,2026-03-06,10,1,28.23,269
KVL-02,2026-03-06,12,1,2.25,48
KVL-02,2026-03-06,13,1,15.31,146
KVL-02,2026-03-06,15,1,2.34,50
KVL-02,2026-03-06,16,2,11.57,150
KVL-02,2026-03-06,17,1,28.57,273
KVL-02,2026-03-06,18,1,2.94,63
KVL-02,2026-03-06,19,1,9.44,90
KVL-02,2026-03-06,20,1,9.95,95
KVL-02,2026-03-06,22,1,9.49,91
KVL-02,2026-03-07,6,1,3.47,74
KVL-02,2026-03-07,7,3,16.52,180
KVL-02,2026-03-07,8,1,1.58,34
KVL-02,2026-03-07,9,2,23.05,261
KVL-02,2026-03-07,10,1,16.2,155
KVL-02,2026-03-07,13,1,2.01,43
KVL-02,2026-03-07,14,1,1.99,43
KVL-02,2026-03-07,16,2,36.82,351
KVL-02,2026-03-07,17,1,3.0,64
KVL-02,2026-03-07,18,1,2.33,50
KVL-02,2026-03-07,19,1,2.39,51
KVL-02,2026-03-07,20,1,2.31,49
KVL-02,2026-03-07,21,2,17.7,190
KVL-02,2026-03-08,7,2,5.11,110
KVL-02,2026-03-08,8,1,2.17,46
KVL-02,2026-03-08,9,1,2.39,51
KVL-02,2026-03-08,10,1,3.49,75
KVL-02,2026-03-08,11,1,29.22,279
KVL-02,2026-03-08,12,1,9.24,88
KVL-02,2026-03-08,14,1,15.52,148
KVL-02,2026-03-08,16,2,64.05,611
KVL-02,2026-03-08,21,2,21.06,225
KVL-02,2026-03-09,5,1,2.6,56
KVL-02,2026-03-09,8,2,37.94,403
KVL-02,2026-03-09,9,1,5.25,50
KVL-02,2026-03-09,10,1,2.3,49
KVL-02,2026-03-09,11,1,26.32,251
KVL-02,2026-03-09,14,1,8.77,84
KVL-02,2026-03-09,15,1,2.5,53
KVL-02,2026-03-09,16,1,9.43,90
KVL-02,2026-03-09,17,1,8.97,86
KVL-02,2026-03-09,18,2,35.47,368
KVL-02,2026-03-09,19,1,2.05,44
KVL-02,2026-03-09,20,1,9.52,91
KVL-02,2026-03-09,21,1,8.64,82
KVL-02,2026-03-10,6,1,2.58,55
KVL-02,2026-03-10,7,1,18.71,178
KVL-02,2026-03-10,8,1,2.14,46
KVL-02,2026-03-10,9,1,20.71,198
KVL-02,2026-03-10,11,1,6.22,59
KVL-02,2026-03-10,12,1,3.22,69
KVL-02,2026-03-10,14,2,3.78,81
KVL-02,2026-03-10,15,2,59.17,564
KVL-02,2026-03-10,19,1,2.82,60
KVL-02,2026-03-10,20,1,26.41,252
KVL-02,2026-03-10,22,1,2.71,58
KVL-02,2026-03-11,6,1,6.23,59
KVL-02,2026-03-11,8,2,17.26,165
KVL-02,2026-03-11,10,2,4.27,92
KVL-02,2026-03-11,12,1,8.07,77
KVL-02,2026-03-11,13,2,10.11,120
KVL-02,2026-03-11,14,1,2.9,62
KVL-02,2026-03-11,15,1,1.66,36
KVL-02,2026-03-11,16,2,13.71,131
KVL-02,2026-03-11,18,3,43.91,441
KVL-02,2026-03-11,19,1,3.1,66
KVL-02,2026-03-12,2,1,1.95,42
KVL-02,2026-03-12,7,2,33.88,352
KVL-02,2026-03-12,8,1,9.89,94
KVL-02,2026-03-12,9,1,2.28,49
KVL-02,2026-03-12,10,1,26.99,257
KVL-02,2026-03-12,12,1,2.66,57
KVL-02,2026-03-12,13,1,3.07,66
KVL-02,2026-03-12,14,1,2.33,50
KVL-02,2026-03-12,16,1,7.09,68
KVL-02,2026-03-12,17,1,2.11,45
KVL-02,2026-03-12,18,2,39.87,402
KVL-02,2026-03-12,19,1,9.8,93
KVL-02,2026-03-12,21,2,22.03,232
KVL-02,2026-03-13,2,1,1.64,35
KVL-02,2026-03-13,7,2,11.82,136
KVL-02,2026-03-13,8,1,3.47,74
KVL-02,2026-03-13,9,2,36.3,346
KVL-02,2026-03-13,12,1,2.34,50
KVL-02,2026-03-13,13,1,3.43,73
KVL-02,2026-03-13,15,2,34.39,328
KVL-02,2026-03-13,18,2,28.54,307
KVL-02,2026-03-13,19,1,2.79,60
KVL-02,2026-03-13,20,1,9.39,90
KVL-02,2026-03-13,22,1,3.33,71
KVL-02,2026-03-14,5,1,36.94,352
KVL-02,2026-03-14,7,1,9.96,95
KVL-02,2026-03-14,9,1,8.87,85
KVL-02,2026-03-14,10,1,1.91,41
KVL-02,2026-03-14,11,1,2.18,47
KVL-02,2026-03-14,14,2,41.66,398
KVL-02,2026-03-14,16,1,9.84,94
KVL-02,2026-03-14,17,1,9.98,95
KVL-02,2026-03-14,19,1,9.83,94
KVL-02,2026-03-14,20,1,3.46,74
KVL-02,2026-03-14,21,2,37.66,400
KVL-02,2026-03-14,23,1,15.45,147
KVL-02,2026-03-15,0,1,2.25,48
KVL-02,2026-03-15,5,1,3.19,68
KVL-02,2026-03-15,6,2,5.42,116
KVL-02,2026-03-15,7,1,2.67,57
KVL-02,2026-03-15,8,2,8.97,116
KVL-02,2026-03-15,9,3,13.46,176
KVL-02,2026-03-15,12,2,33.02,315
KVL-02,2026-03-15,14,1,9.01,86
KVL-02,2026-03-15,15,1,1.9,41
KVL-02,2026-03-15,16,2,4.61,98
KVL-02,2026-03-15,17,2,23.52,249
KVL-02,2026-03-15,18,1,5.39,51
KVL-02,2026-03-15,19,1,15.44,147
KVL-02,2026-03-15,20,1,2.16,46
KVL-02,2026-03-15,21,1,1.7,36
KVL-02,2026-03-16,6,1,2.82,60
KVL-02,2026-03-16,8,2,31.93,327
KVL-02,2026-03-16,9,1,5.3,51
KVL-02,2026-03-16,10,1,6.25,60
KVL-02,2026-03-16,11,1,2.99,64
KVL-02,2026-03-16,12,1,3.29,70
KVL-02,2026-03-16,15,1,5.97,57
KVL-02,2026-03-16,16,1,1.56,33
KVL-02,2026-03-16,17,2,26.98,288
KVL-02,2026-03-16,18,2,37.92,384
KVL-02,2026-03-16,20,1,22.16,211
KVL-02,2026-03-17,2,1,2.97,64
KVL-02,2026-03-17,6,2,3.59,77
KVL-02,2026-03-17,8,2,12.63,161
KVL-02,2026-03-17,10,2,6.12,131
KVL-02,2026-03-17,13,1,22.54,215
KVL-02,2026-03-17,14,1,5.17,49
KVL-02,2026-03-17,15,2,32.45,332
KVL-02,2026-03-17,17,1,2.83,61
KVL-02,2026-03-17,18,1,33.15,316
KVL-02,2026-03-18,6,1,19.32,184
KVL-02,2026-03-18,7,1,6.34,60
KVL-02,2026-03-18,8,1,29.15,278
KVL-02,2026-03-18,9,1,2.32,50
KVL-02,2026-03-18,10,1,7.35,70
KVL-02,2026-03-18,12,2,26.88,275
KVL-02,2026-03-18,13,1,2.82,60
KVL-02,2026-03-18,17,3,36.94,374
KVL-02,2026-03-18,18,1,1.88,40
KVL-02,2026-03-18,19,1,2.79,60
KVL-02,2026-03-18,20,1,6.57,63
KVL-02,2026-03-18,23,1,28.47,272
KVL-02,2026-03-19,6,2,5.83,125
KVL-02,2026-03-19,7,1,2.85,61
KVL-02,2026-03-19,8,2,19.27,208
KVL-02,2026-03-19,9,1,3.04,65
KVL-02,2026-03-19,10,2,9.68,128
KVL-02,2026-03-19,11,1,9.74,93
KVL-02,2026-03-19,12,1,3.31,71
KVL-02,2026-03-19,13,1,3.21,69
KVL-02,2026-03-19,14,1,6.16,59
KVL-02,2026-03-19,15,2,4.8,103
KVL-02,2026-03-19,16,2,4.53,97
KVL-02,2026-03-19,17,2,24.61,256
KVL-02,2026-03-19,18,1,3.08,66
KVL-02,2026-03-19,19,1,17.83,170
KVL-02,2026-03-19,20,1,3.26,70
KVL-02,2026-03-20,0,1,36.99,353
KVL-02,2026-03-20,7,2,19.22,202
KVL-02,2026-03-20,8,1,7.39,70
KVL-02,2026-03-20,9,1,2.64,56
KVL-02,2026-03-20,10,1,1.78,38
KVL-02,2026-03-20,11,3,8.4,179
KVL-02,2026-03-20,12,2,9.21,106
KVL-02,2026-03-20,14,1,2.71,58
KVL-02,2026-03-20,15,2,5.91,127
KVL-02,2026-03-20,17,1,2.63,56
KVL-02,2026-03-20,18,1,2.83,61
KVL-02,2026-03-20,19,2,5.01,107
KVL-02,2026-03-20,20,2,41.85,399
KVL-02,2026-03-21,3,1,2.65,57
KVL-02,2026-03-21,6,1,2.11,45
KVL-02,2026-03-21,7,2,30.87,294
KVL-02,2026-03-21,8,1,17.99,172
KVL-02,2026-03-21,12,1,2.48,53
KVL-02,2026-03-21,13,2,5.69,122
KVL-02,2026-03-21,14,2,42.74,408
KVL-02,2026-03-21,16,1,8.36,80
KVL-02,2026-03-21,17,1,3.07,66
KVL-02,2026-03-21,19,1,7.93,76
KVL-02,2026-03-21,20,1,3.27,70
KVL-02,2026-03-22,6,2,35.06,373
KVL-02,2026-03-22,7,1,2.06,44
KVL-02,2026-03-22,8,1,3.28,70
KVL-02,2026-03-22,9,1,20.33,194
KVL-02,2026-03-22,11,1,6.51,62
KVL-02,2026-03-22,12,1,5.32,51
KVL-02,2026-03-22,13,1,6.66,64
KVL-02,2026-03-22,14,1,2.85,61
KVL-02,2026-03-22,15,3,40.86,452
KVL-02,2026-03-22,16,1,2.09,45
KVL-02,2026-03-22,17,1,3.06,65
KVL-02,2026-03-22,18,1,3.33,71
KVL-02,2026-03-22,20,1,8.11,77
KVL-02,2026-03-22,21,1,1.87,40
KVL-02,2026-03-22,22,1,2.59,55
KVL-02,2026-03-23,6,1,2.34,50
KVL-02,2026-03-23,9,1,1.99,43
KVL-02,2026-03-23,10,1,1.85,40
KVL-02,2026-03-23,11,1,2.78,59
KVL-02,2026-03-23,12,2,4.31,92
KVL-02,2026-03-23,13,2,24.57,265
KVL-02,2026-03-23,14,1,3.44,74
KVL-02,2026-03-23,15,1,1.82,39
KVL-02,2026-03-23,17,3,19.26,222
KVL-02,2026-03-23,18,1,2.3,49
KVL-02,2026-03-23,19,1,1.58,34
KVL-02,2026-03-23,22,1,2.44,52
KVL-02,2026-03-24,6,2,25.26,241
KVL-02,2026-03-24,8,1,7.44,71
KVL-02,2026-03-24,9,2,12.39,153
KVL-02,2026-03-24,10,1,16.57,158
KVL-02,2026-03-24,11,1,35.44,338
KVL-02,2026-03-24,15,1,16.04,153
KVL-02,2026-03-24,16,1,3.24,69
KVL-02,2026-03-24,18,2,10.81,129
KVL-02,2026-03-24,19,3,20.01,214
KVL-02,2026-03-24,21,2,5.13,110
KVL-02,2026-03-25,4,1,3.49,75
KVL-02,2026-03-25,5,2,22.2,250
KVL-02,2026-03-25,7,1,3.37,72
KVL-02,2026-03-25,9,1,1.94,41
KVL-02,2026-03-25,10,1,2.85,61
KVL-02,2026-03-25,11,1,7.46,71
KVL-02,2026-03-25,12,2,33.09,316
KVL-02,2026-03-25,14,1,2.52,54
KVL-02,2026-03-25,15,1,5.2,50
KVL-02,2026-03-25,16,2,3.72,80
KVL-02,2026-03-25,17,2,11.8,137
KVL-02,2026-03-25,18,2,11.65,152
KVL-02,2026-03-25,20,2,5.62,120
KVL-02,2026-03-25,21,1,2.95,63
KVL-02,2026-03-25,22,1,1.9,41
KVL-02,2026-03-26,7,1,1.57,34
KVL-02,2026-03-26,8,1,3.03,65
KVL-02,2026-03-26,12,2,11.63,152
KVL-02,2026-03-26,14,2,8.33,103
KVL-02,2026-03-26,15,2,15.43,147
KVL-02,2026-03-26,17,2,37.82,361
KVL-02,2026-03-26,18,1,2.0,43
KVL-02,2026-03-26,19,1,2.76,59
KVL-02,2026-03-26,20,1,34.98,334
KVL-02,2026-03-27,6,2,8.87,112
KVL-02,2026-03-27,7,2,8.19,107
KVL-02,2026-03-27,8,2,36.99,381
KVL-02,2026-03-27,10,1,7.1,68
KVL-02,2026-03-27,11,1,2.99,64
KVL-02,2026-03-27,12,1,1.5,32
KVL-02,2026-03-27,13,1,3.16,68
KVL-02,2026-03-27,15,1,22.47,214
KVL-02,2026-03-27,16,1,1.83,39
KVL-02,2026-03-27,17,1,1.88,40
KVL-02,2026-03-27,18,1,3.1,66
KVL-02,2026-03-27,19,2,11.05,129
KVL-02,2026-03-28,7,2,5.44,116
KVL-02,2026-03-28,8,2,8.96,116
KVL-02,2026-03-28,9,1,9.03,86
KVL-02,2026-03-28,11,1,2.63,56
KVL-02,2026-03-28,14,1,9.36,89
KVL-02,2026-03-28,16,2,25.36,262
KVL-02,2026-03-28,17,1,3.02,65
KVL-02,2026-03-28,18,1,30.85,294
KVL-02,2026-03-28,20,2,5.02,107
KVL-02,2026-03-28,22,1,5.62,54
KVL-02,2026-03-29,6,2,38.6,390
KVL-02,2026-03-29,8,1,16.34,156
KVL-02,2026-03-29,13,1,27.81,265
KVL-02,2026-03-29,14,1,2.92,62
KVL-02,2026-03-29,15,1,1.59,34
KVL-02,2026-03-29,16,1,28.45,271
KVL-02,2026-03-29,17,1,1.9,41
KVL-02,2026-03-29,18,2,22.5,235
KVL-02,2026-03-29,20,1,16.76,160
KVL-02,2026-03-30,6,1,3.24,69
KVL-02,2026-03-30,7,1,2.66,57
KVL-02,2026-03-30,8,2,4.97,107
KVL-02,2026-03-30,10,1,2.41,52
KVL-02,2026-03-30,11,2,15.47,147
KVL-02,2026-03-30,12,1,5.32,51
KVL-02,2026-03-30,15,1,3.16,68
KVL-02,2026-03-30,16,1,14.97,143
KVL-02,2026-03-30,17,1,2.89,62
KVL-02,2026-03-30,18,1,33.94,324
KVL-02,2026-03-30,19,1,9.79,93
KVL-02,2026-03-30,22,1,2.46,53
KVL-02,2026-03-31,5,1,14.28,136
KVL-02,2026-03-31,7,1,24.32,232
KVL-02,2026-03-31,9,1,6.83,65
KVL-02,2026-03-31,10,1,3.42,73
KVL-02,2026-03-31,11,2,24.54,259
KVL-02,2026-03-31,13,2,3.57,77
KVL-02,2026-03-31,14,1,3.49,75
KVL-02,2026-03-31,15,1,8.78,84
KVL-02,2026-03-31,17,2,11.99,156
KVL-02,2026-03-31,18,2,4.03,86
KVL-02,2026-03-31,19,2,25.17,240
KVL-02,2026-03-31,21,1,2.69,58
KVL-02,2026-03-31,22,1,2.94,63
KVL-02,2026-03-31,23,1,2.37,51
KVL-02,2026-04-01,7,1,15.24,145
KVL-02,2026-04-01,9,2,20.35,230
KVL-02,2026-04-01,10,1,5.23,50
KVL-02,2026-04-01,11,1,17.5,167
KVL-02,2026-04-01,12,1,37.18,355
KVL-02,2026-04-01,14,1,2.06,44
KVL-02,2026-04-01,16,1,8.61,82
KVL-02,2026-04-01,17,1,14.25,136
KVL-02,2026-04-01,18,1,3.0,64
KVL-02,2026-04-01,20,2,23.33,244
KVL-02,2026-04-01,21,1,3.02,65
KVL-02,2026-04-02,6,2,9.28,123
KVL-02,2026-04-02,7,2,10.07,131
KVL-02,2026-04-02,9,2,16.96,197
KVL-02,2026-04-02,10,1,5.7,54
KVL-02,2026-04-02,11,1,1.71,37
KVL-02,2026-04-02,12,1,2.01,43
KVL-02,2026-04-02,17,1,1.93,41
KVL-02,2026-04-02,19,3,26.46,303
KVL-02,2026-04-02,20,1,2.86,61
KVL-02,2026-04-02,21,1,2.34,50
KVL-02,2026-04-02,22,1,2.16,46
KVL-02,2026-04-02,23,1,7.68,73
KVL-02,2026-04-03,5,1,33.94,324
KVL-02,2026-04-03,7,1,2.51,54
KVL-02,2026-04-03,8,1,14.93,142
KVL-02,2026-04-03,10,1,1.92,41
KVL-02,2026-04-03,11,1,1.59,34
KVL-02,2026-04-03,12,2,4.98,106
KVL-02,2026-04-03,13,1,2.44,52
KVL-02,2026-04-03,14,1,2.59,55
KVL-02,2026-04-03,15,2,28.39,271
KVL-02,2026-04-03,17,1,2.24,48
KVL-02,2026-04-03,18,1,3.06,65
KVL-02,2026-04-03,19,1,7.06,67
KVL-02,2026-04-04,6,2,46.05,440
KVL-02,2026-04-04,9,1,2.43,52
KVL-02,2026-04-04,10,1,9.08,87
KVL-02,2026-04-04,11,1,2.14,46
KVL-02,2026-04-04,12,3,33.47,345
KVL-02,2026-04-04,14,1,24.99,238
KVL-02,2026-04-04,16,1,30.02,286
KVL-02,2026-04-04,18,1,2.71,58
KVL-02,2026-04-04,19,1,5.97,57
KVL-02,2026-04-04,20,1,3.25,70
KVL-02,2026-04-04,21,1,3.23,69
KVL-02,2026-04-05,3,1,3.04,65
KVL-02,2026-04-05,6,2,6.7,144
KVL-02,2026-04-05,7,1,20.91,199
KVL-02,2026-04-05,8,1,1.99,43
KVL-02,2026-04-05,9,2,3.67,79
KVL-02,2026-04-05,10,1,2.38,51
KVL-02,2026-04-05,11,2,6.05,130
KVL-02,2026-04-05,12,1,15.59,149
KVL-02,2026-04-05,13,1,2.43,52
KVL-02,2026-04-05,14,1,30.87,294
KVL-02,2026-04-05,15,1,15.61,149
KVL-02,2026-04-05,18,1,37.31,356
KVL-02,2026-04-05,19,1,5.29,50
KVL-02,2026-04-05,20,1,7.28,69
KVL-02,2026-04-06,6,2,5.26,113
KVL-02,2026-04-06,7,2,5.52,118
KVL-02,2026-04-06,8,2,14.53,139
KVL-02,2026-04-06,9,1,1.75,37
KVL-02,2026-04-06,10,1,2.73,58
KVL-02,2026-04-06,11,2,24.45,233
KVL-02,2026-04-06,14,1,3.35,72
KVL-02,2026-04-06,16,1,2.16,46
KVL-02,2026-04-06,17,3,7.14,153
KVL-02,2026-04-06,18,1,1.82,39
KVL-02,2026-04-06,19,2,3.58,77
KVL-02,2026-04-06,20,1,3.42,73
KVL-02,2026-04-06,22,1,1.97,42
KVL-02,2026-04-06,23,1,1.98,42
KVL-02,2026-04-07,6,1,2.16,46
KVL-02,2026-04-07,7,1,7.1,68
KVL-02,2026-04-07,8,1,9.48,90
KVL-02,2026-04-07,9,2,34.3,328
KVL-02,2026-04-07,11,1,9.92,95
KVL-02,2026-04-07,14,1,2.82,60
KVL-02,2026-04-07,16,1,7.15,68
KVL-02,2026-04-07,17,2,5.54,119
KVL-02,2026-04-07,18,3,10.83,163
KVL-02,2026-04-07,19,1,2.53,54
KVL-02,2026-04-07,20,2,4.78,102
KVL-02,2026-04-07,21,2,52.29,499
KVL-02,2026-04-08,5,2,10.08,126
KVL-02,2026-04-08,7,2,5.85,125
KVL-02,2026-04-08,8,2,5.4,115
KVL-02,2026-04-08,9,1,2.31,49
KVL-02,2026-04-08,10,1,3.23,69
KVL-02,2026-04-08,12,2,5.8,124
KVL-02,2026-04-08,14,1,1.67,36
KVL-02,2026-04-08,15,1,9.43,90
KVL-02,2026-04-08,16,1,2.74,59
KVL-02,2026-04-08,17,1,2.48,53
KVL-02,2026-04-08,18,1,25.93,247
KVL-02,2026-04-08,19,2,7.21,88
KVL-02,2026-04-08,20,1,3.29,70
KVL-02,2026-04-08,22,1,8.16,78
KVL-02,2026-04-09,6,1,3.02,65
KVL-02,2026-04-09,7,1,2.25,48
KVL-02,2026-04-09,8,2,5.21,112
KVL-02,2026-04-09,9,2,9.15,126
KVL-02,2026-04-09,10,1,2.47,53
KVL-02,2026-04-09,11,2,4.85,103
KVL-02,2026-04-09,12,1,2.8,60
KVL-02,2026-04-09,13,1,2.64,56
KVL-02,2026-04-09,14,1,2.95,63
KVL-02,2026-04-09,15,2,7.69,98
KVL-02,2026-04-09,16,1,2.18,47
KVL-02,2026-04-09,17,2,8.31,113
KVL-02,2026-04-09,19,2,3.82,81
KVL-02,2026-04-09,20,1,32.12,306
KVL-02,2026-04-10,8,2,30.49,291
KVL-02,2026-04-10,10,1,2.07,44
KVL-02,2026-04-10,11,1,1.77,38
KVL-02,2026-04-10,12,1,2.0,43
KVL-02,2026-04-10,13,2,11.19,132
KVL-02,2026-04-10,15,1,1.69,36
KVL-02,2026-04-10,17,2,4.77,102
KVL-02,2026-04-10,18,2,4.4,95
KVL-02,2026-04-10,19,1,2.7,58
KVL-02,2026-04-10,20,1,3.03,65
KVL-02,2026-04-10,21,2,4.43,95
KVL-02,2026-04-10,22,1,1.59,34
KVL-02,2026-04-11,6,1,27.45,262
KVL-02,2026-04-11,7,1,8.32,79
KVL-02,2026-04-11,8,1,15.71,150
KVL-02,2026-04-11,10,1,3.05,65
KVL-02,2026-04-11,11,1,7.46,71
KVL-02,2026-04-11,13,1,2.06,44
KVL-02,2026-04-11,14,1,23.19,221
KVL-02,2026-04-11,15,1,1.95,42
KVL-02,2026-04-11,16,1,2.49,53
KVL-02,2026-04-11,17,2,5.05,108
KVL-02,2026-04-11,18,1,1.58,34
KVL-02,2026-04-11,19,2,5.97,128
KVL-02,2026-04-11,20,2,4.61,98
KVL-02,2026-04-11,21,1,2.72,58
KVL-02,2026-04-12,6,1,24.14,230
KVL-02,2026-04-12,7,1,2.5,53
KVL-02,2026-04-12,8,1,2.21,47
KVL-02,2026-04-12,9,1,35.01,334
KVL-02,2026-04-12,10,1,3.38,72
KVL-02,2026-04-12,14,2,29.98,313
KVL-02,2026-04-12,15,1,3.31,71
KVL-02,2026-04-12,16,1,32.79,313
KVL-02,2026-04-12,18,1,34.71,331
KVL-02,2026-04-12,22,1,3.12,67
KVL-02,2026-04-13,6,2,5.6,120
KVL-02,2026-04-13,7,2,13.72,131
KVL-02,2026-04-13,9,1,2.34,50
KVL-02,2026-04-13,10,2,12.32,152
KVL-02,2026-04-13,11,2,34.53,348
KVL-02,2026-04-13,12,1,5.81,55
KVL-02,2026-04-13,15,1,1.73,37
KVL-02,2026-04-13,16,1,1.89,40
KVL-02,2026-04-13,17,2,42.07,402
KVL-02,2026-04-13,18,1,1.86,40
KVL-02,2026-04-13,19,1,2.07,44
KVL-02,2026-04-13,20,1,2.13,46
KVL-02,2026-04-13,22,2,5.65,120
KVL-02,2026-04-13,23,1,5.82,56
KVL-02,2026-04-14,6,2,9.4,109
KVL-02,2026-04-14,10,1,2.13,46
KVL-02,2026-04-14,11,2,34.58,330
KVL-02,2026-04-14,13,1,2.38,51
KVL-02,2026-04-14,16,1,2.45,52
KVL-02,2026-04-14,18,1,1.99,43
KVL-02,2026-04-14,19,1,7.83,75
KVL-02,2026-04-14,20,2,6.16,132
KVL-02,2026-04-14,21,1,1.53,33
KVL-02,2026-04-14,23,1,36.96,353
KVL-02,2026-04-15,0,1,1.73,37
KVL-02,2026-04-15,7,1,9.41,90
KVL-02,2026-04-15,8,3,25.82,296
KVL-02,2026-04-15,11,1,1.6,34
KVL-02,2026-04-15,15,2,9.05,109
KVL-02,2026-04-15,16,2,3.34,71
KVL-02,2026-04-15,17,1,2.1,45
KVL-02,2026-04-15,18,2,11.75,134
KVL-02,2026-04-15,19,2,6.65,143
KVL-02,2026-04-15,22,1,8.48,81
KVL-02,2026-04-15,23,1,1.81,39
KVL-02,2026-04-16,6,1,2.74,59
KVL-02,2026-04-16,7,2,5.45,117
KVL-02,2026-04-16,9,2,6.55,140
KVL-02,2026-04-16,10,1,2.47,53
KVL-02,2026-04-16,12,1,2.11,45
KVL-02,2026-04-16,15,1,1.76,38
KVL-02,2026-04-16,16,1,30.31,289
KVL-02,2026-04-16,17,1,2.62,56
KVL-02,2026-04-16,18,1,2.72,58
KVL-02,2026-04-16,19,1,2.68,57
KVL-02,2026-04-16,20,1,1.68,36
KVL-02,2026-04-16,21,1,17.51,167
KVL-02,2026-04-17,7,2,5.49,117
KVL-02,2026-04-17,9,2,10.31,132
KVL-02,2026-04-17,12,2,5.22,112
KVL-02,2026-04-17,14,1,2.75,59
KVL-02,2026-04-17,15,2,27.39,301
KVL-02,2026-04-17,18,1,2.55,55
KVL-02,2026-04-17,19,2,37.53,385
KVL-02,2026-04-17,22,1,1.91,41
KVL-02,2026-04-18,6,2,18.48,197
KVL-02,2026-04-18,7,1,8.25,79
KVL-02,2026-04-18,8,2,44.15,421
KVL-02,2026-04-18,10,2,4.04,86
KVL-02,2026-04-18,12,1,1.84,39
KVL-02,2026-04-18,13,1,8.73,83
KVL-02,2026-04-18,14,1,18.37,175
KVL-02,2026-04-18,15,1,3.46,74
KVL-02,2026-04-18,16,1,1.62,35
KVL-02,2026-04-18,17,2,28.71,294
KVL-02,2026-04-18,18,1,1.72,37
KVL-02,2026-04-18,19,1,3.19,68
KVL-02,2026-04-18,20,1,6.67,64
KVL-02,2026-04-18,21,1,1.64,35
KVL-02,2026-04-19,6,1,5.99,57
KVL-02,2026-04-19,7,2,11.14,137
KVL-02,2026-04-19,8,2,26.3,251
KVL-02,2026-04-19,12,1,9.93,95
KVL-02,2026-04-19,13,1,23.42,223
KVL-02,2026-04-19,15,1,7.79,74
KVL-02,2026-04-19,16,1,2.97,64
KVL-02,2026-04-19,17,1,9.33,89
KVL-02,2026-04-19,18,2,5.73,123
KVL-02,2026-04-19,19,2,26.36,251
KVL-02,2026-04-19,20,1,2.88,62
KVL-02,2026-04-20,3,1,1.6,34
KVL-02,2026-04-20,4,1,7.7,73
KVL-02,2026-04-20,5,1,1.89,40
KVL-02,2026-04-20,6,1,32.73,312
KVL-02,2026-04-20,9,1,25.24,241
KVL-02,2026-04-20,11,1,7.46,71
KVL-02,2026-04-20,12,1,5.36,51
KVL-02,2026-04-20,13,2,39.74,406
KVL-02,2026-04-20,14,1,9.04,86
KVL-02,2026-04-20,15,1,2.12,45
KVL-02,2026-04-20,17,1,5.05,48
KVL-02,2026-04-20,18,1,21.69,207
KVL-02,2026-04-20,19,1,9.0,86
KVL-02,2026-04-20,22,1,8.95,85
KVL-02,2026-04-21,7,1,2.82,60
KVL-02,2026-04-21,8,1,1.75,37
KVL-02,2026-04-21,9,3,12.97,179
KVL-02,2026-04-21,10,1,1.85,40
KVL-02,2026-04-21,12,2,26.73,255
KVL-02,2026-04-21,13,1,2.27,49
KVL-02,2026-04-21,14,1,3.37,72
KVL-02,2026-04-21,16,1,3.15,67
KVL-02,2026-04-21,18,2,14.23,136
KVL-02,2026-04-21,19,2,5.82,125
KVL-02,2026-04-21,20,1,23.29,222
KVL-02,2026-04-21,21,1,35.38,337
KVL-02,2026-04-22,5,1,6.76,64
KVL-02,2026-04-22,7,1,16.77,160
KVL-02,2026-04-22,8,1,27.24,260
KVL-02,2026-04-22,10,1,6.03,58
KVL-02,2026-04-22,13,1,35.35,337
KVL-02,2026-04-22,15,1,2.27,49
KVL-02,2026-04-22,16,1,8.81,84
KVL-02,2026-04-22,17,1,2.13,46
KVL-02,2026-04-22,18,2,66.81,638
KVL-02,2026-04-23,4,1,2.12,45
KVL-02,2026-04-23,6,2,5.86,125
KVL-02,2026-04-23,7,2,23.12,221
KVL-02,2026-04-23,8,1,3.43,73
KVL-02,2026-04-23,9,1,2.7,58
KVL-02,2026-04-23,10,2,34.57,330
KVL-02,2026-04-23,12,1,18.67,178
KVL-02,2026-04-23,14,1,1.77,38
KVL-02,2026-04-23,15,2,40.95,427
KVL-02,2026-04-23,16,1,8.34,80
KVL-02,2026-04-23,17,1,2.84,61
KVL-02,2026-04-23,18,1,1.81,39
KVL-02,2026-04-23,19,1,3.1,66
KVL-02,2026-04-24,8,2,45.93,438
KVL-02,2026-04-24,10,1,2.84,61
KVL-02,2026-04-24,11,1,2.35,50
KVL-02,2026-04-24,13,1,2.39,51
KVL-02,2026-04-24,15,2,6.22,133
KVL-02,2026-04-24,16,1,1.68,36
KVL-02,2026-04-24,17,1,1.6,34
KVL-02,2026-04-24,19,2,11.34,139
KVL-02,2026-04-24,20,1,5.72,55
KVL-02,2026-04-25,6,1,1.66,36
KVL-02,2026-04-25,7,2,38.27,365
KVL-02,2026-04-25,8,1,2.18,47
KVL-02,2026-04-25,9,1,5.67,54
KVL-02,2026-04-25,10,1,27.78,265
KVL-02,2026-04-25,12,1,3.14,67
KVL-02,2026-04-25,13,1,2.52,54
KVL-02,2026-04-25,14,1,8.58,82
KVL-02,2026-04-25,15,1,20.15,192
KVL-02,2026-04-25,17,1,3.32,71
KVL-02,2026-04-25,18,2,4.88,105
KVL-02,2026-04-25,19,2,9.29,122
KVL-02,2026-04-25,20,2,33.11,335
KVL-02,2026-04-25,21,1,2.82,60
KVL-02,2026-04-26,4,1,1.7,36
KVL-02,2026-04-26,5,1,32.1,306
KVL-02,2026-04-26,6,1,2.09,45
KVL-02,2026-04-26,7,1,7.18,68
KVL-02,2026-04-26,8,1,5.31,51
KVL-02,2026-04-26,9,1,3.33,71
KVL-02,2026-04-26,10,1,3.46,74
KVL-02,2026-04-26,11,2,12.22,157
KVL-02,2026-04-26,12,1,2.06,44
KVL-02,2026-04-26,13,2,8.25,100
KVL-02,2026-04-26,16,1,2.63,56
KVL-02,2026-04-26,17,2,32.75,351
KVL-02,2026-04-26,18,1,3.5,75
KVL-02,2026-04-26,19,1,2.03,43
KVL-02,2026-04-26,21,1,7.87,75
KVL-02,2026-04-26,22,1,17.45,166
KVL-02,2026-04-27,6,2,4.44,95
KVL-02,2026-04-27,7,1,2.12,45
KVL-02,2026-04-27,8,2,5.45,117
KVL-02,2026-04-27,10,2,3.76,80
KVL-02,2026-04-27,11,1,32.16,307
KVL-02,2026-04-27,16,2,8.67,107
KVL-02,2026-04-27,17,1,2.97,64
KVL-02,2026-04-27,18,2,10.95,133
KVL-02,2026-04-27,19,2,10.26,129
KVL-02,2026-04-27,20,2,11.1,133
KVL-02,2026-04-27,23,1,6.74,64
KVL-02,2026-04-28,0,1,3.32,71
KVL-02,2026-04-28,1,1,2.63,56
KVL-02,2026-04-28,5,1,2.16,46
KVL-02,2026-04-28,8,3,6.76,145
KVL-02,2026-04-28,9,2,41.01,430
KVL-02,2026-04-28,11,1,1.87,40
KVL-02,2026-04-28,12,1,2.28,49
KVL-02,2026-04-28,13,1,2.96,63
KVL-02,2026-04-28,14,1,9.05,86
KVL-02,2026-04-28,15,1,17.93,171
KVL-02,2026-04-28,16,1,2.54,54
KVL-02,2026-04-28,17,1,5.28,50
KVL-02,2026-04-28,18,2,24.18,258
KVL-02,2026-04-28,19,1,9.01,86
KVL-02,2026-04-28,21,1,20.02,191
KVL-02,2026-04-29,0,1,2.0,43
KVL-02,2026-04-29,5,1,3.05,65
KVL-02,2026-04-29,6,3,7.12,152
KVL-02,2026-04-29,7,2,6.22,133
KVL-02,2026-04-29,9,3,46.46,473
KVL-02,2026-04-29,10,1,2.23,48
KVL-02,2026-04-29,11,1,7.83,75
KVL-02,2026-04-29,12,1,2.63,56
KVL-02,2026-04-29,15,1,5.8,55
KVL-02,2026-04-29,17,2,33.95,359
KVL-02,2026-04-29,19,1,6.46,62
KVL-02,2026-04-29,20,1,27.83,265
KVL-02,2026-04-30,4,2,3.28,70
KVL-02,2026-04-30,7,2,13.16,125
KVL-02,2026-04-30,10,1,2.04,44
KVL-02,2026-04-30,12,2,44.31,423
KVL-02,2026-04-30,14,1,3.01,64
KVL-02,2026-04-30,15,1,17.79,170
KVL-02,2026-04-30,17,1,2.71,58
KVL-02,2026-04-30,18,1,1.56,33
KVL-02,2026-04-30,19,2,28.11,302
KVL-02,2026-04-30,20,1,3.11,67
KVL-02,2026-04-30,21,1,3.37,72
KVL-02,2026-05-01,0,2,38.79,370
KVL-02,2026-05-01,6,1,2.92,62
KVL-02,2026-05-01,7,2,43.28,412
KVL-02,2026-05-01,9,1,7.24,69
KVL-02,2026-05-01,10,1,2.94,63
KVL-02,2026-05-01,11,1,2.09,45
KVL-02,2026-05-01,12,2,7.9,102
KVL-02,2026-05-01,13,1,3.31,71
KVL-02,2026-05-01,14,1,9.87,94
KVL-02,2026-05-01,15,2,4.91,105
KVL-02,2026-05-01,17,1,2.89,62
KVL-02,2026-05-01,18,1,2.77,59
KVL-02,2026-05-01,19,2,9.87,113
KVL-02,2026-05-01,20,1,2.56,55
KVL-02,2026-05-02,5,1,1.95,42
KVL-02,2026-05-02,6,1,6.56,63
KVL-02,2026-05-02,7,1,2.6,56
KVL-02,2026-05-02,8,1,2.49,53
KVL-02,2026-05-02,9,1,2.48,53
KVL-02,2026-05-02,10,2,5.09,108
KVL-02,2026-05-02,11,2,38.65,399
KVL-02,2026-05-02,12,1,1.82,39
KVL-02,2026-05-02,13,1,6.32,60
KVL-02,2026-05-02,14,1,3.29,70
KVL-02,2026-05-02,15,1,1.7,36
KVL-02,2026-05-02,17,3,17.41,202
KVL-02,2026-05-02,19,2,10.96,146
KVL-02,2026-05-02,20,2,5.41,116
KVL-02,2026-05-02,21,2,4.51,96
KVL-02,2026-05-02,22,2,19.59,223
KVL-02,2026-05-03,7,2,8.72,114
KVL-02,2026-05-03,8,2,31.47,337
KVL-02,2026-05-03,11,1,2.38,51
KVL-02,2026-05-03,12,1,2.75,59
KVL-02,2026-05-03,13,1,16.18,154
KVL-02,2026-05-03,14,1,2.29,49
KVL-02,2026-05-03,15,1,2.56,55
KVL-02,2026-05-03,16,2,36.4,375
KVL-02,2026-05-03,17,1,1.91,41
KVL-02,2026-05-03,18,1,1.83,39
KVL-02,2026-05-03,19,1,8.76,84
KVL-02,2026-05-03,20,1,1.89,40
KVL-02,2026-05-03,21,1,3.08,66
KVL-02,2026-05-04,5,1,8.69,83
KVL-02,2026-05-04,7,1,3.2,68
KVL-02,2026-05-04,8,2,41.85,399
KVL-02,2026-05-04,11,1,2.39,51
KVL-02,2026-05-04,12,2,40.49,386
KVL-02,2026-05-04,13,1,2.66,57
KVL-02,2026-05-04,14,1,27.86,266
KVL-02,2026-05-04,18,1,3.15,67
KVL-02,2026-05-04,21,1,3.15,67
KVL-02,2026-05-05,1,1,2.92,62
KVL-02,2026-05-05,2,1,35.85,342
KVL-02,2026-05-05,5,1,1.58,34
KVL-02,2026-05-05,6,1,9.76,93
KVL-02,2026-05-05,8,2,11.8,137
KVL-02,2026-05-05,9,1,9.88,94
KVL-02,2026-05-05,11,2,6.62,141
KVL-02,2026-05-05,14,2,10.63,137
KVL-02,2026-05-05,15,1,1.65,35
KVL-02,2026-05-05,16,1,1.8,39
KVL-02,2026-05-05,17,3,20.9,254
KVL-02,2026-05-05,19,1,3.48,74
KVL-02,2026-05-05,20,2,39.53,409
KVL-02,2026-05-05,22,1,32.62,311
KVL-02,2026-05-06,8,2,39.64,408
KVL-02,2026-05-06,9,1,2.98,64
KVL-02,2026-05-06,10,1,9.74,93
KVL-02,2026-05-06,12,1,37.06,354
KVL-02,2026-05-06,14,1,3.29,70
KVL-02,2026-05-06,15,1,2.93,63
KVL-02,2026-05-06,17,1,24.2,231
KVL-02,2026-05-06,18,1,2.53,54
KVL-02,2026-05-06,19,1,1.59,34
KVL-02,2026-05-06,20,1,3.23,69
KVL-02,2026-05-06,21,2,39.94,381
KVL-02,2026-05-07,5,1,5.24,50
KVL-02,2026-05-07,7,1,2.63,56
KVL-02,2026-05-07,9,2,5.56,119
KVL-02,2026-05-07,10,2,4.39,94
KVL-02,2026-05-07,11,3,7.08,151
KVL-02,2026-05-07,13,1,1.51,32
KVL-02,2026-05-07,14,1,1.75,37
KVL-02,2026-05-07,15,2,58.75,561
KVL-02,2026-05-07,19,1,9.53,91
KVL-02,2026-05-07,20,1,8.43,80
KVL-02,2026-05-07,21,1,35.4,338
KVL-02,2026-05-08,6,2,42.15,402
KVL-02,2026-05-08,9,1,6.72,64
KVL-02,2026-05-08,11,1,2.95,63
KVL-02,2026-05-08,12,1,2.41,52
KVL-02,2026-05-08,13,2,20.14,221
KVL-02,2026-05-08,16,1,1.59,34
KVL-02,2026-05-08,17,2,11.63,133
KVL-02,2026-05-08,18,1,2.73,58
KVL-02,2026-05-08,19,1,2.47,53
KVL-02,2026-05-08,20,2,9.09,118
KVL-02,2026-05-08,21,1,2.76,59
KVL-02,2026-05-09,7,2,10.86,136
KVL-02,2026-05-09,9,1,2.65,57
KVL-02,2026-05-09,10,2,12.36,151
KVL-02,2026-05-09,11,1,3.22,69
KVL-02,2026-05-09,12,2,6.38,137
KVL-02,2026-05-09,13,1,31.81,303
KVL-02,2026-05-09,14,1,17.61,168
KVL-02,2026-05-09,16,1,7.73,74
KVL-02,2026-05-09,18,2,41.23,393
KVL-02,2026-05-09,19,1,5.97,57
KVL-02,2026-05-09,21,1,6.4,61
KVL-02,2026-05-09,22,1,1.78,38
KVL-02,2026-05-10,6,1,2.8,60
KVL-02,2026-05-10,7,2,39.71,418
KVL-02,2026-05-10,8,1,3.29,70
KVL-02,2026-05-10,9,1,5.51,53
KVL-02,2026-05-10,10,1,7.21,69
KVL-02,2026-05-10,11,1,3.36,72
KVL-02,2026-05-10,13,2,28.88,275
KVL-02,2026-05-10,15,2,4.84,103
KVL-02,2026-05-10,17,2,23.9,267
KVL-02,2026-05-10,18,1,32.02,305
KVL-02,2026-05-10,20,1,2.14,46
KVL-02,2026-05-11,5,2,12.77,156
KVL-02,2026-05-11,6,1,7.39,70
KVL-02,2026-05-11,7,1,2.47,53
KVL-02,2026-05-11,8,2,4.46,96
KVL-02,2026-05-11,9,1,2.67,57
KVL-02,2026-05-11,11,1,2.41,52
KVL-02,2026-05-11,13,1,15.97,152
KVL-02,2026-05-11,14,1,23.33,223
KVL-02,2026-05-11,16,1,2.49,53
KVL-02,2026-05-11,18,2,5.73,122
KVL-02,2026-05-11,19,1,2.5,53
KVL-02,2026-05-11,20,3,8.01,171
KVL-02,2026-05-12,0,1,2.47,53
KVL-02,2026-05-12,7,3,26.31,298
KVL-02,2026-05-12,8,1,6.18,59
KVL-02,2026-05-12,10,2,5.43,117
KVL-02,2026-05-12,11,1,2.33,50
KVL-02,2026-05-12,12,1,8.15,78
KVL-02,2026-05-12,14,2,3.16,67
KVL-02,2026-05-12,15,1,7.13,68
KVL-02,2026-05-12,16,2,5.27,112
KVL-02,2026-05-12,17,2,41.28,393
KVL-02,2026-05-12,19,1,5.21,50
KVL-02,2026-05-12,20,1,27.52,263
KVL-02,2026-05-13,7,1,3.45,74
KVL-02,2026-05-13,8,1,8.27,79
KVL-02,2026-05-13,9,2,36.58,385
KVL-02,2026-05-13,11,1,3.0,64
KVL-02,2026-05-13,13,1,1.68,36
KVL-02,2026-05-13,14,1,2.07,44
KVL-02,2026-05-13,15,1,1.88,40
KVL-02,2026-05-13,17,1,1.95,42
KVL-02,2026-05-13,18,3,28.53,331
KVL-02,2026-05-13,19,1,3.46,74
KVL-02,2026-05-13,21,1,2.2,47
KVL-02,2026-05-13,22,1,20.58,196
KVL-02,2026-05-14,5,1,6.45,62
KVL-02,2026-05-14,6,1,2.95,63
KVL-02,2026-05-14,7,1,2.02,43
KVL-02,2026-05-14,8,2,9.51,126
KVL-02,2026-05-14,11,1,1.9,41
KVL-02,2026-05-14,13,1,3.13,67
KVL-02,2026-05-14,14,1,1.51,32
KVL-02,2026-05-14,15,1,28.2,269
KVL-02,2026-05-14,16,1,2.05,44
KVL-02,2026-05-14,17,1,1.57,34
KVL-02,2026-05-14,18,1,6.84,65
KVL-02,2026-05-14,19,1,6.85,65
KVL-02,2026-05-15,0,1,2.61,56
KVL-02,2026-05-15,7,1,1.65,35
KVL-02,2026-05-15,8,2,6.56,140
KVL-02,2026-05-15,9,2,44.13,421
KVL-02,2026-05-15,12,1,2.37,51
KVL-02,2026-05-15,14,2,11.05,140
KVL-02,2026-05-15,15,1,8.26,79
KVL-02,2026-05-15,16,1,2.6,56
KVL-02,2026-05-15,17,2,6.36,136
KVL-02,2026-05-15,19,2,4.46,95
KVL-02,2026-05-15,20,2,3.92,83
KVL-02,2026-05-15,21,1,2.55,55
KVL-02,2026-05-15,22,1,16.79,160
KVL-02,2026-05-16,3,1,9.46,90
KVL-02,2026-05-16,8,4,7.43,159
KVL-02,2026-05-16,9,2,5.18,111
KVL-02,2026-05-16,10,2,38.39,397
KVL-02,2026-05-16,12,1,1.59,34
KVL-02,2026-05-16,13,1,3.17,68
KVL-02,2026-05-16,16,3,6.75,144
KVL-02,2026-05-16,17,2,18.69,179
KVL-02,2026-05-16,18,1,1.77,38
KVL-02,2026-05-16,19,2,13.23,165
KVL-02,2026-05-16,20,1,8.67,83
KVL-02,2026-05-16,21,1,1.52,33
KVL-02,2026-05-16,22,1,23.29,222
KVL-02,2026-05-17,7,2,24.08,252
KVL-02,2026-05-17,8,1,2.94,63
KVL-02,2026-05-17,9,1,2.38,51
KVL-02,2026-05-17,10,2,36.11,345
KVL-02,2026-05-17,13,1,2.39,51
KVL-02,2026-05-17,14,2,34.09,362
KVL-02,2026-05-17,16,1,2.49,53
KVL-02,2026-05-17,17,1,2.67,57
KVL-02,2026-05-17,18,1,2.13,46
KVL-02,2026-05-17,19,2,3.93,84
KVL-02,2026-05-17,20,2,18.1,210
KVL-02,2026-05-17,21,1,36.47,348
KVL-02,2026-05-18,6,1,3.2,68
KVL-02,2026-05-18,7,1,1.67,36
KVL-02,2026-05-18,9,2,21.54,231
KVL-02,2026-05-18,10,1,2.51,54
KVL-02,2026-05-18,12,1,2.8,60
KVL-02,2026-05-18,13,2,4.47,95
KVL-02,2026-05-18,14,2,13.51,129
KVL-02,2026-05-18,16,2,5.65,120
KVL-02,2026-05-18,17,2,4.88,104
KVL-02,2026-05-18,18,2,11.8,137
KVL-02,2026-05-18,19,2,4.62,98
KVL-02,2026-05-18,20,1,33.89,323
KVL-02,2026-05-18,21,1,37.5,358
KVL-02,2026-05-19,0,1,2.49,53
KVL-02,2026-05-19,7,1,5.59,53
KVL-02,2026-05-19,8,2,9.31,111
KVL-02,2026-05-19,10,1,33.42,319
KVL-02,2026-05-19,11,1,2.55,55
KVL-02,2026-05-19,14,2,8.15,99
KVL-02,2026-05-19,15,1,2.72,58
KVL-02,2026-05-19,17,2,19.45,221
KVL-02,2026-05-19,18,1,9.53,91
KVL-02,2026-05-19,20,2,5.72,123
KVL-02,2026-05-19,21,1,2.41,52
KVL-02,2026-05-20,7,1,9.11,87
KVL-02,2026-05-20,8,1,2.29,49
KVL-02,2026-05-20,9,2,9.14,118
KVL-02,2026-05-20,10,3,19.74,238
KVL-02,2026-05-20,12,1,29.73,284
KVL-02,2026-05-20,13,1,6.68,64
KVL-02,2026-05-20,15,1,1.74,37
KVL-02,2026-05-20,16,1,8.17,78
KVL-02,2026-05-20,17,2,4.18,89
KVL-02,2026-05-20,18,2,18.73,211
KVL-02,2026-05-20,19,1,15.59,149
KVL-02,2026-05-20,21,1,22.59,215
KVL-02,2026-05-21,4,1,8.19,78
KVL-02,2026-05-21,7,2,5.4,116
KVL-02,2026-05-21,8,2,43.07,411
KVL-02,2026-05-21,9,1,1.66,36
KVL-02,2026-05-21,10,1,14.31,137
KVL-02,2026-05-21,14,2,8.28,99
KVL-02,2026-05-21,15,1,28.24,269
KVL-02,2026-05-21,16,1,3.0,64
KVL-02,2026-05-21,17,1,30.56,292
KVL-02,2026-05-21,20,1,2.36,50
KVL-02,2026-05-21,23,1,1.55,33
KVL-02,2026-05-22,6,2,31.26,320
KVL-02,2026-05-22,7,1,1.99,43
KVL-02,2026-05-22,8,1,2.6,56
KVL-02,2026-05-22,9,1,2.93,63
KVL-02,2026-05-22,10,2,4.77,102
KVL-02,2026-05-22,11,1,2.47,53
KVL-02,2026-05-22,13,2,6.05,130
KVL-02,2026-05-22,16,2,5.44,116
KVL-02,2026-05-22,17,3,35.44,392
KVL-02,2026-05-22,18,1,3.25,70
KVL-02,2026-05-22,20,1,1.58,34
KVL-02,2026-05-22,22,1,1.98,42
KVL-02,2026-05-23,6,2,10.2,128
KVL-02,2026-05-23,7,2,10.08,121
KVL-02,2026-05-23,8,1,1.79,38
KVL-02,2026-05-23,9,2,6.91,148
KVL-02,2026-05-23,10,2,5.48,117
KVL-02,2026-05-23,11,1,8.32,79
KVL-02,2026-05-23,12,2,6.51,139
KVL-02,2026-05-23,13,1,2.87,61
KVL-02,2026-05-23,14,2,9.11,121
KVL-02,2026-05-23,15,1,37.11,354
KVL-02,2026-05-23,16,1,2.55,55
KVL-02,2026-05-23,17,1,3.21,69
KVL-02,2026-05-23,18,1,1.72,37
KVL-02,2026-05-23,19,1,2.86,61
KVL-02,2026-05-23,20,1,6.29,60
KVL-02,2026-05-23,21,3,42.19,469
KVL-02,2026-05-24,5,1,1.55,33
KVL-02,2026-05-24,6,1,3.25,70
KVL-02,2026-05-24,7,3,35.2,375
KVL-02,2026-05-24,9,1,2.47,53
KVL-02,2026-05-24,10,1,2.39,51
KVL-02,2026-05-24,11,1,7.22,69
KVL-02,2026-05-24,12,2,9.57,113
KVL-02,2026-05-24,13,1,2.11,45
KVL-02,2026-05-24,14,3,8.86,190
KVL-02,2026-05-24,16,1,36.47,348
KVL-02,2026-05-24,17,2,5.29,113
KVL-02,2026-05-24,19,2,4.03,86
KVL-02,2026-05-24,20,1,7.4,71
KVL-02,2026-05-24,22,1,7.25,69
KVL-02,2026-05-25,1,1,16.18,154
KVL-02,2026-05-25,7,2,5.8,124
KVL-02,2026-05-25,8,2,4.05,87
KVL-02,2026-05-25,9,1,7.64,73
KVL-02,2026-05-25,10,2,40.62,387
KVL-02,2026-05-25,13,1,24.66,235
KVL-02,2026-05-25,14,1,3.02,65
KVL-02,2026-05-25,15,1,2.67,57
KVL-02,2026-05-25,17,3,26.68,306
KVL-02,2026-05-25,18,1,1.91,41
KVL-02,2026-05-25,19,1,16.99,162
KVL-02,2026-05-25,21,1,2.48,53
KVL-02,2026-05-26,6,1,1.66,36
KVL-02,2026-05-26,7,1,33.09,316
KVL-02,2026-05-26,8,1,7.95,76
KVL-02,2026-05-26,11,1,2.46,53
KVL-02,2026-05-26,12,2,23.14,250
KVL-02,2026-05-26,13,1,6.17,59
KVL-02,2026-05-26,14,1,5.18,49
KVL-02,2026-05-26,15,1,8.2,78
KVL-02,2026-05-26,16,1,2.64,56
KVL-02,2026-05-26,17,2,7.58,101
KVL-02,2026-05-26,18,1,3.46,74
KVL-02,2026-05-26,19,1,35.01,334
KVL-02,2026-05-26,20,1,3.15,67
KVL-02,2026-05-26,21,1,25.26,241
KVL-02,2026-05-27,2,1,2.45,52
KVL-02,2026-05-27,7,2,9.95,122
KVL-02,2026-05-27,8,1,19.04,182
KVL-02,2026-05-27,9,2,4.77,102
KVL-02,2026-05-27,10,1,1.96,42
KVL-02,2026-05-27,11,1,2.35,50
KVL-02,2026-05-27,12,2,4.19,89
KVL-02,2026-05-27,13,2,4.13,88
KVL-02,2026-05-27,15,2,21.39,240
KVL-02,2026-05-27,18,2,26.89,284
KVL-02,2026-05-27,19,1,8.9,85
KVL-02,2026-05-27,21,1,1.86,40
KVL-02,2026-05-27,22,1,2.13,46
KVL-02,2026-05-28,6,2,9.63,133
KVL-02,2026-05-28,7,2,5.09,108
KVL-02,2026-05-28,8,2,5.25,113
KVL-02,2026-05-28,9,2,4.45,96
KVL-02,2026-05-28,11,2,24.83,272
KVL-02,2026-05-28,12,1,29.21,279
KVL-02,2026-05-28,15,1,2.05,44
KVL-02,2026-05-28,16,1,2.62,56
KVL-02,2026-05-28,17,2,42.41,404
KVL-02,2026-05-28,18,1,9.15,87
KVL-02,2026-05-28,21,1,1.64,35
KVL-02,2026-05-29,5,2,4.13,89
KVL-02,2026-05-29,7,2,29.39,305
KVL-02,2026-05-29,9,1,3.49,75
KVL-02,2026-05-29,11,1,3.07,66
KVL-02,2026-05-29,12,2,4.52,97
KVL-02,2026-05-29,13,1,2.4,51
KVL-02,2026-05-29,15,1,9.89,94
KVL-02,2026-05-29,16,1,8.15,78
KVL-02,2026-05-29,17,1,2.43,52
KVL-02,2026-05-29,18,2,9.54,128
KVL-02,2026-05-29,19,1,1.65,35
KVL-02,2026-05-29,20,2,20.74,216
KVL-02,2026-05-29,21,1,5.63,54
KVL-02,2026-05-30,6,1,2.73,58
KVL-02,2026-05-30,7,2,26.31,273
KVL-02,2026-05-30,8,1,8.39,80
KVL-02,2026-05-30,9,1,2.86,61
KVL-02,2026-05-30,11,2,5.15,110
KVL-02,2026-05-30,12,1,3.08,66
KVL-02,2026-05-30,13,1,2.68,57
KVL-02,2026-05-30,14,3,15.35,167
KVL-02,2026-05-30,15,1,17.96,171
KVL-02,2026-05-30,16,1,1.91,41
KVL-02,2026-05-30,17,1,23.56,225
KVL-02,2026-05-30,18,1,30.51,291
KVL-02,2026-05-30,22,1,3.08,66
KVL-02,2026-05-31,5,2,11.59,141
KVL-02,2026-05-31,7,2,4.57,97
KVL-02,2026-05-31,9,1,2.1,45
KVL-02,2026-05-31,10,1,8.63,82
KVL-02,2026-05-31,11,2,5.82,125
KVL-02,2026-05-31,12,1,1.76,38
KVL-02,2026-05-31,15,1,8.59,82
KVL-02,2026-05-31,16,2,7.44,90
KVL-02,2026-05-31,17,2,26.56,274
KVL-02,2026-05-31,18,1,6.82,65
KVL-02,2026-05-31,19,1,1.68,36
KVL-02,2026-05-31,20,1,7.82,75
KVL-02,2026-06-01,4,1,1.65,35
KVL-02,2026-06-01,5,1,1.88,40
KVL-02,2026-06-01,8,2,12.84,161
KVL-02,2026-06-01,10,2,34.21,352
KVL-02,2026-06-01,12,1,2.75,59
KVL-02,2026-06-01,13,1,2.3,49
KVL-02,2026-06-01,14,1,2.27,49
KVL-02,2026-06-01,15,1,2.1,45
KVL-02,2026-06-01,16,2,11.27,134
KVL-02,2026-06-01,17,1,29.16,278
KVL-02,2026-06-01,18,1,2.65,57
KVL-02,2026-06-01,19,1,1.97,42
KVL-02,2026-06-01,20,2,6.03,129
KVL-02,2026-06-01,23,1,37.08,354
KVL-02,2026-06-02,6,2,6.26,134
KVL-02,2026-06-02,7,1,3.28,70
KVL-02,2026-06-02,9,2,5.31,114
KVL-02,2026-06-02,10,1,29.23,279
KVL-02,2026-06-02,13,1,21.26,203
KVL-02,2026-06-02,14,1,3.1,66
KVL-02,2026-06-02,16,2,6.35,136
KVL-02,2026-06-02,17,1,8.18,78
KVL-02,2026-06-02,18,2,18.44,217
KVL-02,2026-06-02,20,1,2.14,46
KVL-02,2026-06-02,22,1,1.81,39
KVL-02,2026-06-03,2,1,2.01,43
KVL-02,2026-06-03,3,1,3.23,69
KVL-02,2026-06-03,6,1,1.91,41
KVL-02,2026-06-03,9,1,2.09,45
KVL-02,2026-06-03,12,1,3.42,73
KVL-02,2026-06-03,15,3,17.7,186
KVL-02,2026-06-03,16,1,7.83,75
KVL-02,2026-06-03,17,2,36.41,372
KVL-02,2026-06-03,18,2,19.97,219
KVL-02,2026-06-03,21,1,5.32,51
KVL-02,2026-06-04,7,1,6.04,58
KVL-02,2026-06-04,8,1,3.24,69
KVL-02,2026-06-04,9,1,28.58,273
KVL-02,2026-06-04,10,1,5.02,48
KVL-02,2026-06-04,11,1,3.07,66
KVL-02,2026-06-04,12,1,9.69,92
KVL-02,2026-06-04,13,1,2.92,62
KVL-02,2026-06-04,14,1,2.87,61
KVL-02,2026-06-04,17,2,12.88,160
KVL-02,2026-06-04,18,1,6.57,63
KVL-02,2026-06-04,19,2,9.15,110
KVL-02,2026-06-04,20,1,2.63,56
KVL-02,2026-06-04,21,1,2.46,53
KVL-02,2026-06-05,6,2,12.19,158
KVL-02,2026-06-05,7,1,2.56,55
KVL-02,2026-06-05,9,1,28.59,273
KVL-02,2026-06-05,10,1,2.64,56
KVL-02,2026-06-05,11,1,1.91,41
KVL-02,2026-06-05,12,1,1.89,40
KVL-02,2026-06-05,13,1,2.16,46
KVL-02,2026-06-05,15,1,2.21,47
KVL-02,2026-06-05,17,1,21.74,207
KVL-02,2026-06-05,18,1,9.79,93
KVL-02,2026-06-05,19,1,1.85,40
KVL-02,2026-06-05,20,1,7.78,74
KVL-02,2026-06-06,6,1,2.51,54
KVL-02,2026-06-06,8,2,17.86,209
KVL-02,2026-06-06,9,1,9.77,93
KVL-02,2026-06-06,11,1,2.69,58
KVL-02,2026-06-06,14,1,2.66,57
KVL-02,2026-06-06,15,2,19.48,204
KVL-02,2026-06-06,16,1,6.49,62
KVL-02,2026-06-06,17,1,22.06,210
KVL-02,2026-06-06,18,1,2.71,58
KVL-02,2026-06-06,20,2,31.52,340
KVL-02,2026-06-06,22,1,2.4,51
KVL-02,2026-06-07,5,1,2.59,55
KVL-02,2026-06-07,6,1,2.3,49
KVL-02,2026-06-07,7,1,1.69,36
KVL-02,2026-06-07,8,2,6.0,128
KVL-02,2026-06-07,9,1,1.8,39
KVL-02,2026-06-07,10,1,8.0,76
KVL-02,2026-06-07,11,1,5.44,52
KVL-02,2026-06-07,12,1,2.87,61
KVL-02,2026-06-07,13,1,16.21,155
KVL-02,2026-06-07,14,1,3.33,71
KVL-02,2026-06-07,15,1,2.04,44
KVL-02,2026-06-07,16,2,11.55,135
KVL-02,2026-06-07,17,1,2.37,51
KVL-02,2026-06-07,18,3,6.95,149
KVL-02,2026-06-07,19,1,3.15,67
KVL-02,2026-06-07,20,2,5.2,111
KVL-02,2026-06-07,21,2,5.07,109
KVL-02,2026-06-07,22,2,12.24,149
KVL-02,2026-06-07,23,1,32.47,310
KVL-02,2026-06-08,7,2,43.96,419
KVL-02,2026-06-08,9,1,2.46,53
KVL-02,2026-06-08,11,1,18.94,181
KVL-02,2026-06-08,15,1,2.95,63
KVL-02,2026-06-08,16,1,8.13,78
KVL-02,2026-06-08,17,1,15.1,144
KVL-02,2026-06-08,18,1,6.91,66
KVL-02,2026-06-08,19,2,5.89,126
KVL-02,2026-06-08,20,2,39.51,417
KVL-02,2026-06-09,1,1,1.8,39
KVL-02,2026-06-09,3,1,1.93,41
KVL-02,2026-06-09,5,1,2.95,63
KVL-02,2026-06-09,7,2,4.16,89
KVL-02,2026-06-09,9,2,9.09,115
KVL-02,2026-06-09,10,1,2.25,48
KVL-02,2026-06-09,11,1,6.98,67
KVL-02,2026-06-09,12,2,17.95,208
KVL-02,2026-06-09,13,1,1.68,36
KVL-02,2026-06-09,15,1,7.85,75
KVL-02,2026-06-09,16,2,11.14,125
KVL-02,2026-06-09,17,1,2.16,46
KVL-02,2026-06-09,18,2,10.28,123
KVL-02,2026-06-09,19,2,12.2,157
KVL-02,2026-06-09,20,1,3.18,68
KVL-02,2026-06-09,21,1,6.32,60
KVL-02,2026-06-10,8,2,27.1,259
KVL-02,2026-06-10,11,1,1.84,39
KVL-02,2026-06-10,12,2,4.32,92
KVL-02,2026-06-10,15,2,4.91,105
KVL-02,2026-06-10,16,1,2.82,60
KVL-02,2026-06-10,17,2,3.83,82
KVL-02,2026-06-10,18,1,1.61,34
KVL-02,2026-06-10,19,3,18.2,198
KVL-02,2026-06-10,20,1,1.88,40
KVL-02,2026-06-10,22,1,2.29,49
KVL-02,2026-06-11,6,1,2.8,60
KVL-02,2026-06-11,7,2,9.1,114
KVL-02,2026-06-11,8,2,5.11,109
KVL-02,2026-06-11,9,2,15.71,150
KVL-02,2026-06-11,10,1,2.42,52
KVL-02,2026-06-11,11,2,9.32,118
KVL-02,2026-06-11,13,1,6.82,65
KVL-02,2026-06-11,14,1,3.06,65
KVL-02,2026-06-11,16,2,4.9,105
KVL-02,2026-06-11,17,2,5.08,108
KVL-02,2026-06-11,18,1,2.61,56
KVL-02,2026-06-11,19,2,30.92,317
KVL-02,2026-06-11,20,1,22.72,217
KVL-02,2026-06-12,6,2,24.48,267
KVL-02,2026-06-12,7,1,21.71,207
KVL-02,2026-06-12,9,1,2.16,46
KVL-02,2026-06-12,10,2,30.27,307
KVL-02,2026-06-12,11,1,8.0,76
KVL-02,2026-06-12,12,1,9.68,92
KVL-02,2026-06-12,14,1,24.18,231
KVL-02,2026-06-12,16,1,2.03,43
KVL-02,2026-06-12,17,1,31.72,303
KVL-02,2026-06-12,18,1,9.24,88
KVL-02,2026-06-12,20,1,33.52,320
KVL-02,2026-06-13,2,1,24.96,238
KVL-02,2026-06-13,6,2,7.89,94
KVL-02,2026-06-13,7,2,11.63,147
KVL-02,2026-06-13,8,1,2.38,51
KVL-02,2026-06-13,9,2,31.36,300
KVL-02,2026-06-13,10,1,2.13,46
KVL-02,2026-06-13,13,2,31.79,303
KVL-02,2026-06-13,14,1,26.1,249
KVL-02,2026-06-13,17,1,6.87,66
KVL-02,2026-06-13,18,2,12.13,149
KVL-02,2026-06-13,19,1,2.5,53
KVL-02,2026-06-13,20,1,1.84,39
KVL-02,2026-06-14,6,1,3.44,74
KVL-02,2026-06-14,7,2,10.69,121
KVL-02,2026-06-14,8,1,3.34,71
KVL-02,2026-06-14,9,2,4.29,92
KVL-02,2026-06-14,10,2,39.21,392
KVL-02,2026-06-14,11,1,7.08,68
KVL-02,2026-06-14,13,1,2.78,59
KVL-02,2026-06-14,14,1,3.43,73
KVL-02,2026-06-14,15,1,2.35,50
KVL-02,2026-06-14,16,1,7.81,74
KVL-02,2026-06-14,17,2,9.12,127
KVL-02,2026-06-14,18,2,8.22,101
KVL-02,2026-06-14,19,2,43.73,417
KVL-02,2026-06-14,21,1,28.86,275
KVL-02,2026-06-15,6,2,23.43,246
KVL-02,2026-06-15,7,1,28.82,275
KVL-02,2026-06-15,9,1,5.1,49
KVL-02,2026-06-15,10,1,31.6,301
KVL-02,2026-06-15,12,1,6.46,62
KVL-02,2026-06-15,13,1,2.85,61
KVL-02,2026-06-15,15,2,4.06,87
KVL-02,2026-06-15,16,1,3.2,68
KVL-02,2026-06-15,17,2,6.19,132
KVL-02,2026-06-15,19,2,9.01,111
KVL-02,2026-06-15,20,2,27.71,300
KVL-02,2026-06-16,7,1,2.72,58
KVL-02,2026-06-16,9,1,14.85,142
KVL-02,2026-06-16,10,1,20.52,196
KVL-02,2026-06-16,12,1,3.0,64
KVL-02,2026-06-16,13,1,2.32,50
KVL-02,2026-06-16,15,1,2.02,43
KVL-02,2026-06-16,17,1,7.5,72
KVL-02,2026-06-16,18,1,2.16,46
KVL-02,2026-06-16,19,2,67.91,648
KVL-02,2026-06-17,0,1,2.92,62
KVL-02,2026-06-17,5,1,16.46,157
KVL-02,2026-06-17,6,1,9.11,87
KVL-02,2026-06-17,8,3,15.19,207
KVL-02,2026-06-17,9,1,1.88,40
KVL-02,2026-06-17,10,1,5.99,57
KVL-02,2026-06-17,11,2,14.91,142
KVL-02,2026-06-17,12,1,20.46,195
KVL-02,2026-06-17,13,1,2.51,54
KVL-02,2026-06-17,14,1,2.82,60
KVL-02,2026-06-17,15,1,3.1,66
KVL-02,2026-06-17,16,2,9.97,117
KVL-02,2026-06-17,18,2,6.21,133
KVL-02,2026-06-17,19,2,4.29,92
KVL-02,2026-06-17,20,2,33.63,344
KVL-02,2026-06-18,6,1,28.58,273
KVL-02,2026-06-18,9,1,3.26,70
KVL-02,2026-06-18,10,1,1.86,40
KVL-02,2026-06-18,11,2,12.92,159
KVL-02,2026-06-18,12,1,5.48,52
KVL-02,2026-06-18,15,2,8.89,120
KVL-02,2026-06-18,17,2,38.26,399
KVL-02,2026-06-18,18,1,1.9,41
KVL-02,2026-06-18,19,1,2.5,53
KVL-02,2026-06-19,1,1,1.81,39
KVL-02,2026-06-19,7,2,6.54,140
KVL-02,2026-06-19,8,1,1.75,37
KVL-02,2026-06-19,10,2,3.43,73
KVL-02,2026-06-19,11,1,3.14,67
KVL-02,2026-06-19,12,2,8.76,123
KVL-02,2026-06-19,13,3,6.92,148
KVL-02,2026-06-19,14,1,3.43,73
KVL-02,2026-06-19,16,2,16.43,177
KVL-02,2026-06-19,17,1,2.15,46
KVL-02,2026-06-19,18,2,4.97,106
KVL-02,2026-06-19,19,1,33.63,321
KVL-02,2026-06-19,20,1,2.3,49
KVL-02,2026-06-19,21,1,30.83,294
KVL-02,2026-06-20,1,1,3.17,68
KVL-02,2026-06-20,7,2,10.91,139
KVL-02,2026-06-20,8,2,11.96,140
KVL-02,2026-06-20,9,2,8.1,99
KVL-02,2026-06-20,10,1,3.43,73
KVL-02,2026-06-20,11,2,21.06,225
KVL-02,2026-06-20,12,1,2.22,47
KVL-02,2026-06-20,14,2,16.57,158
KVL-02,2026-06-20,16,2,18.44,176
KVL-02,2026-06-20,17,1,2.9,62
KVL-02,2026-06-20,18,1,3.36,72
KVL-02,2026-06-20,19,2,9.67,130
KVL-02,2026-06-20,21,1,2.97,64
KVL-02,2026-06-20,22,1,7.67,73
KVL-02,2026-06-21,6,1,22.35,213
KVL-02,2026-06-21,7,1,27.68,264
KVL-02,2026-06-21,9,1,25.78,246
KVL-02,2026-06-21,11,1,2.9,62
KVL-02,2026-06-21,13,2,4.53,96
KVL-02,2026-06-21,14,2,26.33,286
KVL-02,2026-06-21,15,1,2.64,56
KVL-02,2026-06-21,16,1,1.55,33
KVL-02,2026-06-21,17,1,3.12,67
KVL-02,2026-06-21,18,2,5.84,125
KVL-02,2026-06-21,19,2,39.64,410
KVL-02,2026-06-21,21,1,1.9,41
KVL-02,2026-06-22,6,3,20.69,264
KVL-02,2026-06-22,8,2,17.56,167
KVL-02,2026-06-22,9,1,3.32,71
KVL-02,2026-06-22,10,1,2.17,46
KVL-02,2026-06-22,11,2,38.6,395
KVL-02,2026-06-22,12,1,2.09,45
KVL-02,2026-06-22,13,1,8.22,78
KVL-02,2026-06-22,14,1,5.77,55
KVL-02,2026-06-22,15,1,1.81,39
KVL-02,2026-06-22,17,1,2.45,52
KVL-02,2026-06-22,18,2,5.64,121
KVL-02,2026-06-22,19,1,32.59,311
KVL-02,2026-06-22,20,1,3.26,70
KVL-02,2026-06-22,21,1,2.82,60
KVL-02,2026-06-22,22,1,22.75,217
KVL-02,2026-06-23,6,2,11.34,135
KVL-02,2026-06-23,7,1,2.58,55
KVL-02,2026-06-23,8,3,8.68,185
KVL-02,2026-06-23,9,1,2.99,64
KVL-02,2026-06-23,10,1,16.11,154
KVL-02,2026-06-23,11,1,20.19,193
KVL-02,2026-06-23,13,1,21.03,201
KVL-02,2026-06-23,14,1,30.65,292
KVL-02,2026-06-23,17,1,2.16,46
KVL-02,2026-06-23,18,1,3.14,67
KVL-02,2026-06-23,19,2,3.55,76
KVL-02,2026-06-23,20,1,29.48,281
KVL-02,2026-06-23,21,1,2.25,48
KVL-02,2026-06-24,6,2,19.85,218
KVL-02,2026-06-24,8,1,18.55,177
KVL-02,2026-06-24,10,1,2.51,54
KVL-02,2026-06-24,11,2,9.48,119
KVL-02,2026-06-24,14,1,2.19,47
KVL-02,2026-06-24,15,1,2.13,46
KVL-02,2026-06-24,16,2,30.71,327
KVL-02,2026-06-24,17,1,2.35,50
KVL-02,2026-06-24,18,1,3.35,72
KVL-02,2026-06-24,19,1,9.61,92
KVL-02,2026-06-24,20,1,2.18,47
KVL-02,2026-06-24,22,1,1.81,39
KVL-02,2026-06-25,3,1,2.09,45
KVL-02,2026-06-25,5,2,8.42,105
KVL-02,2026-06-25,6,2,5.96,127
KVL-02,2026-06-25,8,2,12.66,158
KVL-02,2026-06-25,9,2,12.18,152
KVL-02,2026-06-25,10,1,3.05,65
KVL-02,2026-06-25,11,1,2.18,47
KVL-02,2026-06-25,12,1,18.81,179
KVL-02,2026-06-25,13,1,1.96,42
KVL-02,2026-06-25,14,1,6.15,59
KVL-02,2026-06-25,15,2,4.87,105
KVL-02,2026-06-25,16,2,20.4,219
KVL-02,2026-06-25,17,1,2.6,56
KVL-02,2026-06-25,18,1,2.16,46
KVL-02,2026-06-25,20,3,54.84,551
KVL-02,2026-06-26,5,2,5.84,125
KVL-02,2026-06-26,6,1,2.96,63
KVL-02,2026-06-26,7,1,8.01,76
KVL-02,2026-06-26,8,1,2.66,57
KVL-02,2026-06-26,9,2,5.95,127
KVL-02,2026-06-26,11,2,8.66,117
KVL-02,2026-06-26,12,1,8.32,79
KVL-02,2026-06-26,13,3,37.79,404
KVL-02,2026-06-26,14,1,27.88,266
KVL-02,2026-06-26,19,3,5.51,117
KVL-02,2026-06-26,20,2,31.5,322
KVL-02,2026-06-26,21,1,1.99,43
KVL-02,2026-06-26,22,1,2.94,63
KVL-02,2026-06-27,7,1,2.73,58
KVL-02,2026-06-27,8,2,41.43,395
KVL-02,2026-06-27,12,2,22.99,219
KVL-02,2026-06-27,14,1,29.83,285
KVL-02,2026-06-27,15,1,3.27,70
KVL-02,2026-06-27,16,1,1.95,42
KVL-02,2026-06-27,17,2,3.63,77
KVL-02,2026-06-27,19,2,4.17,89
KVL-02,2026-06-27,20,2,5.03,108
KVL-02,2026-06-27,21,1,3.18,68
KVL-02,2026-06-28,2,1,2.96,63
KVL-02,2026-06-28,3,2,7.51,101
KVL-02,2026-06-28,7,1,2.94,63
KVL-02,2026-06-28,8,1,2.47,53
KVL-02,2026-06-28,9,1,2.0,43
KVL-02,2026-06-28,10,1,32.71,312
KVL-02,2026-06-28,11,2,3.82,81
KVL-02,2026-06-28,12,1,14.31,137
KVL-02,2026-06-28,15,1,28.5,272
KVL-02,2026-06-28,17,1,2.36,50
KVL-02,2026-06-28,18,1,20.32,194
KVL-02,2026-06-28,20,1,3.0,64
KVL-02,2026-06-29,7,3,13.78,194
KVL-02,2026-06-29,8,1,7.78,74
KVL-02,2026-06-29,9,2,4.64,99
KVL-02,2026-06-29,10,2,4.36,93
KVL-02,2026-06-29,12,2,3.68,79
KVL-02,2026-06-29,14,1,1.52,33
KVL-02,2026-06-29,15,1,2.07,44
KVL-02,2026-06-29,17,2,12.25,153
KVL-02,2026-06-29,19,1,5.7,54
KVL-02,2026-06-30,0,1,3.09,66
KVL-02,2026-06-30,3,1,2.55,55
KVL-02,2026-06-30,4,1,17.32,165
KVL-02,2026-06-30,7,1,2.32,50
KVL-02,2026-06-30,9,1,3.18,68
KVL-02,2026-06-30,10,1,2.76,59
KVL-02,2026-06-30,11,1,3.43,73
KVL-02,2026-06-30,12,2,7.18,91
KVL-02,2026-06-30,13,2,4.39,94
KVL-02,2026-06-30,14,1,2.33,50
KVL-02,2026-06-30,16,2,39.22,398
KVL-02,2026-06-30,17,1,27.81,265
KVL-02,2026-06-30,21,1,3.31,71
KVL-02,2026-07-01,5,1,5.71,54
KVL-02,2026-07-01,6,1,2.16,46
KVL-02,2026-07-01,8,2,4.86,104
KVL-02,2026-07-01,9,1,2.95,63
KVL-02,2026-07-01,10,2,5.82,125
KVL-02,2026-07-01,14,1,3.08,66
KVL-02,2026-07-01,15,1,23.86,228
KVL-02,2026-07-01,18,2,9.18,118
KVL-02,2026-07-01,19,1,28.65,273
KVL-02,2026-07-02,0,1,2.2,47
KVL-02,2026-07-02,7,1,2.89,62
KVL-02,2026-07-02,9,2,8.7,108
KVL-02,2026-07-02,10,1,3.11,67
KVL-02,2026-07-02,11,1,2.67,57
KVL-02,2026-07-02,12,1,1.92,41
KVL-02,2026-07-02,13,2,5.72,122
KVL-02,2026-07-02,16,1,2.5,53
KVL-02,2026-07-02,20,1,2.17,46
KVL-02,2026-07-02,21,2,10.26,122
KVL-02,2026-07-03,6,1,6.35,61
KVL-02,2026-07-03,7,3,8.35,179
KVL-02,2026-07-03,9,1,3.26,70
KVL-02,2026-07-03,10,2,4.2,90
KVL-02,2026-07-03,11,2,33.98,349
KVL-02,2026-07-03,13,1,3.24,69
KVL-02,2026-07-03,14,1,8.46,81
KVL-02,2026-07-03,16,2,4.97,106
KVL-02,2026-07-03,17,2,4.33,93
KVL-02,2026-07-03,18,2,4.02,86
KVL-02,2026-07-03,19,2,34.94,333
KVL-02,2026-07-03,20,1,5.14,49
KVL-02,2026-07-03,22,1,32.47,310
KVL-02,2026-07-04,6,1,3.25,70
KVL-02,2026-07-04,8,2,6.33,136
KVL-02,2026-07-04,10,1,20.83,199
KVL-02,2026-07-04,11,1,3.06,65
KVL-02,2026-07-04,15,1,1.93,41
KVL-02,2026-07-04,16,2,5.79,124
KVL-02,2026-07-04,17,2,9.22,126
KVL-02,2026-07-04,18,2,35.1,375
KVL-02,2026-07-04,19,1,21.86,209
KVL-02,2026-07-05,6,1,2.87,61
KVL-02,2026-07-05,7,2,4.09,87
KVL-02,2026-07-05,8,1,7.72,74
KVL-02,2026-07-05,10,2,32.02,338
KVL-02,2026-07-05,11,1,31.78,303
KVL-02,2026-07-05,15,1,6.63,63
KVL-02,2026-07-05,16,1,21.74,207
KVL-02,2026-07-05,17,1,3.06,65
KVL-02,2026-07-05,18,1,31.15,297
KVL-02,2026-07-05,20,1,2.59,55
KVL-02,2026-07-05,21,1,2.1,45
KVL-02,2026-07-06,6,1,3.14,67
KVL-02,2026-07-06,7,1,2.14,46
KVL-02,2026-07-06,8,1,2.13,46
KVL-02,2026-07-06,9,2,4.85,104
KVL-02,2026-07-06,10,2,9.0,126
KVL-02,2026-07-06,11,2,6.88,87
KVL-02,2026-07-06,12,1,2.84,61
KVL-02,2026-07-06,13,1,7.94,76
KVL-02,2026-07-06,15,1,6.06,58
KVL-02,2026-07-06,16,2,30.05,328
KVL-02,2026-07-06,17,1,6.31,60
KVL-02,2026-07-06,18,1,2.22,47
KVL-02,2026-07-06,19,1,1.75,37
KVL-02,2026-07-06,20,2,13.21,126
KVL-02,2026-07-06,21,1,8.79,84
KVL-02,2026-07-06,22,1,2.38,51
KVL-02,2026-07-07,6,1,1.78,38
KVL-02,2026-07-07,9,1,2.12,45
KVL-02,2026-07-07,10,1,3.18,68
KVL-02,2026-07-07,11,1,1.75,37
KVL-02,2026-07-07,12,2,46.21,441
KVL-02,2026-07-07,15,1,26.88,256
KVL-02,2026-07-07,17,1,2.85,61
KVL-02,2026-07-07,18,1,3.06,65
KVL-02,2026-07-07,19,1,3.31,71
KVL-02,2026-07-07,20,2,4.39,94
KVL-02,2026-07-07,21,1,5.47,52
KVL-02,2026-07-08,6,2,42.41,405
KVL-02,2026-07-08,7,1,9.63,92
KVL-02,2026-07-08,9,1,35.03,334
KVL-02,2026-07-08,12,1,3.41,73
KVL-02,2026-07-08,13,1,2.41,52
KVL-02,2026-07-08,15,2,14.58,139
KVL-02,2026-07-08,16,1,3.0,64
KVL-02,2026-07-08,17,1,5.64,54
KVL-02,2026-07-08,18,2,4.32,92
KVL-02,2026-07-08,19,2,5.06,108
KVL-02,2026-07-08,20,2,4.93,105
KVL-02,2026-07-08,21,1,9.8,93
KVL-02,2026-07-08,23,1,3.26,70
KVL-02,2026-07-09,3,1,7.34,70
KVL-02,2026-07-09,5,1,2.57,55
KVL-02,2026-07-09,6,2,4.24,91
KVL-02,2026-07-09,7,2,4.3,92
KVL-02,2026-07-09,8,1,1.57,34
KVL-02,2026-07-09,9,1,8.88,85
KVL-02,2026-07-09,10,1,7.66,73
KVL-02,2026-07-09,11,2,8.75,116
KVL-02,2026-07-09,12,1,32.04,306
KVL-02,2026-07-09,13,1,32.18,307
KVL-02,2026-07-09,17,1,29.75,284
KVL-02,2026-07-09,18,1,3.11,67
KVL-02,2026-07-09,20,1,3.41,73
KVL-02,2026-07-09,21,1,2.25,48
KVL-02,2026-07-09,22,1,1.99,43
KVL-02,2026-07-09,23,1,1.92,41
KVL-02,2026-07-10,3,1,2.25,48
KVL-02,2026-07-10,6,1,7.77,74
KVL-02,2026-07-10,7,2,24.98,271
KVL-02,2026-07-10,10,1,1.59,34
KVL-02,2026-07-10,12,2,5.18,111
KVL-02,2026-07-10,14,1,3.44,74
KVL-02,2026-07-10,15,2,29.78,313
KVL-02,2026-07-10,17,2,5.55,118
KVL-02,2026-07-10,19,2,4.15,89
KVL-02,2026-07-10,20,1,3.49,75
KVL-02,2026-07-10,22,1,3.11,67
KVL-02,2026-07-11,6,1,1.52,33
KVL-02,2026-07-11,7,1,3.36,72
KVL-02,2026-07-11,8,2,11.89,151
KVL-02,2026-07-11,10,1,9.15,87
KVL-02,2026-07-11,11,2,7.31,95
KVL-02,2026-07-11,12,2,25.04,239
KVL-02,2026-07-11,14,1,1.92,41
KVL-02,2026-07-11,15,2,22.56,253
KVL-02,2026-07-11,17,1,3.17,68
KVL-02,2026-07-11,18,2,7.78,100
KVL-02,2026-07-11,19,2,23.79,248
KVL-02,2026-07-12,6,1,8.91,85
KVL-02,2026-07-12,7,1,5.28,50
KVL-02,2026-07-12,8,1,1.67,36
KVL-02,2026-07-12,9,1,3.46,74
KVL-02,2026-07-12,10,1,34.15,326
KVL-02,2026-07-12,11,1,2.03,43
KVL-02,2026-07-12,14,1,21.23,203
KVL-02,2026-07-12,16,1,7.39,70
KVL-02,2026-07-12,17,1,3.11,67
KVL-02,2026-07-12,18,1,3.47,74
KVL-02,2026-07-12,20,2,10.69,135
KVL-02,2026-07-12,21,2,9.79,112
KVL-02,2026-07-12,23,1,28.55,272
KVL-02,2026-07-13,5,1,27.35,261
KVL-02,2026-07-13,7,1,2.9,62
KVL-02,2026-07-13,8,2,6.86,85
KVL-02,2026-07-13,10,2,29.67,302
KVL-02,2026-07-13,11,1,2.27,49
KVL-02,2026-07-13,12,1,3.13,67
KVL-02,2026-07-13,13,1,32.26,308
KVL-02,2026-07-13,14,1,2.09,45
KVL-02,2026-07-13,17,1,3.09,66
KVL-02,2026-07-13,19,1,3.39,73
KVL-02,2026-07-13,22,2,40.15,413
KVL-02,2026-07-13,23,1,34.38,328
KVL-02,2026-07-14,7,1,3.02,65
KVL-02,2026-07-14,8,2,8.91,126
KVL-02,2026-07-14,9,1,32.48,310
KVL-02,2026-07-14,10,1,2.69,58
KVL-02,2026-07-14,11,1,2.2,47
KVL-02,2026-07-14,13,1,7.83,75
KVL-02,2026-07-14,15,2,21.31,234
KVL-02,2026-07-14,16,1,3.12,67
KVL-02,2026-07-14,19,3,7.12,153
KVL-02,2026-07-15,8,1,3.08,66
KVL-02,2026-07-15,9,2,25.44,263
KVL-02,2026-07-15,11,1,29.43,281
KVL-02,2026-07-15,14,1,21.65,207
KVL-02,2026-07-15,16,1,27.48,262
KVL-02,2026-07-15,18,1,2.28,49
KVL-02,2026-07-15,19,1,2.47,53
KVL-02,2026-07-15,20,1,2.13,46
KVL-02,2026-07-15,21,2,34.27,349
KVL-02,2026-07-15,22,1,3.46,74
KVL-02,2026-07-16,6,1,1.57,34
KVL-02,2026-07-16,7,2,12.31,156
KVL-02,2026-07-16,8,1,6.07,58
KVL-02,2026-07-16,9,1,8.28,79
KVL-02,2026-07-16,11,2,28.26,287
KVL-02,2026-07-16,13,2,38.26,385
KVL-02,2026-07-16,16,1,7.55,72
KVL-02,2026-07-16,17,1,1.94,41
KVL-02,2026-07-16,18,1,8.6,82
KVL-02,2026-07-16,19,2,6.1,130
KVL-02,2026-07-16,20,1,6.7,64
KVL-02,2026-07-16,21,1,1.65,35
KVL-02,2026-07-16,23,1,33.62,321
KVL-02,2026-07-17,6,2,12.36,152
KVL-02,2026-07-17,7,1,2.12,45
KVL-02,2026-07-17,8,1,1.96,42
KVL-02,2026-07-17,9,1,3.46,74
KVL-02,2026-07-17,10,2,7.06,86
KVL-02,2026-07-17,11,1,2.09,45
KVL-02,2026-07-17,12,2,8.03,102
KVL-02,2026-07-17,13,1,2.42,52
KVL-02,2026-07-17,15,1,5.13,49
KVL-02,2026-07-17,17,2,12.24,144
KVL-02,2026-07-17,18,2,11.74,150
KVL-02,2026-07-17,19,1,5.5,52
KVL-02,2026-07-17,20,2,18.45,198
KVL-02,2026-07-18,6,2,28.45,271
KVL-02,2026-07-18,7,1,2.27,49
KVL-02,2026-07-18,8,1,8.41,80
KVL-02,2026-07-18,11,3,7.81,168
KVL-02,2026-07-18,12,1,23.76,227
KVL-02,2026-07-18,13,1,9.43,90
KVL-02,2026-07-18,15,1,2.6,56
KVL-02,2026-07-18,16,2,5.05,109
KVL-02,2026-07-18,17,2,3.86,83
KVL-02,2026-07-18,18,2,45.18,431
KVL-02,2026-07-18,20,1,2.07,44
KVL-02,2026-07-18,21,1,2.58,55
KVL-02,2026-07-19,1,1,1.97,42
KVL-02,2026-07-19,3,1,7.95,76
KVL-02,2026-07-19,6,2,3.71,80
KVL-02,2026-07-19,7,1,5.09,49
KVL-02,2026-07-19,8,2,13.07,125
KVL-02,2026-07-19,9,2,5.7,122
KVL-02,2026-07-19,10,1,1.81,39
KVL-02,2026-07-19,11,1,35.23,336
KVL-02,2026-07-19,12,1,2.67,57
KVL-02,2026-07-19,15,1,2.97,64
KVL-02,2026-07-19,16,2,52.22,498
KVL-02,2026-07-19,20,1,2.3,49
KVL-02,2026-07-19,21,2,64.02,611
KVL-02,2026-07-20,0,1,3.2,68
KVL-02,2026-07-20,5,1,8.03,77
KVL-02,2026-07-20,6,1,2.05,44
KVL-02,2026-07-20,7,2,4.15,89
KVL-02,2026-07-20,8,2,21.94,229
KVL-02,2026-07-20,10,1,21.65,207
KVL-02,2026-07-20,11,1,14.42,138
KVL-02,2026-07-20,13,2,4.39,94
KVL-02,2026-07-20,15,1,3.22,69
KVL-02,2026-07-20,16,2,7.04,89
KVL-02,2026-07-20,17,1,5.41,52
KVL-02,2026-07-20,18,2,14.53,138
KVL-02,2026-07-20,19,1,1.89,40
KVL-02,2026-07-20,20,3,6.65,142
KVL-02,2026-07-20,21,1,3.18,68
KVL-02,2026-07-20,22,1,2.56,55
KVL-02,2026-07-20,23,1,2.75,59
KVL-02,2026-07-21,4,1,16.67,159
KVL-02,2026-07-21,7,1,1.62,35
KVL-02,2026-07-21,8,2,5.54,118
KVL-02,2026-07-21,9,2,4.85,104
KVL-02,2026-07-21,10,1,2.75,59
KVL-02,2026-07-21,11,2,9.44,111
KVL-02,2026-07-21,12,1,3.19,68
KVL-02,2026-07-21,14,1,2.35,50
KVL-02,2026-07-21,15,2,4.81,103
KVL-02,2026-07-21,16,1,3.48,74
KVL-02,2026-07-21,17,2,3.84,82
KVL-02,2026-07-21,18,2,4.91,105
KVL-02,2026-07-21,19,1,3.44,74
KVL-02,2026-07-21,21,2,54.57,520
KVL-02,2026-07-22,5,1,8.44,81
KVL-02,2026-07-22,8,2,4.27,91
KVL-02,2026-07-22,9,1,2.07,44
KVL-02,2026-07-22,11,3,7.26,155
KVL-02,2026-07-22,14,1,36.32,346
KVL-02,2026-07-22,15,1,8.84,84
KVL-02,2026-07-22,18,1,1.71,37
KVL-02,2026-07-22,19,1,35.9,342
KVL-02,2026-07-22,20,1,8.87,85
KVL-02,2026-07-22,21,1,1.57,34
KVL-02,2026-07-22,22,1,1.86,40
KVL-02,2026-07-23,7,1,8.53,81
KVL-02,2026-07-23,8,1,3.11,67
KVL-02,2026-07-23,9,3,7.4,158
KVL-02,2026-07-23,10,2,15.46,147
KVL-02,2026-07-23,12,3,14.78,170
KVL-02,2026-07-23,13,1,6.33,60
KVL-02,2026-07-23,15,1,9.41,90
KVL-02,2026-07-23,16,1,3.2,68
KVL-02,2026-07-23,17,2,52.14,497
KVL-02,2026-07-23,20,1,6.8,65
KVL-02,2026-07-23,23,1,8.11,77
KVL-02,2026-07-24,1,1,3.18,68
KVL-02,2026-07-24,7,1,2.3,49
KVL-02,2026-07-24,8,2,10.63,135
KVL-02,2026-07-24,9,2,11.25,148
KVL-02,2026-07-24,10,1,3.16,68
KVL-02,2026-07-24,11,2,5.21,112
KVL-02,2026-07-24,12,1,2.66,57
KVL-02,2026-07-24,13,1,18.86,180
KVL-02,2026-07-24,14,2,18.93,207
KVL-02,2026-07-24,16,1,1.5,32
KVL-02,2026-07-24,17,1,3.05,65
KVL-02,2026-07-24,18,2,5.76,123
KVL-02,2026-07-24,19,1,3.26,70
KVL-02,2026-07-24,21,2,3.55,76
KVL-02,2026-07-25,7,1,2.78,59
KVL-02,2026-07-25,8,2,4.47,95
KVL-02,2026-07-25,9,1,3.11,67
KVL-02,2026-07-25,12,2,4.82,103
KVL-02,2026-07-25,13,2,36.2,376
KVL-02,2026-07-25,14,1,20.74,198
KVL-02,2026-07-25,17,1,2.37,51
KVL-02,2026-07-25,18,1,9.66,92
KVL-02,2026-07-25,19,1,18.61,178
KVL-02,2026-07-25,20,1,2.25,48
KVL-02,2026-07-25,21,1,7.15,68
KVL-02,2026-07-25,22,1,35.37,337
KVL-02,2026-07-26,6,2,39.24,374
KVL-02,2026-07-26,8,1,19.99,191
KVL-02,2026-07-26,11,1,26.44,252
KVL-02,2026-07-26,13,1,8.95,85
KVL-02,2026-07-26,15,2,26.8,276
KVL-02,2026-07-26,16,1,3.03,65
KVL-02,2026-07-26,17,1,9.59,91
KVL-02,2026-07-26,18,1,3.23,69
KVL-02,2026-07-26,19,1,22.33,213
KVL-02,2026-07-26,20,1,2.59,55
KVL-02,2026-07-26,21,1,36.47,348
KVL-02,2026-07-26,22,1,34.53,329
KVL-02,2026-07-27,5,1,19.91,190
KVL-02,2026-07-27,6,1,5.51,53
KVL-02,2026-07-27,10,1,2.6,56
KVL-02,2026-07-27,12,2,7.86,106
KVL-02,2026-07-27,13,1,2.26,48
KVL-02,2026-07-27,15,2,10.8,134
KVL-02,2026-07-27,16,1,27.19,259
KVL-02,2026-07-27,17,1,37.84,361
KVL-02,2026-07-27,21,1,5.01,48
KVL-02,2026-07-28,2,1,3.33,71
KVL-02,2026-07-28,7,3,23.42,288
KVL-02,2026-07-28,9,1,1.53,33
KVL-02,2026-07-28,11,1,2.2,47
KVL-02,2026-07-28,14,2,16.75,189
KVL-02,2026-07-28,15,1,7.01,67
KVL-02,2026-07-28,16,1,2.0,43
KVL-02,2026-07-28,17,2,4.5,96
KVL-02,2026-07-28,18,2,33.85,323
KVL-02,2026-07-28,19,1,1.67,36
KVL-02,2026-07-28,20,1,9.94,95
KVL-02,2026-07-28,22,2,28.33,298
KVL-02,2026-07-28,23,1,9.78,93
KVL-02,2026-07-29,4,1,3.09,66
KVL-02,2026-07-29,7,1,8.78,84
KVL-02,2026-07-29,8,2,7.82,99
KVL-02,2026-07-29,9,1,23.13,221
KVL-02,2026-07-29,11,1,21.12,201
KVL-02,2026-07-29,13,1,6.13,58
KVL-02,2026-07-29,15,2,9.35,113
KVL-02,2026-07-29,16,1,2.86,61
KVL-02,2026-07-29,17,2,28.25,301
KVL-02,2026-07-29,18,1,1.64,35
KVL-02,2026-07-29,19,1,1.56,33
KVL-02,2026-07-29,20,1,3.45,74
KVL-02,2026-07-30,5,1,3.13,67
KVL-02,2026-07-30,6,1,3.43,73
KVL-02,2026-07-30,8,2,5.73,123
KVL-02,2026-07-30,9,2,23.55,251
KVL-02,2026-07-30,10,1,2.49,53
KVL-02,2026-07-30,13,2,6.48,139
KVL-02,2026-07-30,14,1,28.98,276
KVL-02,2026-07-30,16,1,23.87,228
KVL-02,2026-07-30,19,1,9.19,88
KVL-02,2026-07-30,20,2,12.19,153
KVL-02,2026-07-31,6,1,2.06,44
KVL-02,2026-07-31,8,1,3.08,66
KVL-02,2026-07-31,9,2,8.18,105
KVL-02,2026-07-31,10,2,11.58,132
KVL-02,2026-07-31,11,1,37.58,358
KVL-02,2026-07-31,12,1,7.12,68
KVL-02,2026-07-31,14,1,21.11,201
KVL-02,2026-07-31,17,1,28.48,272
KVL-02,2026-07-31,18,1,9.97,95
KVL-02,2026-07-31,19,1,7.51,72
KVL-02,2026-07-31,20,1,2.56,55
KVL-02,2026-07-31,23,1,6.59,63
KVL-02,2026-08-01,7,3,39.26,430
KVL-02,2026-08-01,9,1,6.88,66
KVL-02,2026-08-01,10,1,5.35,51
KVL-02,2026-08-01,11,1,7.48,71
KVL-02,2026-08-01,12,1,35.65,340
KVL-02,2026-08-01,13,1,9.82,94
KVL-02,2026-08-01,15,1,20.48,195
KVL-02,2026-08-01,19,1,34.68,331
KVL-02,2026-08-01,20,1,1.78,38
KVL-02,2026-08-01,21,1,1.82,39
KVL-02,2026-08-02,7,2,6.07,130
KVL-02,2026-08-02,8,1,3.3,71
KVL-02,2026-08-02,9,1,1.99,43
KVL-02,2026-08-02,10,2,4.65,99
KVL-02,2026-08-02,11,2,30.07,287
KVL-02,2026-08-02,13,1,3.07,66
KVL-02,2026-08-02,14,1,6.93,66
KVL-02,2026-08-02,15,1,7.2,69
KVL-02,2026-08-02,16,2,40.47,427
KVL-02,2026-08-02,17,1,6.96,66
KVL-02,2026-08-02,18,1,2.81,60
KVL-02,2026-08-02,20,1,35.31,337
KVL-02,2026-08-03,0,1,7.38,70
KVL-02,2026-08-03,4,1,1.63,35
KVL-02,2026-08-03,7,2,8.31,118
KVL-02,2026-08-03,9,2,10.04,122
KVL-02,2026-08-03,10,1,23.4,223
KVL-02,2026-08-03,11,1,1.91,41
KVL-02,2026-08-03,12,1,2.97,64
KVL-02,2026-08-03,13,1,1.92,41
KVL-02,2026-08-03,15,1,2.69,58
KVL-02,2026-08-03,17,1,7.01,67
KVL-02,2026-08-03,18,1,21.38,204
KVL-02,2026-08-03,19,1,2.77,59
KVL-02,2026-08-03,20,1,28.67,273
KVL-02,2026-08-03,21,1,8.76,84
KVL-02,2026-08-03,23,1,2.12,45
KVL-02,2026-08-04,0,1,8.71,83
KVL-02,2026-08-04,5,1,1.61,34
KVL-02,2026-08-04,7,1,1.73,37
KVL-02,2026-08-04,8,1,2.28,49
KVL-02,2026-08-04,9,1,3.11,67
KVL-02,2026-08-04,11,1,2.93,63
KVL-02,2026-08-04,12,3,7.66,163
KVL-02,2026-08-04,13,1,2.91,62
KVL-02,2026-08-04,14,1,3.27,70
KVL-02,2026-08-04,15,1,2.91,62
KVL-02,2026-08-04,16,2,11.38,148
KVL-02,2026-08-04,17,1,24.16,230
KVL-02,2026-08-04,18,1,2.37,51
KVL-02,2026-08-04,19,1,6.13,58
KVL-02,2026-08-04,20,1,30.67,293
KVL-02,2026-08-04,22,1,8.65,83
KVL-02,2026-08-05,6,2,5.74,123
KVL-02,2026-08-05,8,2,9.76,128
KVL-02,2026-08-05,10,1,1.59,34
KVL-02,2026-08-05,11,1,2.36,50
KVL-02,2026-08-05,12,2,4.23,90
KVL-02,2026-08-05,13,1,2.57,55
KVL-02,2026-08-05,15,1,6.52,62
KVL-02,2026-08-05,16,1,1.99,43
KVL-02,2026-08-05,17,2,11.42,135
KVL-02,2026-08-05,18,2,4.8,102
KVL-02,2026-08-06,6,2,5.9,126
KVL-02,2026-08-06,8,2,3.86,82
KVL-02,2026-08-06,9,2,4.44,95
KVL-02,2026-08-06,10,1,23.95,228
KVL-02,2026-08-06,12,2,30.91,323
KVL-02,2026-08-06,16,1,7.01,67
KVL-02,2026-08-06,17,1,1.98,42
KVL-02,2026-08-06,18,2,4.95,106
KVL-02,2026-08-06,20,2,19.49,219
KVL-02,2026-08-07,3,1,35.88,342
KVL-02,2026-08-07,4,1,2.97,64
KVL-02,2026-08-07,5,1,2.43,52
KVL-02,2026-08-07,8,2,37.2,378
KVL-02,2026-08-07,9,1,2.97,64
KVL-02,2026-08-07,10,1,36.4,347
KVL-02,2026-08-07,14,1,2.69,58
KVL-02,2026-08-07,15,1,2.01,43
KVL-02,2026-08-07,17,1,1.69,36
KVL-02,2026-08-07,18,2,12.28,153
KVL-02,2026-08-07,19,2,50.29,479
KVL-02,2026-08-08,0,1,1.79,38
KVL-02,2026-08-08,6,3,7.06,151
KVL-02,2026-08-08,8,2,5.01,107
KVL-02,2026-08-08,9,1,1.97,42
KVL-02,2026-08-08,11,2,46.79,447
KVL-02,2026-08-08,16,2,35.04,362
KVL-02,2026-08-08,17,1,36.93,352
KVL-02,2026-08-08,21,1,2.35,50
KVL-02,2026-08-08,22,1,1.58,34
KVL-02,2026-08-09,5,2,6.16,132
KVL-02,2026-08-09,6,2,4.41,95
KVL-02,2026-08-09,7,2,7.4,95
KVL-02,2026-08-09,8,2,9.95,115
KVL-02,2026-08-09,9,2,5.29,114
KVL-02,2026-08-09,10,1,8.68,83
KVL-02,2026-08-09,11,1,1.83,39
KVL-02,2026-08-09,14,2,5.87,126
KVL-02,2026-08-09,15,1,6.53,62
KVL-02,2026-08-09,17,2,24.2,254
KVL-02,2026-08-09,18,1,3.16,68
KVL-02,2026-08-09,19,1,5.78,55
KVL-02,2026-08-09,21,2,6.27,134
KVL-02,2026-08-09,22,2,5.28,113
KVL-02,2026-08-09,23,2,4.53,96
KVL-02,2026-08-10,5,1,3.03,65
KVL-02,2026-08-10,8,2,9.54,128
KVL-02,2026-08-10,9,3,7.02,150
KVL-02,2026-08-10,10,1,36.37,347
KVL-02,2026-08-10,11,1,2.62,56
KVL-02,2026-08-10,12,1,7.18,68
KVL-02,2026-08-10,13,1,7.12,68
KVL-02,2026-08-10,15,1,7.98,76
KVL-02,2026-08-10,16,2,10.35,122
KVL-02,2026-08-10,18,2,9.59,128
KVL-02,2026-08-10,19,3,6.19,132
KVL-02,2026-08-10,21,1,3.07,66
KVL-02,2026-08-11,7,2,6.41,137
KVL-02,2026-08-11,9,1,3.18,68
KVL-02,2026-08-11,10,1,3.41,73
KVL-02,2026-08-11,11,1,2.29,49
KVL-02,2026-08-11,12,2,6.39,137
KVL-02,2026-08-11,13,1,17.59,168
KVL-02,2026-08-11,14,1,36.33,347
KVL-02,2026-08-11,16,1,3.04,65
KVL-02,2026-08-11,19,1,7.6,72
KVL-02,2026-08-11,20,1,3.29,70
KVL-02,2026-08-12,7,1,5.56,53
KVL-02,2026-08-12,8,3,9.94,148
KVL-02,2026-08-12,9,1,3.44,74
KVL-02,2026-08-12,11,2,5.28,113
KVL-02,2026-08-12,12,1,2.97,64
KVL-02,2026-08-12,15,1,15.01,143
KVL-02,2026-08-12,16,1,7.02,67
KVL-02,2026-08-12,17,1,1.56,33
KVL-02,2026-08-12,18,1,27.8,265
KVL-02,2026-08-12,19,1,7.54,72
KVL-02,2026-08-12,20,1,2.78,59
KVL-02,2026-08-12,21,1,6.15,59
KVL-02,2026-08-13,5,2,12.28,144
KVL-02,2026-08-13,6,1,5.69,54
KVL-02,2026-08-13,7,1,2.6,56
KVL-02,2026-08-13,8,1,26.92,257
KVL-02,2026-08-13,9,1,3.21,69
KVL-02,2026-08-13,11,1,2.82,60
KVL-02,2026-08-13,12,1,1.99,43
KVL-02,2026-08-13,15,2,6.04,130
KVL-02,2026-08-13,17,2,3.91,84
KVL-02,2026-08-13,18,2,4.88,105
KVL-02,2026-08-13,19,2,35.43,356
KVL-02,2026-08-13,21,1,5.41,52
KVL-02,2026-08-13,22,1,2.0,43
KVL-02,2026-08-14,7,1,2.7,58
KVL-02,2026-08-14,8,1,2.21,47
KVL-02,2026-08-14,10,3,12.11,178
KVL-02,2026-08-14,11,1,1.54,33
KVL-02,2026-08-14,12,1,26.38,252
KVL-02,2026-08-14,13,1,2.5,53
KVL-02,2026-08-14,14,1,2.54,54
KVL-02,2026-08-14,15,1,2.32,50
KVL-02,2026-08-14,16,1,2.84,61
KVL-02,2026-08-14,17,2,32.2,347
KVL-02,2026-08-14,18,1,7.62,73
KVL-02,2026-08-14,19,1,7.89,75
KVL-02,2026-08-14,21,1,1.9,41
KVL-02,2026-08-15,1,1,2.95,63
KVL-02,2026-08-15,7,3,26.17,306
KVL-02,2026-08-15,8,1,3.0,64
KVL-02,2026-08-15,11,2,6.5,139
KVL-02,2026-08-15,12,1,2.26,48
KVL-02,2026-08-15,14,1,1.86,40
KVL-02,2026-08-15,16,2,3.75,81
KVL-02,2026-08-15,17,3,36.51,409
KVL-02,2026-08-15,18,1,33.55,320
KVL-02,2026-08-16,5,1,2.55,55
KVL-02,2026-08-16,6,1,2.67,57
KVL-02,2026-08-16,7,2,4.95,106
KVL-02,2026-08-16,8,2,8.8,106
KVL-02,2026-08-16,9,2,4.78,102
KVL-02,2026-08-16,10,2,31.45,300
KVL-02,2026-08-16,14,2,9.87,133
KVL-02,2026-08-16,15,1,1.86,40
KVL-02,2026-08-16,17,2,17.74,169
KVL-02,2026-08-16,18,1,2.02,43
KVL-02,2026-08-16,19,3,13.33,148
KVL-02,2026-08-16,21,1,31.07,296
KVL-02,2026-08-16,22,1,21.37,204
KVL-02,2026-08-17,6,1,3.03,65
KVL-02,2026-08-17,7,1,6.26,60
KVL-02,2026-08-17,8,2,5.75,123
KVL-02,2026-08-17,9,1,6.69,64
KVL-02,2026-08-17,10,1,28.49,272
KVL-02,2026-08-17,11,1,7.89,75
KVL-02,2026-08-17,12,1,6.24,60
KVL-02,2026-08-17,13,1,2.68,57
KVL-02,2026-08-17,14,1,17.5,167
KVL-02,2026-08-17,16,1,9.76,93
KVL-02,2026-08-17,17,1,7.62,73
KVL-02,2026-08-17,18,1,2.62,56
KVL-02,2026-08-17,19,1,5.94,57
KVL-02,2026-08-17,20,2,7.07,86
KVL-02,2026-08-17,21,2,30.65,313
KVL-02,2026-08-17,22,1,1.78,38
KVL-02,2026-08-18,6,1,15.82,151
KVL-02,2026-08-18,7,1,3.08,66
KVL-02,2026-08-18,8,2,5.65,121
KVL-02,2026-08-18,9,2,4.71,101
KVL-02,2026-08-18,10,2,5.29,113
KVL-02,2026-08-18,11,2,12.51,156
KVL-02,2026-08-18,12,1,7.52,72
KVL-02,2026-08-18,13,1,21.47,205
KVL-02,2026-08-18,14,1,9.79,93
KVL-02,2026-08-18,16,2,24.55,265
KVL-02,2026-08-18,17,1,2.52,54
KVL-02,2026-08-18,18,1,7.12,68
KVL-02,2026-08-18,19,1,1.77,38
KVL-02,2026-08-18,20,2,18.82,207
KVL-02,2026-08-19,8,2,5.01,107
KVL-02,2026-08-19,9,2,6.07,129
KVL-02,2026-08-19,10,2,61.84,590
KVL-02,2026-08-19,14,1,9.16,87
KVL-02,2026-08-19,16,2,22.32,237
KVL-02,2026-08-19,17,1,7.22,69
KVL-02,2026-08-19,20,1,2.91,62
KVL-02,2026-08-19,21,2,27.18,289
KVL-02,2026-08-19,22,1,3.18,68
KVL-02,2026-08-20,3,1,2.25,48
KVL-02,2026-08-20,6,2,10.55,139
KVL-02,2026-08-20,7,1,5.04,48
KVL-02,2026-08-20,8,1,1.67,36
KVL-02,2026-08-20,11,1,6.07,58
KVL-02,2026-08-20,12,2,35.62,373
KVL-02,2026-08-20,13,1,2.8,60
KVL-02,2026-08-20,15,1,2.23,48
KVL-02,2026-08-20,16,1,25.91,247
KVL-02,2026-08-20,17,1,2.33,50
KVL-02,2026-08-20,18,1,5.8,55
KVL-02,2026-08-20,19,1,28.7,274
KVL-02,2026-08-20,20,1,3.23,69
KVL-02,2026-08-20,21,1,3.33,71
KVL-02,2026-08-21,7,1,2.16,46
KVL-02,2026-08-21,8,2,4.41,94
KVL-02,2026-08-21,9,2,9.9,113
KVL-02,2026-08-21,11,1,24.75,236
KVL-02,2026-08-21,14,1,2.73,58
KVL-02,2026-08-21,15,1,2.52,54
KVL-02,2026-08-21,17,1,2.78,59
KVL-02,2026-08-21,18,1,1.64,35
KVL-02,2026-08-21,19,2,5.38,115
KVL-02,2026-08-21,20,1,2.09,45
KVL-02,2026-08-21,21,1,9.38,89
KVL-02,2026-08-21,23,1,27.41,261
KVL-02,2026-08-22,5,2,10.1,125
KVL-02,2026-08-22,6,1,2.54,54
KVL-02,2026-08-22,7,2,6.14,131
KVL-02,2026-08-22,8,1,3.11,67
KVL-02,2026-08-22,9,2,64.79,618
KVL-02,2026-08-22,14,1,3.28,70
KVL-02,2026-08-22,15,1,1.8,39
KVL-02,2026-08-22,16,3,9.6,141
KVL-02,2026-08-22,17,2,62.17,593
KVL-02,2026-08-22,21,1,2.3,49
KVL-02,2026-08-22,22,1,34.28,327
KVL-02,2026-08-23,7,4,7.13,152
KVL-02,2026-08-23,8,2,8.37,108
KVL-02,2026-08-23,9,2,35.58,372
KVL-02,2026-08-23,10,1,3.32,71
KVL-02,2026-08-23,11,1,2.46,53
KVL-02,2026-08-23,12,1,32.76,312
KVL-02,2026-08-23,14,1,5.43,52
KVL-02,2026-08-23,15,1,7.46,71
KVL-02,2026-08-23,16,1,3.07,66
KVL-02,2026-08-23,17,1,28.64,273
KVL-02,2026-08-23,18,1,5.33,51
KVL-02,2026-08-23,19,1,2.8,60
KVL-02,2026-08-23,20,1,3.36,72
KVL-02,2026-08-24,3,1,25.16,240
KVL-02,2026-08-24,6,1,19.81,189
KVL-02,2026-08-24,7,1,2.23,48
KVL-02,2026-08-24,8,1,33.45,319
KVL-02,2026-08-24,12,1,1.76,38
KVL-02,2026-08-24,13,1,8.43,80
KVL-02,2026-08-24,14,1,2.08,44
KVL-02,2026-08-24,17,1,36.83,351
KVL-02,2026-08-24,18,1,1.72,37
KVL-02,2026-08-24,19,2,5.14,110
KVL-02,2026-08-24,22,1,31.42,300
KVL-02,2026-08-25,5,1,9.49,91
KVL-02,2026-08-25,6,1,2.65,57
KVL-02,2026-08-25,7,2,4.74,101
KVL-02,2026-08-25,8,2,9.32,123
KVL-02,2026-08-25,11,2,5.93,127
KVL-02,2026-08-25,12,1,31.49,300
KVL-02,2026-08-25,13,1,2.92,62
KVL-02,2026-08-25,15,1,3.26,70
KVL-02,2026-08-25,16,1,23.49,224
KVL-02,2026-08-25,17,1,2.78,59
KVL-02,2026-08-25,18,1,9.74,93
KVL-02,2026-08-25,20,2,21.61,231
KVL-02,2026-08-25,22,1,3.17,68
KVL-02,2026-08-25,23,1,3.02,65
KVL-02,2026-08-26,6,2,4.79,103
KVL-02,2026-08-26,7,1,2.94,63
KVL-02,2026-08-26,8,2,31.64,334
KVL-02,2026-08-26,9,1,2.15,46
KVL-02,2026-08-26,10,1,3.15,67
KVL-02,2026-08-26,11,1,2.03,43
KVL-02,2026-08-26,16,2,19.22,206
KVL-02,2026-08-26,17,1,2.68,57
KVL-02,2026-08-26,18,1,1.83,39
KVL-02,2026-08-26,19,3,26.9,298
KVL-02,2026-08-26,20,1,3.38,72
KVL-02,2026-08-26,21,1,5.68,54
KVL-02,2026-08-27,5,2,34.14,360
KVL-02,2026-08-27,6,1,20.41,195
KVL-02,2026-08-27,9,1,2.17,46
KVL-02,2026-08-27,10,1,3.48,74
KVL-02,2026-08-27,11,1,2.45,52
KVL-02,2026-08-27,13,1,16.25,155
KVL-02,2026-08-27,17,2,14.49,138
KVL-02,2026-08-27,18,2,45.4,433
KVL-02,2026-08-27,20,1,2.18,47
KVL-02,2026-08-28,4,1,2.17,46
KVL-02,2026-08-28,5,1,2.41,52
KVL-02,2026-08-28,6,2,35.98,365
KVL-02,2026-08-28,7,1,2.62,56
KVL-02,2026-08-28,8,1,3.08,66
KVL-02,2026-08-28,9,1,3.3,71
KVL-02,2026-08-28,11,1,2.89,62
KVL-02,2026-08-28,13,1,2.03,43
KVL-02,2026-08-28,17,1,2.2,47
KVL-02,2026-08-28,18,2,12.03,147
KVL-02,2026-08-28,19,1,1.69,36
KVL-02,2026-08-28,20,2,5.24,112
KVL-02,2026-08-28,21,1,1.56,33
KVL-02,2026-08-28,22,1,2.85,61
KVL-02,2026-08-29,5,2,6.79,146
KVL-02,2026-08-29,6,1,2.59,55
KVL-02,2026-08-29,7,1,30.49,291
KVL-02,2026-08-29,8,1,6.03,58
KVL-02,2026-08-29,9,2,18.67,200
KVL-02,2026-08-29,15,2,10.79,129
KVL-02,2026-08-29,16,1,2.34,50
KVL-02,2026-08-29,17,2,4.61,98
KVL-02,2026-08-29,19,1,6.24,60
KVL-02,2026-08-30,6,2,4.28,92
KVL-02,2026-08-30,7,2,35.37,375
KVL-02,2026-08-30,8,1,2.42,52
KVL-02,2026-08-30,9,1,8.24,79
KVL-02,2026-08-30,11,1,28.2,269
KVL-02,2026-08-30,12,1,3.08,66
KVL-02,2026-08-30,13,1,3.4,73
KVL-02,2026-08-30,16,2,21.45,236
KVL-02,2026-08-30,17,1,2.39,51
KVL-02,2026-08-30,18,1,7.62,73
KVL-02,2026-08-30,19,1,9.91,95
KVL-02,2026-08-30,20,2,10.59,134
KVL-02,2026-08-30,21,1,8.41,80
KVL-02,2026-08-30,22,1,1.74,37
KVL-02,2026-08-31,5,1,18.44,176
KVL-02,2026-08-31,7,1,3.03,65
KVL-02,2026-08-31,8,2,5.08,109
KVL-02,2026-08-31,9,2,6.07,130
KVL-02,2026-08-31,10,2,22.05,235
KVL-02,2026-08-31,11,1,3.06,65
KVL-02,2026-08-31,12,1,2.77,59
KVL-02,2026-08-31,13,1,2.31,49
KVL-02,2026-08-31,15,1,1.93,41
KVL-02,2026-08-31,16,2,56.87,542
KVL-02,2026-08-31,19,1,6.31,60
KVL-02,2026-08-31,20,1,2.63,56
KVL-02,2026-09-01,6,1,1.5,32
KVL-02,2026-09-01,7,2,5.1,109
KVL-02,2026-09-01,10,1,2.99,64
KVL-02,2026-09-01,12,1,2.18,47
KVL-02,2026-09-01,13,2,6.53,139
KVL-02,2026-09-01,14,1,6.64,63
KVL-02,2026-09-01,15,1,1.58,34
KVL-02,2026-09-01,16,1,5.3,51
KVL-02,2026-09-01,18,2,3.67,79
KVL-02,2026-09-01,19,2,36.37,347
KVL-02,2026-09-02,1,1,2.7,58
KVL-02,2026-09-02,6,2,16.78,181
KVL-02,2026-09-02,7,1,3.35,72
KVL-02,2026-09-02,8,1,2.32,50
KVL-02,2026-09-02,9,2,12.3,158
KVL-02,2026-09-02,10,2,8.46,102
KVL-02,2026-09-02,12,1,1.56,33
KVL-02,2026-09-02,13,2,12.31,153
KVL-02,2026-09-02,15,2,3.97,85
KVL-02,2026-09-02,17,2,28.7,314
KVL-02,2026-09-02,18,1,6.52,62
KVL-02,2026-09-02,19,1,3.23,69
KVL-02,2026-09-02,20,1,1.95,42
KVL-02,2026-09-02,21,1,3.4,73
KVL-02,2026-09-03,6,1,9.77,93
KVL-02,2026-09-03,7,2,28.65,273
KVL-02,2026-09-03,8,1,1.81,39
KVL-02,2026-09-03,9,1,7.11,68
KVL-02,2026-09-03,11,2,12.45,118
KVL-02,2026-09-03,12,1,34.26,327
KVL-02,2026-09-03,13,1,2.25,48
KVL-02,2026-09-03,15,1,3.45,74
KVL-02,2026-09-03,17,3,8.23,176
KVL-02,2026-09-03,19,2,5.01,107
KVL-02,2026-09-03,20,2,30.25,329
KVL-02,2026-09-03,21,1,2.96,63
KVL-02,2026-09-03,22,1,8.1,77
KVL-02,2026-09-04,5,1,1.56,33
KVL-02,2026-09-04,7,1,2.46,53
KVL-02,2026-09-04,8,1,1.6,34
KVL-02,2026-09-04,9,2,11.4,138
KVL-02,2026-09-04,10,2,68.93,657
KVL-02,2026-09-04,16,1,31.05,296
KVL-02,2026-09-04,17,1,22.85,218
KVL-02,2026-09-04,22,1,1.51,32
KVL-02,2026-09-05,5,1,2.63,56
KVL-02,2026-09-05,7,1,16.16,154
KVL-02,2026-09-05,8,1,1.95,42
KVL-02,2026-09-05,9,2,15.09,144
KVL-02,2026-09-05,10,2,4.59,98
KVL-02,2026-09-05,11,1,3.38,72
KVL-02,2026-09-05,12,2,10.54,141
KVL-02,2026-09-05,13,1,2.65,57
KVL-02,2026-09-05,16,2,8.1,108
KVL-02,2026-09-05,17,1,36.28,346
KVL-02,2026-09-05,18,1,3.09,66
KVL-02,2026-09-05,19,1,8.98,86
KVL-02,2026-09-05,22,1,2.17,46
KVL-02,2026-09-06,4,1,2.73,58
KVL-02,2026-09-06,6,1,2.71,58
KVL-02,2026-09-06,7,1,2.68,57
KVL-02,2026-09-06,8,2,5.2,112
KVL-02,2026-09-06,9,2,4.62,99
KVL-02,2026-09-06,10,1,2.43,52
KVL-02,2026-09-06,11,2,45.38,433
KVL-02,2026-09-06,13,1,3.13,67
KVL-02,2026-09-06,14,1,1.82,39
KVL-02,2026-09-06,15,1,1.83,39
KVL-02,2026-09-06,16,1,8.83,84
KVL-02,2026-09-06,17,2,15.69,149
KVL-02,2026-09-06,18,1,26.58,254
KVL-02,2026-09-06,19,1,2.58,55
KVL-02,2026-09-06,20,2,4.53,97
KVL-02,2026-09-06,21,1,9.64,92
KVL-02,2026-09-07,8,1,6.56,63
KVL-02,2026-09-07,9,1,6.1,58
KVL-02,2026-09-07,10,1,23.74,226
KVL-02,2026-09-07,11,1,5.42,52
KVL-02,2026-09-07,12,1,3.18,68
KVL-02,2026-09-07,13,1,16.8,160
KVL-02,2026-09-07,14,1,1.62,35
KVL-02,2026-09-07,15,1,2.29,49
KVL-02,2026-09-07,16,1,3.33,71
KVL-02,2026-09-07,18,2,5.1,109
KVL-02,2026-09-07,19,2,39.45,402
KVL-02,2026-09-07,20,1,9.37,89
KVL-02,2026-09-08,7,1,2.23,48
KVL-02,2026-09-08,8,2,5.14,110
KVL-02,2026-09-08,9,1,1.61,34
KVL-02,2026-09-08,10,1,5.04,48
KVL-02,2026-09-08,11,1,9.33,89
KVL-02,2026-09-08,13,2,7.36,96
KVL-02,2026-09-08,14,3,27.93,330
KVL-02,2026-09-08,17,2,5.0,107
KVL-02,2026-09-08,18,1,1.58,34
KVL-02,2026-09-08,20,2,11.87,152
KVL-02,2026-09-09,5,1,28.31,270
KVL-02,2026-09-09,6,1,2.34,50
KVL-02,2026-09-09,7,1,7.98,76
KVL-02,2026-09-09,9,1,3.32,71
KVL-02,2026-09-09,10,2,5.08,109
KVL-02,2026-09-09,11,2,10.47,139
KVL-02,2026-09-09,13,1,27.86,266
KVL-02,2026-09-09,16,1,19.72,188
KVL-02,2026-09-09,17,1,19.94,190
KVL-02,2026-09-09,20,1,2.85,61
KVL-02,2026-09-09,21,3,24.27,255
KVL-02,2026-09-09,22,1,5.18,49
KVL-02,2026-09-10,5,1,18.76,179
KVL-02,2026-09-10,6,1,1.93,41
KVL-02,2026-09-10,8,1,3.14,67
KVL-02,2026-09-10,10,1,14.71,140
KVL-02,2026-09-10,12,1,34.3,327
KVL-02,2026-09-10,13,1,21.88,209
KVL-02,2026-09-10,16,1,1.84,39
KVL-02,2026-09-10,17,2,5.24,112
KVL-02,2026-09-10,19,1,1.56,33
KVL-02,2026-09-10,20,2,10.42,129
KVL-02,2026-09-10,21,1,2.13,46
KVL-02,2026-09-11,0,1,33.87,323
KVL-02,2026-09-11,8,2,4.69,100
KVL-02,2026-09-11,10,1,25.82,246
KVL-02,2026-09-11,11,1,32.95,314
KVL-02,2026-09-11,16,2,8.98,115
KVL-02,2026-09-11,17,1,8.73,83
KVL-02,2026-09-11,18,1,9.2,88
KVL-02,2026-09-11,19,3,5.25,112
KVL-02,2026-09-11,20,2,5.29,113
KVL-02,2026-09-11,23,1,2.95,63
KVL-02,2026-09-12,6,1,2.72,58
KVL-02,2026-09-12,8,1,3.15,67
KVL-02,2026-09-12,9,2,22.68,252
KVL-02,2026-09-12,10,1,7.46,71
KVL-02,2026-09-12,11,1,9.45,90
KVL-02,2026-09-12,12,1,32.88,314
KVL-02,2026-09-12,13,1,3.16,68
KVL-02,2026-09-12,15,1,3.45,74
KVL-02,2026-09-12,17,1,6.86,65
KVL-02,2026-09-12,18,3,5.99,128
KVL-02,2026-09-12,22,1,2.77,59
KVL-02,2026-09-13,7,2,16.05,153
KVL-02,2026-09-13,8,1,1.62,35
KVL-02,2026-09-13,9,2,4.1,88
KVL-02,2026-09-13,10,3,10.82,156
KVL-02,2026-09-13,11,1,1.79,38
KVL-02,2026-09-13,13,1,3.03,65
KVL-02,2026-09-13,14,1,9.82,94
KVL-02,2026-09-13,15,1,2.21,47
KVL-02,2026-09-13,16,2,4.23,90
KVL-02,2026-09-13,17,2,22.28,243
KVL-02,2026-09-13,18,1,2.89,62
KVL-02,2026-09-13,19,1,2.37,51
KVL-02,2026-09-13,20,2,13.85,132
KVL-02,2026-09-13,21,1,7.95,76
KVL-02,2026-09-14,0,1,7.01,67
KVL-02,2026-09-14,3,1,25.17,240
KVL-02,2026-09-14,6,1,3.31,71
KVL-02,2026-09-14,7,2,14.47,138
KVL-02,2026-09-14,9,1,2.63,56
KVL-02,2026-09-14,11,1,36.51,348
KVL-02,2026-09-14,12,1,7.33,70
KVL-02,2026-09-14,13,1,2.47,53
KVL-02,2026-09-14,14,1,3.0,64
KVL-02,2026-09-14,15,1,1.81,39
KVL-02,2026-09-14,16,2,13.16,163
KVL-02,2026-09-14,18,3,36.16,368
KVL-02,2026-09-14,20,1,2.59,55
KVL-02,2026-09-14,22,1,3.48,74
KVL-02,2026-09-15,0,1,2.37,51
KVL-02,2026-09-15,5,1,22.5,215
KVL-02,2026-09-15,6,1,3.28,70
KVL-02,2026-09-15,8,2,51.13,488
KVL-02,2026-09-15,12,1,5.93,57
KVL-02,2026-09-15,13,1,1.73,37
KVL-02,2026-09-15,15,1,8.63,82
KVL-02,2026-09-15,16,1,20.7,197
KVL-02,2026-09-15,17,1,8.58,82
KVL-02,2026-09-15,18,1,33.56,320
KVL-02,2026-09-15,20,1,2.02,43
KVL-02,2026-09-15,21,1,28.83,275
KVL-02,2026-09-16,5,1,15.25,145
KVL-02,2026-09-16,6,1,22.58,215
KVL-02,2026-09-16,12,1,9.15,87
KVL-02,2026-09-16,14,1,1.52,33
KVL-02,2026-09-16,16,2,5.45,117
KVL-02,2026-09-16,17,2,56.27,537
KVL-02,2026-09-16,22,1,6.1,58
KVL-02,2026-09-17,5,2,8.14,110
KVL-02,2026-09-17,6,1,2.69,58
KVL-02,2026-09-17,7,2,5.03,107
KVL-02,2026-09-17,9,2,27.75,301
KVL-02,2026-09-17,10,1,2.37,51
KVL-02,2026-09-17,11,1,1.8,39
KVL-02,2026-09-17,13,1,24.6,235
KVL-02,2026-09-17,15,1,1.85,40
KVL-02,2026-09-17,16,1,3.1,66
KVL-02,2026-09-17,17,1,1.54,33
KVL-02,2026-09-17,18,2,10.54,136
KVL-02,2026-09-17,19,2,26.03,284
KVL-02,2026-09-17,20,2,5.1,109
KVL-02,2026-09-17,22,1,5.19,50
KVL-02,2026-09-18,6,1,22.46,214
KVL-02,2026-09-18,7,2,4.39,94
KVL-02,2026-09-18,8,1,32.34,308
KVL-02,2026-09-18,10,1,33.54,320
KVL-02,2026-09-18,14,1,2.8,60
KVL-02,2026-09-18,15,1,3.04,65
KVL-02,2026-09-18,16,1,2.53,54
KVL-02,2026-09-18,17,2,21.96,209
KVL-02,2026-09-18,19,1,2.21,47
KVL-02,2026-09-18,20,2,10.08,121
KVL-02,2026-09-19,5,1,2.94,63
KVL-02,2026-09-19,6,1,2.88,62
KVL-02,2026-09-19,8,2,7.49,98
KVL-02,2026-09-19,9,2,5.71,122
KVL-02,2026-09-19,11,1,2.86,61
KVL-02,2026-09-19,13,1,2.67,57
KVL-02,2026-09-19,14,1,27.37,261
KVL-02,2026-09-19,15,1,2.27,49
KVL-02,2026-09-19,17,1,3.18,68
KVL-02,2026-09-19,19,2,9.06,123
KVL-02,2026-09-19,20,2,41.2,393
KVL-02,2026-09-20,5,2,12.13,153
KVL-02,2026-09-20,7,3,36.5,393
KVL-02,2026-09-20,8,1,3.03,65
KVL-02,2026-09-20,10,2,5.08,108
KVL-02,2026-09-20,11,1,3.0,64
KVL-02,2026-09-20,13,2,5.83,125
KVL-02,2026-09-20,14,2,11.66,146
KVL-02,2026-09-20,15,2,11.2,148
KVL-02,2026-09-20,16,1,8.37,80
KVL-02,2026-09-20,17,2,11.35,131
KVL-02,2026-09-20,18,2,3.64,78
KVL-02,2026-09-20,20,3,11.57,151
KVL-02,2026-09-20,21,1,2.88,62
KVL-02,2026-09-20,22,1,5.26,50
KVL-02,2026-09-21,7,2,29.62,324
KVL-02,2026-09-21,9,2,4.97,107
KVL-02,2026-09-21,12,2,5.21,112
KVL-02,2026-09-21,14,1,2.9,62
KVL-02,2026-09-21,15,2,5.15,110
KVL-02,2026-09-21,16,2,40.59,422
KVL-02,2026-09-21,18,1,2.4,51
KVL-02,2026-09-21,19,1,9.49,91
KVL-02,2026-09-21,22,1,1.89,40
KVL-02,2026-09-21,23,1,8.62,82
KVL-02,2026-09-22,8,1,6.13,58
KVL-02,2026-09-22,9,3,11.64,156
KVL-02,2026-09-22,10,1,23.64,226
KVL-02,2026-09-22,11,1,2.98,64
KVL-02,2026-09-22,15,2,43.46,414
KVL-02,2026-09-22,17,1,3.46,74
KVL-02,2026-09-22,19,1,26.96,257
KVL-02,2026-09-22,21,1,24.19,231
KVL-02,2026-09-23,1,1,2.14,46
KVL-02,2026-09-23,8,2,4.35,93
KVL-02,2026-09-23,9,1,9.75,93
KVL-02,2026-09-23,10,1,15.34,146
KVL-02,2026-09-23,11,1,9.9,94
KVL-02,2026-09-23,12,1,22.65,216
KVL-02,2026-09-23,13,1,24.94,238
KVL-02,2026-09-23,16,1,2.23,48
KVL-02,2026-09-23,17,1,2.8,60
KVL-02,2026-09-23,18,2,6.05,129
KVL-02,2026-09-23,19,2,9.74,130
KVL-02,2026-09-23,23,1,2.06,44
KVL-02,2026-09-24,4,2,27.2,260
KVL-02,2026-09-24,5,1,2.83,61
KVL-02,2026-09-24,6,1,2.07,44
KVL-02,2026-09-24,7,1,2.74,59
KVL-02,2026-09-24,8,3,12.84,182
KVL-02,2026-09-24,9,1,25.53,244
KVL-02,2026-09-24,10,1,8.41,80
KVL-02,2026-09-24,11,1,3.16,68
KVL-02,2026-09-24,13,1,2.71,58
KVL-02,2026-09-24,14,2,35.77,361
KVL-02,2026-09-24,15,1,3.09,66
KVL-02,2026-09-24,16,1,9.36,89
KVL-02,2026-09-24,18,1,1.57,34
KVL-02,2026-09-24,19,3,26.65,276
KVL-02,2026-09-25,6,2,4.95,106
KVL-02,2026-09-25,7,2,4.97,106
KVL-02,2026-09-25,8,2,35.79,374
KVL-02,2026-09-25,12,1,3.07,66
KVL-02,2026-09-25,13,2,10.14,122
KVL-02,2026-09-25,15,2,5.58,119
KVL-02,2026-09-25,16,1,1.87,40
KVL-02,2026-09-25,19,2,4.34,93
KVL-02,2026-09-25,20,2,25.38,276
KVL-02,2026-09-25,21,1,9.46,90
KVL-02,2026-09-26,5,2,6.08,130
KVL-02,2026-09-26,6,1,1.89,40
KVL-02,2026-09-26,8,2,37.1,377
KVL-02,2026-09-26,11,1,1.78,38
KVL-02,2026-09-26,12,1,35.25,336
KVL-02,2026-09-26,14,1,2.09,45
KVL-02,2026-09-26,15,1,2.43,52
KVL-02,2026-09-26,16,1,23.81,227
KVL-02,2026-09-26,18,1,2.72,58
KVL-02,2026-09-26,19,2,5.05,108
KVL-02,2026-09-26,20,2,23.07,259
KVL-02,2026-09-26,23,1,2.07,44
KVL-02,2026-09-27,6,1,5.14,49
KVL-02,2026-09-27,7,1,3.23,69
KVL-02,2026-09-27,8,3,5.95,128
KVL-02,2026-09-27,10,1,3.15,67
KVL-02,2026-09-27,12,1,8.18,78
KVL-02,2026-09-27,16,2,5.96,127
KVL-02,2026-09-27,17,1,8.11,77
KVL-02,2026-09-27,18,2,29.17,304
KVL-02,2026-09-27,19,1,16.84,161
KVL-02,2026-09-28,7,2,4.52,97
KVL-02,2026-09-28,8,2,20.36,229
KVL-02,2026-09-28,9,1,22.25,212
KVL-02,2026-09-28,12,1,2.45,52
KVL-02,2026-09-28,13,1,25.01,239
KVL-02,2026-09-28,14,1,7.68,73
KVL-02,2026-09-28,15,1,2.7,58
KVL-02,2026-09-28,16,1,8.62,82
KVL-02,2026-09-28,17,1,2.19,47
KVL-02,2026-09-28,18,2,8.13,110
KVL-02,2026-09-28,19,2,35.55,339
KVL-02,2026-09-28,21,1,6.0,57
KVL-02,2026-09-29,2,1,35.11,335
KVL-02,2026-09-29,6,1,9.59,91
KVL-02,2026-09-29,8,2,5.66,121
KVL-02,2026-09-29,9,2,6.0,128
KVL-02,2026-09-29,12,1,2.91,62
KVL-02,2026-09-29,13,1,1.96,42
KVL-02,2026-09-29,15,1,2.1,45
KVL-02,2026-09-29,16,1,15.62,149
KVL-02,2026-09-29,17,1,31.6,301
KVL-02,2026-09-29,18,1,3.05,65
KVL-02,2026-09-29,20,2,8.71,103
KVL-02,2026-09-29,21,1,30.93,295
KVL-02,2026-09-30,7,2,6.31,135
KVL-02,2026-09-30,8,2,9.87,123
KVL-02,2026-09-30,10,1,1.56,33
KVL-02,2026-09-30,13,2,4.66,100
KVL-02,2026-09-30,14,1,20.19,193
KVL-02,2026-09-30,16,1,2.9,62
KVL-02,2026-09-30,17,2,6.4,137
KVL-02,2026-09-30,18,2,10.85,129
KVL-02,2026-09-30,19,1,2.16,46
KVL-02,2026-09-30,20,2,3.27,70
KVL-02,2026-09-30,21,2,5.2,111
KVL-02,2026-09-30,22,1,27.51,262
KVL-03,2025-10-01,4,1,27.95,92
KVL-03,2025-10-01,6,1,31.74,108
KVL-03,2025-10-01,7,1,23.54,74
KVL-03,2025-10-01,8,1,36.93,116
KVL-03,2025-10-01,9,1,7.78,74
KVL-03,2025-10-01,10,1,5.7,54
KVL-03,2025-10-01,11,1,28.31,68
KVL-03,2025-10-01,12,1,32.83,118
KVL-03,2025-10-01,13,1,33.12,107
KVL-03,2025-10-01,15,1,34.83,95
KVL-03,2025-10-01,16,1,24.22,65
KVL-03,2025-10-01,17,2,36.48,122
KVL-03,2025-10-01,18,1,33.79,105
KVL-03,2025-10-01,19,2,23.08,106
KVL-03,2025-10-01,20,1,15.28,42
KVL-03,2025-10-01,21,1,21.63,62
KVL-03,2025-10-01,23,1,15.04,50
KVL-03,2025-10-02,4,1,22.02,73
KVL-03,2025-10-02,8,2,32.04,84
KVL-03,2025-10-02,9,1,37.0,87
KVL-03,2025-10-02,10,1,30.5,80
KVL-03,2025-10-02,11,1,14.26,47
KVL-03,2025-10-02,12,3,75.54,208
KVL-03,2025-10-02,14,2,40.33,134
KVL-03,2025-10-02,15,2,62.32,172
KVL-03,2025-10-02,16,1,32.31,114
KVL-03,2025-10-02,17,1,22.12,55
KVL-03,2025-10-02,18,1,34.45,98
KVL-03,2025-10-03,1,1,21.66,59
KVL-03,2025-10-03,6,1,28.44,68
KVL-03,2025-10-03,7,1,23.05,69
KVL-03,2025-10-03,8,2,46.8,135
KVL-03,2025-10-03,11,2,39.08,134
KVL-03,2025-10-03,12,1,29.66,85
KVL-03,2025-10-03,13,1,21.07,54
KVL-03,2025-10-03,14,2,43.32,143
KVL-03,2025-10-03,16,1,16.33,41
KVL-03,2025-10-03,17,2,45.99,130
KVL-03,2025-10-03,18,2,60.32,186
KVL-03,2025-10-03,19,1,6.32,60
KVL-03,2025-10-03,20,1,23.93,70
KVL-03,2025-10-03,21,1,34.43,85
KVL-03,2025-10-03,22,1,19.96,64
KVL-03,2025-10-04,6,2,50.79,147
KVL-03,2025-10-04,7,2,20.05,85
KVL-03,2025-10-04,8,2,55.14,178
KVL-03,2025-10-04,9,1,6.03,58
KVL-03,2025-10-04,11,3,51.49,136
KVL-03,2025-10-04,12,2,22.47,95
KVL-03,2025-10-04,13,1,26.63,63
KVL-03,2025-10-04,16,1,21.77,52
KVL-03,2025-10-04,17,3,72.46,208
KVL-03,2025-10-04,18,1,9.33,89
KVL-03,2025-10-04,19,1,23.81,70
KVL-03,2025-10-04,22,1,36.39,109
KVL-03,2025-10-04,23,1,27.63,80
KVL-03,2025-10-05,5,1,21.54,64
KVL-03,2025-10-05,7,2,54.61,171
KVL-03,2025-10-05,8,1,23.67,59
KVL-03,2025-10-05,9,2,35.57,92
KVL-03,2025-10-05,10,2,45.01,127
KVL-03,2025-10-05,11,2,25.72,114
KVL-03,2025-10-05,12,2,22.18,106
KVL-03,2025-10-05,13,2,53.21,154
KVL-03,2025-10-05,14,1,23.88,71
KVL-03,2025-10-05,16,1,31.52,81
KVL-03,2025-10-05,17,1,18.81,62
KVL-03,2025-10-05,18,2,53.69,147
KVL-03,2025-10-05,19,1,23.65,77
KVL-03,2025-10-05,20,1,14.84,50
KVL-03,2025-10-06,0,1,37.77,107
KVL-03,2025-10-06,3,1,36.39,119
KVL-03,2025-10-06,6,2,57.03,153
KVL-03,2025-10-06,7,1,27.13,76
KVL-03,2025-10-06,8,2,40.85,117
KVL-03,2025-10-06,9,1,19.47,50
KVL-03,2025-10-06,12,2,27.18,135
KVL-03,2025-10-06,13,2,39.19,108
KVL-03,2025-10-06,14,1,35.43,128
KVL-03,2025-10-06,15,1,27.19,91
KVL-03,2025-10-06,17,2,52.61,147
KVL-03,2025-10-06,20,2,17.48,97
KVL-03,2025-10-06,21,2,40.02,152
KVL-03,2025-10-07,1,1,35.49,104
KVL-03,2025-10-07,3,1,21.4,52
KVL-03,2025-10-07,4,1,32.48,112
KVL-03,2025-10-07,6,2,43.41,203
KVL-03,2025-10-07,8,1,15.02,44
KVL-03,2025-10-07,9,2,48.42,134
KVL-03,2025-10-07,10,2,47.76,140
KVL-03,2025-10-07,11,1,37.27,95
KVL-03,2025-10-07,12,1,17.41,49
KVL-03,2025-10-07,14,1,28.02,89
KVL-03,2025-10-07,15,1,7.82,75
KVL-03,2025-10-07,20,1,7.99,76
KVL-03,2025-10-08,5,2,58.19,158
KVL-03,2025-10-08,6,1,26.66,66
KVL-03,2025-10-08,7,1,7.96,76
KVL-03,2025-10-08,8,1,33.86,93
KVL-03,2025-10-08,9,1,24.71,61
KVL-03,2025-10-08,10,1,22.84,81
KVL-03,2025-10-08,13,2,39.5,106
KVL-03,2025-10-08,15,2,69.56,192
KVL-03,2025-10-08,16,1,35.21,100
KVL-03,2025-10-08,17,1,33.67,96
KVL-03,2025-10-08,18,1,36.81,92
KVL-03,2025-10-08,20,2,39.12,178
KVL-03,2025-10-08,21,1,5.48,52
KVL-03,2025-10-09,3,1,14.06,44
KVL-03,2025-10-09,7,1,20.53,60
KVL-03,2025-10-09,8,2,49.16,133
KVL-03,2025-10-09,9,2,25.08,121
KVL-03,2025-10-09,11,2,46.7,121
KVL-03,2025-10-09,12,1,36.06,124
KVL-03,2025-10-09,13,1,9.72,93
KVL-03,2025-10-09,14,2,69.49,206
KVL-03,2025-10-09,16,1,29.57,84
KVL-03,2025-10-09,17,1,16.81,58
KVL-03,2025-10-09,18,2,55.64,160
KVL-03,2025-10-09,19,1,8.7,83
KVL-03,2025-10-09,21,1,27.91,76
KVL-03,2025-10-09,22,1,32.49,76
KVL-03,2025-10-09,23,1,7.98,76
KVL-03,2025-10-10,0,1,25.89,70
KVL-03,2025-10-10,5,1,20.48,56
KVL-03,2025-10-10,6,1,35.19,106
KVL-03,2025-10-10,7,1,18.37,48
KVL-03,2025-10-10,8,2,38.29,158
KVL-03,2025-10-10,9,1,28.61,91
KVL-03,2025-10-10,10,1,8.3,79
KVL-03,2025-10-10,11,1,21.59,71
KVL-03,2025-10-10,12,1,36.06,89
KVL-03,2025-10-10,13,1,37.15,108
KVL-03,2025-10-10,14,1,6.95,66
KVL-03,2025-10-10,15,2,66.26,199
KVL-03,2025-10-10,16,1,18.48,44
KVL-03,2025-10-10,17,2,48.9,130
KVL-03,2025-10-10,18,1,17.89,55
KVL-03,2025-10-10,19,2,49.1,134
KVL-03,2025-10-10,21,1,16.36,58
KVL-03,2025-10-10,23,1,34.23,121
KVL-03,2025-10-11,3,1,30.45,85
KVL-03,2025-10-11,4,1,20.44,69
KVL-03,2025-10-11,6,1,14.68,38
KVL-03,2025-10-11,7,2,21.2,92
KVL-03,2025-10-11,10,2,61.21,178
KVL-03,2025-10-11,11,2,55.15,166
KVL-03,2025-10-11,13,2,52.36,156
KVL-03,2025-10-11,14,2,73.81,212
KVL-03,2025-10-11,15,1,21.89,68
KVL-03,2025-10-11,16,2,55.44,175
KVL-03,2025-10-11,18,2,35.89,105
KVL-03,2025-10-12,5,1,33.18,79
KVL-03,2025-10-12,7,1,32.17,77
KVL-03,2025-10-12,9,1,27.9,93
KVL-03,2025-10-12,10,1,31.39,80
KVL-03,2025-10-12,12,2,27.13,128
KVL-03,2025-10-12,14,1,21.43,70
KVL-03,2025-10-12,16,2,45.1,128
KVL-03,2025-10-12,17,2,53.12,155
KVL-03,2025-10-12,19,2,60.23,157
KVL-03,2025-10-12,23,1,30.91,108
KVL-03,2025-10-13,1,1,26.26,80
KVL-03,2025-10-13,4,1,16.98,51
KVL-03,2025-10-13,6,1,23.09,58
KVL-03,2025-10-13,7,2,37.05,105
KVL-03,2025-10-13,8,1,36.79,98
KVL-03,2025-10-13,9,2,57.36,143
KVL-03,2025-10-13,10,1,17.88,49
KVL-03,2025-10-13,11,1,20.75,55
KVL-03,2025-10-13,12,1,23.43,63
KVL-03,2025-10-13,13,1,14.7,44
KVL-03,2025-10-13,14,2,49.25,150
KVL-03,2025-10-13,15,1,26.94,73
KVL-03,2025-10-13,17,1,16.42,42
KVL-03,2025-10-13,19,1,19.26,60
KVL-03,2025-10-13,20,1,30.48,74
KVL-03,2025-10-14,0,1,26.49,67
KVL-03,2025-10-14,4,1,14.07,38
KVL-03,2025-10-14,5,1,34.49,103
KVL-03,2025-10-14,6,1,28.84,102
KVL-03,2025-10-14,7,2,31.85,80
KVL-03,2025-10-14,8,2,41.73,192
KVL-03,2025-10-14,10,1,16.99,47
KVL-03,2025-10-14,11,2,70.77,206
KVL-03,2025-10-14,12,1,15.25,37
KVL-03,2025-10-14,13,2,48.53,134
KVL-03,2025-10-14,15,2,41.21,126
KVL-03,2025-10-14,16,1,17.98,49
KVL-03,2025-10-14,17,1,18.69,46
KVL-03,2025-10-14,18,2,57.65,182
KVL-03,2025-10-14,19,1,27.97,92
KVL-03,2025-10-14,20,1,29.68,90
KVL-03,2025-10-14,23,2,64.08,223
KVL-03,2025-10-15,2,1,37.47,110
KVL-03,2025-10-15,4,1,23.54,64
KVL-03,2025-10-15,6,2,48.87,144
KVL-03,2025-10-15,7,1,21.29,57
KVL-03,2025-10-15,8,1,20.88,71
KVL-03,2025-10-15,9,2,61.88,208
KVL-03,2025-10-15,11,1,21.94,72
KVL-03,2025-10-15,13,1,24.73,76
KVL-03,2025-10-15,14,1,15.27,47
KVL-03,2025-10-15,15,1,19.3,63
KVL-03,2025-10-15,16,2,34.1,107
KVL-03,2025-10-15,17,2,68.14,199
KVL-03,2025-10-15,19,3,55.9,146
KVL-03,2025-10-15,20,1,21.36,76
KVL-03,2025-10-15,23,1,17.41,60
KVL-03,2025-10-16,6,1,21.78,55
KVL-03,2025-10-16,7,1,36.09,107
KVL-03,2025-10-16,8,1,20.62,51
KVL-03,2025-10-16,9,2,51.38,142
KVL-03,2025-10-16,10,1,29.14,98
KVL-03,2025-10-16,11,1,29.16,96
KVL-03,2025-10-16,12,1,7.98,76
KVL-03,2025-10-16,13,2,63.81,190
KVL-03,2025-10-16,15,2,57.37,181
KVL-03,2025-10-16,16,1,17.82,51
KVL-03,2025-10-16,17,1,14.22,43
KVL-03,2025-10-16,18,1,8.11,77
KVL-03,2025-10-16,19,2,30.48,132
KVL-03,2025-10-16,20,1,35.94,87
KVL-03,2025-10-16,23,1,17.85,56
KVL-03,2025-10-17,0,2,30.17,131
KVL-03,2025-10-17,2,1,7.8,74
KVL-03,2025-10-17,4,1,7.4,71
KVL-03,2025-10-17,5,2,50.08,153
KVL-03,2025-10-17,7,1,29.05,96
KVL-03,2025-10-17,8,2,47.83,152
KVL-03,2025-10-17,10,1,18.83,65
KVL-03,2025-10-17,11,1,15.49,49
KVL-03,2025-10-17,12,1,35.02,96
KVL-03,2025-10-17,13,2,53.92,157
KVL-03,2025-10-17,14,1,34.88,85
KVL-03,2025-10-17,15,1,35.01,88
KVL-03,2025-10-17,16,1,32.16,89
KVL-03,2025-10-17,17,2,54.63,151
KVL-03,2025-10-17,19,2,52.08,146
KVL-03,2025-10-17,22,1,28.0,66
KVL-03,2025-10-18,0,1,16.64,39
KVL-03,2025-10-18,2,1,17.49,49
KVL-03,2025-10-18,5,1,24.31,65
KVL-03,2025-10-18,7,2,43.59,125
KVL-03,2025-10-18,8,2,57.02,171
KVL-03,2025-10-18,9,1,28.36,78
KVL-03,2025-10-18,10,1,37.32,101
KVL-03,2025-10-18,11,2,50.8,146
KVL-03,2025-10-18,12,1,30.09,101
KVL-03,2025-10-18,14,1,16.43,55
KVL-03,2025-10-18,15,1,29.89,100
KVL-03,2025-10-18,16,2,39.37,137
KVL-03,2025-10-18,17,1,34.42,89
KVL-03,2025-10-18,19,2,49.43,144
KVL-03,2025-10-18,20,1,24.24,62
KVL-03,2025-10-18,21,1,2.64,56
KVL-03,2025-10-18,22,1,23.93,66
KVL-03,2025-10-18,23,1,15.62,38
KVL-03,2025-10-19,2,1,34.23,119
KVL-03,2025-10-19,3,1,26.43,66
KVL-03,2025-10-19,4,1,16.8,42
KVL-03,2025-10-19,6,1,9.17,87
KVL-03,2025-10-19,7,2,62.11,187
KVL-03,2025-10-19,8,1,16.52,47
KVL-03,2025-10-19,9,2,49.3,133
KVL-03,2025-10-19,10,1,21.26,59
KVL-03,2025-10-19,13,1,33.61,83
KVL-03,2025-10-19,14,2,47.21,150
KVL-03,2025-10-19,15,1,34.06,90
KVL-03,2025-10-19,16,1,33.59,120
KVL-03,2025-10-19,17,1,8.34,80
KVL-03,2025-10-19,18,2,29.48,133
KVL-03,2025-10-19,19,1,15.81,42
KVL-03,2025-10-19,21,1,1.81,39
KVL-03,2025-10-19,23,1,30.67,99
KVL-03,2025-10-20,3,2,43.38,121
KVL-03,2025-10-20,4,1,8.96,85
KVL-03,2025-10-20,7,2,32.78,150
KVL-03,2025-10-20,8,1,22.57,55
KVL-03,2025-10-20,9,2,33.98,109
KVL-03,2025-10-20,10,1,34.12,119
KVL-03,2025-10-20,11,1,5.14,49
KVL-03,2025-10-20,12,2,47.29,152
KVL-03,2025-10-20,13,1,8.85,84
KVL-03,2025-10-20,14,2,53.33,155
KVL-03,2025-10-20,15,1,36.28,88
KVL-03,2025-10-20,16,2,70.26,206
KVL-03,2025-10-20,18,1,17.88,47
KVL-03,2025-10-20,19,1,34.37,105
KVL-03,2025-10-20,23,1,34.3,82
KVL-03,2025-10-21,1,1,16.95,47
KVL-03,2025-10-21,4,2,55.63,164
KVL-03,2025-10-21,7,2,65.48,218
KVL-03,2025-10-21,8,1,34.5,116
KVL-03,2025-10-21,10,2,49.38,141
KVL-03,2025-10-21,11,1,28.8,70
KVL-03,2025-10-21,12,2,54.13,144
KVL-03,2025-10-21,14,2,59.2,173
KVL-03,2025-10-21,15,1,34.73,99
KVL-03,2025-10-21,16,1,24.44,62
KVL-03,2025-10-21,17,2,34.29,112
KVL-03,2025-10-21,18,2,48.18,169
KVL-03,2025-10-21,19,1,26.23,90
KVL-03,2025-10-21,20,1,23.89,59
KVL-03,2025-10-21,21,1,33.4,106
KVL-03,2025-10-22,1,1,16.05,50
KVL-03,2025-10-22,5,1,26.42,94
KVL-03,2025-10-22,6,1,30.34,84
KVL-03,2025-10-22,7,1,19.43,56
KVL-03,2025-10-22,8,1,30.27,104
KVL-03,2025-10-22,9,1,23.55,60
KVL-03,2025-10-22,10,1,24.21,77
KVL-03,2025-10-22,11,1,28.94,90
KVL-03,2025-10-22,12,1,17.71,60
KVL-03,2025-10-22,13,1,2.7,58
KVL-03,2025-10-22,14,2,60.26,157
KVL-03,2025-10-22,15,1,22.89,59
KVL-03,2025-10-22,16,1,31.76,82
KVL-03,2025-10-22,17,1,29.68,94
KVL-03,2025-10-22,18,1,32.98,98
KVL-03,2025-10-22,19,2,55.45,178
KVL-03,2025-10-22,22,2,58.24,180
KVL-03,2025-10-22,23,1,25.86,72
KVL-03,2025-10-23,0,2,41.39,119
KVL-03,2025-10-23,4,1,9.26,88
KVL-03,2025-10-23,5,1,32.33,84
KVL-03,2025-10-23,7,1,31.63,74
KVL-03,2025-10-23,8,1,31.86,79
KVL-03,2025-10-23,9,1,17.97,50
KVL-03,2025-10-23,10,2,51.87,133
KVL-03,2025-10-23,11,2,41.23,118
KVL-03,2025-10-23,12,1,21.8,69
KVL-03,2025-10-23,13,1,22.56,79
KVL-03,2025-10-23,14,2,42.3,130
KVL-03,2025-10-23,15,1,36.94,125
KVL-03,2025-10-23,16,1,30.62,92
KVL-03,2025-10-23,18,1,3.46,74
KVL-03,2025-10-23,19,1,27.05,96
KVL-03,2025-10-23,21,1,26.34,67
KVL-03,2025-10-24,1,1,18.95,47
KVL-03,2025-10-24,3,1,5.53,53
KVL-03,2025-10-24,5,1,25.91,67
KVL-03,2025-10-24,7,2,47.43,126
KVL-03,2025-10-24,8,2,21.74,98
KVL-03,2025-10-24,9,1,31.13,104
KVL-03,2025-10-24,10,1,29.41,89
KVL-03,2025-10-24,11,2,56.7,165
KVL-03,2025-10-24,14,2,31.64,81
KVL-03,2025-10-24,17,2,30.28,135
KVL-03,2025-10-24,18,1,25.06,75
KVL-03,2025-10-24,19,1,20.59,61
KVL-03,2025-10-24,20,1,35.99,101
KVL-03,2025-10-24,21,1,32.97,105
KVL-03,2025-10-24,23,1,14.52,35
KVL-03,2025-10-25,4,1,31.72,93
KVL-03,2025-10-25,7,2,59.06,167
KVL-03,2025-10-25,8,1,20.91,53
KVL-03,2025-10-25,9,2,52.56,149
KVL-03,2025-10-25,10,1,22.43,54
KVL-03,2025-10-25,11,1,29.24,106
KVL-03,2025-10-25,12,1,37.47,99
KVL-03,2025-10-25,13,3,60.66,211
KVL-03,2025-10-25,15,2,53.67,154
KVL-03,2025-10-25,16,1,26.01,86
KVL-03,2025-10-25,17,1,31.65,102
KVL-03,2025-10-25,18,1,20.51,67
KVL-03,2025-10-26,0,1,30.87,74
KVL-03,2025-10-26,2,1,21.31,56
KVL-03,2025-10-26,5,1,19.59,55
KVL-03,2025-10-26,7,1,17.76,60
KVL-03,2025-10-26,8,1,37.53,111
KVL-03,2025-10-26,9,1,24.78,59
KVL-03,2025-10-26,10,2,21.04,95
KVL-03,2025-10-26,11,3,48.45,189
KVL-03,2025-10-26,12,1,9.29,89
KVL-03,2025-10-26,13,1,24.85,60
KVL-03,2025-10-26,14,2,38.27,143
KVL-03,2025-10-26,15,2,59.92,196
KVL-03,2025-10-26,17,2,49.89,139
KVL-03,2025-10-26,18,1,22.55,67
KVL-03,2025-10-26,19,1,24.56,66
KVL-03,2025-10-26,20,1,33.78,108
KVL-03,2025-10-26,21,2,35.28,103
KVL-03,2025-10-26,22,1,28.01,89
KVL-03,2025-10-27,6,1,26.09,87
KVL-03,2025-10-27,8,2,71.5,184
KVL-03,2025-10-27,10,1,29.29,92
KVL-03,2025-10-27,11,1,36.64,91
KVL-03,2025-10-27,12,1,6.4,61
KVL-03,2025-10-27,13,2,56.82,161
KVL-03,2025-10-27,14,2,33.86,115
KVL-03,2025-10-27,15,1,36.5,121
KVL-03,2025-10-27,17,1,21.72,64
KVL-03,2025-10-27,18,1,7.17,68
KVL-03,2025-10-27,22,1,8.96,85
KVL-03,2025-10-28,5,1,19.91,68
KVL-03,2025-10-28,6,1,14.77,37
KVL-03,2025-10-28,8,2,31.86,105
KVL-03,2025-10-28,9,2,28.63,125
KVL-03,2025-10-28,11,1,14.93,53
KVL-03,2025-10-28,12,2,18.7,77
KVL-03,2025-10-28,13,1,7.66,73
KVL-03,2025-10-28,14,1,25.83,67
KVL-03,2025-10-28,15,1,36.21,85
KVL-03,2025-10-28,16,1,22.72,74
KVL-03,2025-10-28,17,1,25.53,66
KVL-03,2025-10-28,19,1,22.04,56
KVL-03,2025-10-28,20,1,2.82,60
KVL-03,2025-10-28,23,2,60.31,174
KVL-03,2025-10-29,0,1,19.91,57
KVL-03,2025-10-29,3,1,2.91,62
KVL-03,2025-10-29,5,1,30.7,110
KVL-03,2025-10-29,6,1,35.35,111
KVL-03,2025-10-29,8,1,29.62,89
KVL-03,2025-10-29,9,1,21.28,50
KVL-03,2025-10-29,10,2,45.91,140
KVL-03,2025-10-29,11,1,23.56,58
KVL-03,2025-10-29,13,1,35.62,99
KVL-03,2025-10-29,14,2,34.13,142
KVL-03,2025-10-29,15,1,23.81,56
KVL-03,2025-10-29,16,2,41.98,157
KVL-03,2025-10-29,17,2,40.28,102
KVL-03,2025-10-29,18,1,22.61,62
KVL-03,2025-10-29,19,2,50.98,167
KVL-03,2025-10-29,20,1,14.73,45
KVL-03,2025-10-30,4,2,49.8,148
KVL-03,2025-10-30,6,2,47.5,146
KVL-03,2025-10-30,7,1,8.01,76
KVL-03,2025-10-30,8,1,6.89,66
KVL-03,2025-10-30,10,1,33.88,100
KVL-03,2025-10-30,11,2,40.3,127
KVL-03,2025-10-30,12,2,60.17,170
KVL-03,2025-10-30,14,2,37.13,100
KVL-03,2025-10-30,15,2,59.91,154
KVL-03,2025-10-30,17,2,35.24,87
KVL-03,2025-10-30,18,1,18.13,53
KVL-03,2025-10-30,19,2,69.9,213
KVL-03,2025-10-30,20,1,34.28,96
KVL-03,2025-10-30,21,1,30.07,84
KVL-03,2025-10-30,23,1,30.03,80
KVL-03,2025-10-31,2,1,16.34,40
KVL-03,2025-10-31,5,2,52.61,161
KVL-03,2025-10-31,7,2,50.08,140
KVL-03,2025-10-31,9,1,30.68,83
KVL-03,2025-10-31,11,1,7.19,69
KVL-03,2025-10-31,12,1,7.98,76
KVL-03,2025-10-31,13,2,62.4,176
KVL-03,2025-10-31,14,1,29.87,76
KVL-03,2025-10-31,15,1,21.72,58
KVL-03,2025-10-31,16,2,50.91,134
KVL-03,2025-10-31,17,2,50.93,138
KVL-03,2025-10-31,18,1,30.16,75
KVL-03,2025-10-31,20,1,15.15,37
KVL-03,2025-11-01,0,1,21.84,68
KVL-03,2025-11-01,4,1,16.59,41
KVL-03,2025-11-01,7,1,28.28,101
KVL-03,2025-11-01,8,1,29.95,107
KVL-03,2025-11-01,9,1,15.8,42
KVL-03,2025-11-01,11,2,67.48,195
KVL-03,2025-11-01,13,1,32.87,91
KVL-03,2025-11-01,14,1,9.09,87
KVL-03,2025-11-01,16,2,52.85,167
KVL-03,2025-11-01,17,1,17.22,50
KVL-03,2025-11-01,18,2,26.33,117
KVL-03,2025-11-01,19,2,28.23,147
KVL-03,2025-11-01,20,2,22.29,98
KVL-03,2025-11-02,0,2,45.44,129
KVL-03,2025-11-02,5,2,61.37,201
KVL-03,2025-11-02,7,1,19.36,51
KVL-03,2025-11-02,8,1,22.5,74
KVL-03,2025-11-02,9,1,25.26,90
KVL-03,2025-11-02,10,2,52.7,146
KVL-03,2025-11-02,12,1,17.02,53
KVL-03,2025-11-02,13,1,22.34,79
KVL-03,2025-11-02,14,1,24.18,67
KVL-03,2025-11-02,16,2,56.27,157
KVL-03,2025-11-02,17,1,17.17,62
KVL-03,2025-11-02,18,2,64.19,161
KVL-03,2025-11-03,3,1,37.33,126
KVL-03,2025-11-03,6,1,9.04,86
KVL-03,2025-11-03,8,2,48.95,135
KVL-03,2025-11-03,9,1,34.99,89
KVL-03,2025-11-03,10,2,39.3,172
KVL-03,2025-11-03,11,1,17.41,48
KVL-03,2025-11-03,12,2,54.84,132
KVL-03,2025-11-03,13,1,30.39,98
KVL-03,2025-11-03,14,1,28.57,95
KVL-03,2025-11-03,15,1,29.23,79
KVL-03,2025-11-03,17,1,35.43,99
KVL-03,2025-11-03,18,1,34.0,87
KVL-03,2025-11-03,19,1,21.71,62
KVL-03,2025-11-03,20,2,37.0,105
KVL-03,2025-11-03,21,1,32.22,94
KVL-03,2025-11-04,2,2,66.9,198
KVL-03,2025-11-04,5,1,32.84,89
KVL-03,2025-11-04,6,1,29.83,72
KVL-03,2025-11-04,7,1,36.49,87
KVL-03,2025-11-04,9,1,25.1,82
KVL-03,2025-11-04,10,2,59.47,162
KVL-03,2025-11-04,12,1,19.24,63
KVL-03,2025-11-04,13,1,26.87,91
KVL-03,2025-11-04,15,1,28.47,85
KVL-03,2025-11-04,16,2,60.74,188
KVL-03,2025-11-04,17,1,22.11,70
KVL-03,2025-11-04,18,1,31.08,101
KVL-03,2025-11-04,20,2,47.7,140
KVL-03,2025-11-04,21,1,22.39,57
KVL-03,2025-11-05,6,2,39.84,101
KVL-03,2025-11-05,7,2,66.74,213
KVL-03,2025-11-05,9,1,20.0,56
KVL-03,2025-11-05,10,1,19.76,65
KVL-03,2025-11-05,11,1,6.15,59
KVL-03,2025-11-05,13,2,41.35,130
KVL-03,2025-11-05,15,1,30.41,108
KVL-03,2025-11-05,16,1,21.67,52
KVL-03,2025-11-05,17,2,30.55,139
KVL-03,2025-11-05,18,1,26.04,91
KVL-03,2025-11-05,19,1,37.07,89
KVL-03,2025-11-06,5,1,34.37,96
KVL-03,2025-11-06,6,1,17.68,52
KVL-03,2025-11-06,7,1,24.61,68
KVL-03,2025-11-06,9,2,28.41,117
KVL-03,2025-11-06,11,2,50.52,135
KVL-03,2025-11-06,12,1,19.21,66
KVL-03,2025-11-06,13,1,19.68,48
KVL-03,2025-11-06,15,1,20.57,62
KVL-03,2025-11-06,16,2,53.99,165
KVL-03,2025-11-06,18,1,23.44,81
KVL-03,2025-11-06,19,2,42.19,190
KVL-03,2025-11-07,4,1,5.63,54
KVL-03,2025-11-07,6,1,35.42,114
KVL-03,2025-11-07,7,1,27.1,74
KVL-03,2025-11-07,8,1,37.89,95
KVL-03,2025-11-07,9,1,27.91,85
KVL-03,2025-11-07,10,1,19.2,68
KVL-03,2025-11-07,12,2,29.01,93
KVL-03,2025-11-07,13,2,57.5,149
KVL-03,2025-11-07,14,1,14.28,41
KVL-03,2025-11-07,15,1,33.16,118
KVL-03,2025-11-07,16,1,20.14,61
KVL-03,2025-11-07,17,2,27.8,122
KVL-03,2025-11-07,18,2,59.8,179
KVL-03,2025-11-07,19,1,33.08,88
KVL-03,2025-11-07,20,1,31.8,84
KVL-03,2025-11-07,21,1,18.58,57
KVL-03,2025-11-07,23,1,31.19,78
KVL-03,2025-11-08,2,1,35.33,109
KVL-03,2025-11-08,4,1,33.43,81
KVL-03,2025-11-08,5,1,23.36,84
KVL-03,2025-11-08,6,2,23.69,111
KVL-03,2025-11-08,7,1,17.51,56
KVL-03,2025-11-08,8,2,60.94,161
KVL-03,2025-11-08,13,1,21.96,74
KVL-03,2025-11-08,14,1,8.37,80
KVL-03,2025-11-08,15,1,15.68,46
KVL-03,2025-11-08,17,2,61.93,190
KVL-03,2025-11-08,18,1,2.52,54
KVL-03,2025-11-08,19,1,26.0,63
KVL-03,2025-11-08,20,1,9.59,91
KVL-03,2025-11-08,22,1,19.9,47
KVL-03,2025-11-09,1,1,14.77,41
KVL-03,2025-11-09,6,1,27.65,66
KVL-03,2025-11-09,7,2,59.18,201
KVL-03,2025-11-09,9,2,52.88,161
KVL-03,2025-11-09,11,1,23.38,75
KVL-03,2025-11-09,12,2,31.05,91
KVL-03,2025-11-09,13,2,61.23,198
KVL-03,2025-11-09,14,1,21.86,75
KVL-03,2025-11-09,15,1,27.23,65
KVL-03,2025-11-09,16,3,60.89,184
KVL-03,2025-11-09,17,1,27.01,67
KVL-03,2025-11-09,18,1,27.26,95
KVL-03,2025-11-09,19,2,39.14,146
KVL-03,2025-11-09,22,1,29.09,83
KVL-03,2025-11-10,0,1,29.91,107
KVL-03,2025-11-10,5,1,22.9,55
KVL-03,2025-11-10,7,1,26.72,88
KVL-03,2025-11-10,8,1,8.21,78
KVL-03,2025-11-10,9,1,34.92,117
KVL-03,2025-11-10,10,1,22.97,65
KVL-03,2025-11-10,13,2,46.54,131
KVL-03,2025-11-10,14,1,36.32,118
KVL-03,2025-11-10,15,1,24.26,61
KVL-03,2025-11-10,16,1,31.06,74
KVL-03,2025-11-10,17,1,36.38,98
KVL-03,2025-11-10,18,1,8.93,85
KVL-03,2025-11-10,19,1,35.12,113
KVL-03,2025-11-11,0,1,25.67,67
KVL-03,2025-11-11,2,1,34.7,87
KVL-03,2025-11-11,5,1,25.82,66
KVL-03,2025-11-11,6,1,15.39,51
KVL-03,2025-11-11,7,2,37.56,108
KVL-03,2025-11-11,9,2,38.47,163
KVL-03,2025-11-11,10,1,9.18,88
KVL-03,2025-11-11,11,1,26.91,73
KVL-03,2025-11-11,12,1,23.25,56
KVL-03,2025-11-11,14,2,58.58,153
KVL-03,2025-11-11,15,1,16.79,40
KVL-03,2025-11-11,16,2,23.03,93
KVL-03,2025-11-11,17,1,14.63,35
KVL-03,2025-11-11,18,3,74.36,184
KVL-03,2025-11-11,21,2,26.88,114
KVL-03,2025-11-11,22,1,25.21,82
KVL-03,2025-11-12,2,2,40.84,110
KVL-03,2025-11-12,4,1,33.29,107
KVL-03,2025-11-12,6,2,39.49,117
KVL-03,2025-11-12,8,2,75.13,215
KVL-03,2025-11-12,10,2,70.95,206
KVL-03,2025-11-12,12,2,28.83,142
KVL-03,2025-11-12,13,1,21.07,50
KVL-03,2025-11-12,14,1,15.49,46
KVL-03,2025-11-12,15,1,26.83,88
KVL-03,2025-11-12,16,1,33.11,91
KVL-03,2025-11-12,17,1,7.5,72
KVL-03,2025-11-12,18,1,30.26,106
KVL-03,2025-11-12,19,1,17.53,56
KVL-03,2025-11-12,20,2,40.13,119
KVL-03,2025-11-12,22,1,22.4,75
KVL-03,2025-11-13,0,1,36.65,123
KVL-03,2025-11-13,3,1,37.52,113
KVL-03,2025-11-13,5,1,29.39,94
KVL-03,2025-11-13,6,1,7.62,73
KVL-03,2025-11-13,7,1,31.94,79
KVL-03,2025-11-13,8,2,54.2,179
KVL-03,2025-11-13,10,2,62.61,177
KVL-03,2025-11-13,11,1,31.11,87
KVL-03,2025-11-13,13,2,51.17,147
KVL-03,2025-11-13,14,2,58.87,154
KVL-03,2025-11-13,16,1,21.5,58
KVL-03,2025-11-13,17,1,23.05,71
KVL-03,2025-11-13,23,1,23.49,64
KVL-03,2025-11-14,0,1,26.52,69
KVL-03,2025-11-14,4,1,23.38,62
KVL-03,2025-11-14,5,1,27.99,74
KVL-03,2025-11-14,8,1,34.29,107
KVL-03,2025-11-14,9,1,31.36,78
KVL-03,2025-11-14,11,2,44.35,153
KVL-03,2025-11-14,12,1,33.96,102
KVL-03,2025-11-14,14,2,41.97,127
KVL-03,2025-11-14,15,1,28.36,68
KVL-03,2025-11-14,16,2,59.45,163
KVL-03,2025-11-14,18,2,39.12,117
KVL-03,2025-11-14,19,2,40.51,133
KVL-03,2025-11-14,21,1,29.73,106
KVL-03,2025-11-14,22,1,20.25,49
KVL-03,2025-11-14,23,2,40.92,166
KVL-03,2025-11-15,3,1,19.59,53
KVL-03,2025-11-15,6,2,39.22,155
KVL-03,2025-11-15,7,1,21.25,63
KVL-03,2025-11-15,8,2,58.02,210
KVL-03,2025-11-15,9,1,16.26,39
KVL-03,2025-11-15,10,1,37.14,126
KVL-03,2025-11-15,11,1,17.6,42
KVL-03,2025-11-15,12,2,68.36,176
KVL-03,2025-11-15,14,2,45.72,126
KVL-03,2025-11-15,15,2,32.37,141
KVL-03,2025-11-15,16,1,22.02,78
KVL-03,2025-11-15,17,1,24.69,60
KVL-03,2025-11-15,19,2,46.79,155
KVL-03,2025-11-15,20,1,36.31,89
KVL-03,2025-11-15,21,1,23.09,61
KVL-03,2025-11-15,23,1,1.69,36
KVL-03,2025-11-16,1,1,30.55,101
KVL-03,2025-11-16,5,1,18.44,49
KVL-03,2025-11-16,6,2,51.21,165
KVL-03,2025-11-16,7,1,31.8,90
KVL-03,2025-11-16,8,1,25.81,67
KVL-03,2025-11-16,9,2,57.91,165
KVL-03,2025-11-16,11,2,59.8,169
KVL-03,2025-11-16,12,1,35.48,117
KVL-03,2025-11-16,13,1,35.12,85
KVL-03,2025-11-16,15,2,62.14,201
KVL-03,2025-11-16,16,1,33.29,116
KVL-03,2025-11-16,17,1,21.67,68
KVL-03,2025-11-16,18,2,41.15,101
KVL-03,2025-11-16,19,2,36.01,148
KVL-03,2025-11-16,20,1,25.96,72
KVL-03,2025-11-16,21,1,35.31,88
KVL-03,2025-11-16,23,1,25.6,87
KVL-03,2025-11-17,0,1,27.54,68
KVL-03,2025-11-17,3,1,33.65,83
KVL-03,2025-11-17,7,1,37.43,105
KVL-03,2025-11-17,8,1,29.5,74
KVL-03,2025-11-17,9,1,7.27,69
KVL-03,2025-11-17,10,2,45.69,121
KVL-03,2025-11-17,11,1,6.83,65
KVL-03,2025-11-17,12,2,64.72,207
KVL-03,2025-11-17,13,1,29.3,95
KVL-03,2025-11-17,15,1,36.97,97
KVL-03,2025-11-17,16,1,19.27,52
KVL-03,2025-11-17,17,3,57.11,154
KVL-03,2025-11-17,18,2,32.25,146
KVL-03,2025-11-17,19,1,17.48,44
KVL-03,2025-11-17,20,2,67.05,229
KVL-03,2025-11-17,22,1,27.48,76
KVL-03,2025-11-18,5,1,27.76,91
KVL-03,2025-11-18,6,3,70.07,189
KVL-03,2025-11-18,8,2,37.07,161
KVL-03,2025-11-18,9,2,63.45,167
KVL-03,2025-11-18,11,2,66.74,222
KVL-03,2025-11-18,13,1,6.77,65
KVL-03,2025-11-18,14,1,20.61,50
KVL-03,2025-11-18,15,2,36.67,173
KVL-03,2025-11-18,16,1,34.49,96
KVL-03,2025-11-18,17,1,33.75,107
KVL-03,2025-11-18,18,2,48.4,130
KVL-03,2025-11-18,19,1,22.61,76
KVL-03,2025-11-18,20,1,33.11,86
KVL-03,2025-11-18,22,1,24.31,61
KVL-03,2025-11-19,0,1,17.96,45
KVL-03,2025-11-19,3,1,31.58,85
KVL-03,2025-11-19,4,1,9.01,86
KVL-03,2025-11-19,7,1,36.72,115
KVL-03,2025-11-19,8,1,16.06,54
KVL-03,2025-11-19,9,1,35.22,91
KVL-03,2025-11-19,10,1,2.74,59
KVL-03,2025-11-19,11,2,52.86,159
KVL-03,2025-11-19,12,1,14.03,33
KVL-03,2025-11-19,13,1,31.1,85
KVL-03,2025-11-19,15,2,43.79,212
KVL-03,2025-11-19,16,1,36.72,118
KVL-03,2025-11-19,17,1,36.22,85
KVL-03,2025-11-19,18,1,18.09,48
KVL-03,2025-11-19,19,2,49.61,130
KVL-03,2025-11-19,20,1,15.85,52
KVL-03,2025-11-19,21,1,26.34,80
KVL-03,2025-11-20,3,1,9.8,93
KVL-03,2025-11-20,5,1,26.7,70
KVL-03,2025-11-20,6,2,45.31,138
KVL-03,2025-11-20,7,1,18.34,48
KVL-03,2025-11-20,8,2,66.14,171
KVL-03,2025-11-20,9,1,16.64,52
KVL-03,2025-11-20,10,2,29.41,155
KVL-03,2025-11-20,11,1,20.5,52
KVL-03,2025-11-20,12,2,46.66,113
KVL-03,2025-11-20,14,2,61.22,160
KVL-03,2025-11-20,15,1,22.88,70
KVL-03,2025-11-20,16,1,33.92,107
KVL-03,2025-11-20,17,1,7.15,68
KVL-03,2025-11-20,18,1,30.05,86
KVL-03,2025-11-20,19,1,16.45,58
KVL-03,2025-11-20,22,2,52.2,154
KVL-03,2025-11-21,0,1,21.23,75
KVL-03,2025-11-21,2,1,21.9,54
KVL-03,2025-11-21,4,1,22.44,74
KVL-03,2025-11-21,6,2,63.33,195
KVL-03,2025-11-21,7,1,27.98,78
KVL-03,2025-11-21,8,1,20.66,52
KVL-03,2025-11-21,9,2,46.63,151
KVL-03,2025-11-21,10,1,36.78,104
KVL-03,2025-11-21,11,1,30.34,89
KVL-03,2025-11-21,12,1,31.29,85
KVL-03,2025-11-21,13,2,31.55,90
KVL-03,2025-11-21,14,1,35.71,119
KVL-03,2025-11-21,15,1,36.06,104
KVL-03,2025-11-21,16,2,65.13,202
KVL-03,2025-11-21,18,2,46.19,141
KVL-03,2025-11-21,19,1,35.44,87
KVL-03,2025-11-21,20,1,35.52,120
KVL-03,2025-11-21,23,2,52.87,147
KVL-03,2025-11-22,6,2,36.42,91
KVL-03,2025-11-22,7,2,31.03,129
KVL-03,2025-11-22,8,1,34.31,86
KVL-03,2025-11-22,9,1,35.28,96
KVL-03,2025-11-22,10,1,16.47,39
KVL-03,2025-11-22,11,2,47.26,134
KVL-03,2025-11-22,12,2,46.75,139
KVL-03,2025-11-22,13,1,17.05,45
KVL-03,2025-11-22,14,1,37.95,91
KVL-03,2025-11-22,15,1,25.81,63
KVL-03,2025-11-22,16,1,26.4,94
KVL-03,2025-11-22,17,1,14.07,47
KVL-03,2025-11-22,18,2,51.71,162
KVL-03,2025-11-22,19,1,30.68,85
KVL-03,2025-11-22,20,1,24.32,70
KVL-03,2025-11-22,21,1,19.05,50
KVL-03,2025-11-23,2,1,17.53,59
KVL-03,2025-11-23,3,1,33.09,112
KVL-03,2025-11-23,5,1,37.87,131
KVL-03,2025-11-23,7,2,35.31,101
KVL-03,2025-11-23,8,2,53.62,152
KVL-03,2025-11-23,10,1,21.02,66
KVL-03,2025-11-23,11,1,1.84,39
KVL-03,2025-11-23,12,1,14.48,46
KVL-03,2025-11-23,13,2,48.81,141
KVL-03,2025-11-23,14,1,35.41,107
KVL-03,2025-11-23,15,1,26.37,70
KVL-03,2025-11-23,16,1,31.25,108
KVL-03,2025-11-23,17,1,21.52,61
KVL-03,2025-11-23,18,2,36.45,101
KVL-03,2025-11-23,21,2,33.96,162
KVL-03,2025-11-23,22,1,33.78,100
KVL-03,2025-11-24,1,1,29.75,87
KVL-03,2025-11-24,5,1,2.04,44
KVL-03,2025-11-24,6,1,17.15,47
KVL-03,2025-11-24,7,1,26.66,72
KVL-03,2025-11-24,8,2,30.07,86
KVL-03,2025-11-24,9,2,46.53,137
KVL-03,2025-11-24,10,1,33.05,86
KVL-03,2025-11-24,11,1,25.67,62
KVL-03,2025-11-24,13,2,52.56,144
KVL-03,2025-11-24,14,1,14.68,41
KVL-03,2025-11-24,17,2,12.42,156
KVL-03,2025-11-24,19,2,41.7,116
KVL-03,2025-11-24,20,2,61.46,218
KVL-03,2025-11-24,22,2,29.3,151
KVL-03,2025-11-25,5,1,8.6,82
KVL-03,2025-11-25,8,2,39.27,121
KVL-03,2025-11-25,9,1,17.26,45
KVL-03,2025-11-25,11,1,22.17,64
KVL-03,2025-11-25,12,1,28.12,81
KVL-03,2025-11-25,14,2,60.25,179
KVL-03,2025-11-25,15,1,24.25,59
KVL-03,2025-11-25,16,2,34.43,116
KVL-03,2025-11-25,17,1,25.74,62
KVL-03,2025-11-25,18,2,50.13,158
KVL-03,2025-11-25,19,1,27.07,88
KVL-03,2025-11-25,20,1,36.88,107
KVL-03,2025-11-25,21,1,28.91,77
KVL-03,2025-11-25,22,1,19.36,59
KVL-03,2025-11-25,23,1,8.5,81
KVL-03,2025-11-26,0,1,36.29,109
KVL-03,2025-11-26,6,1,32.16,78
KVL-03,2025-11-26,7,1,15.22,38
KVL-03,2025-11-26,8,2,72.5,177
KVL-03,2025-11-26,11,2,49.01,144
KVL-03,2025-11-26,12,1,34.71,126
KVL-03,2025-11-26,13,1,20.81,70
KVL-03,2025-11-26,15,2,61.46,148
KVL-03,2025-11-26,16,1,32.3,78
KVL-03,2025-11-26,17,1,5.59,53
KVL-03,2025-11-26,18,2,61.02,196
KVL-03,2025-11-26,20,2,69.69,171
KVL-03,2025-11-26,21,1,27.4,73
KVL-03,2025-11-26,22,1,19.5,47
KVL-03,2025-11-27,6,2,52.0,170
KVL-03,2025-11-27,7,1,31.9,83
KVL-03,2025-11-27,8,1,23.97,77
KVL-03,2025-11-27,9,1,28.37,93
KVL-03,2025-11-27,10,3,42.23,179
KVL-03,2025-11-27,11,1,27.35,86
KVL-03,2025-11-27,12,1,8.91,85
KVL-03,2025-11-27,15,1,20.23,58
KVL-03,2025-11-27,16,2,51.99,147
KVL-03,2025-11-27,17,2,53.49,138
KVL-03,2025-11-27,21,1,21.65,79
KVL-03,2025-11-27,23,1,16.8,57
KVL-03,2025-11-28,0,1,31.17,74
KVL-03,2025-11-28,4,1,30.46,91
KVL-03,2025-11-28,5,1,21.81,79
KVL-03,2025-11-28,6,1,33.49,111
KVL-03,2025-11-28,7,1,2.67,57
KVL-03,2025-11-28,8,2,43.87,129
KVL-03,2025-11-28,9,2,42.83,182
KVL-03,2025-11-28,11,1,15.74,41
KVL-03,2025-11-28,12,2,41.94,121
KVL-03,2025-11-28,13,2,35.19,96
KVL-03,2025-11-28,14,1,16.38,46
KVL-03,2025-11-28,15,2,53.25,147
KVL-03,2025-11-28,16,2,47.16,115
KVL-03,2025-11-28,17,2,49.65,176
KVL-03,2025-11-28,20,1,15.14,48
KVL-03,2025-11-28,23,1,25.32,73
KVL-03,2025-11-29,5,1,28.4,73
KVL-03,2025-11-29,6,1,16.85,42
KVL-03,2025-11-29,7,1,23.25,79
KVL-03,2025-11-29,8,2,50.32,128
KVL-03,2025-11-29,9,1,36.19,129
KVL-03,2025-11-29,10,1,24.2,87
KVL-03,2025-11-29,11,2,43.26,120
KVL-03,2025-11-29,12,1,26.68,89
KVL-03,2025-11-29,13,1,16.01,55
KVL-03,2025-11-29,15,1,17.58,43
KVL-03,2025-11-29,16,1,24.01,66
KVL-03,2025-11-29,17,2,9.85,131
KVL-03,2025-11-29,18,2,51.02,136
KVL-03,2025-11-29,19,1,29.74,81
KVL-03,2025-11-29,20,1,36.62,115
KVL-03,2025-11-29,23,2,52.32,142
KVL-03,2025-11-30,0,2,55.88,158
KVL-03,2025-11-30,2,1,36.11,86
KVL-03,2025-11-30,3,1,17.96,49
KVL-03,2025-11-30,4,1,9.11,87
KVL-03,2025-11-30,6,2,52.97,171
KVL-03,2025-11-30,7,1,27.94,85
KVL-03,2025-11-30,8,1,3.33,71
KVL-03,2025-11-30,9,2,61.71,160
KVL-03,2025-11-30,10,2,63.06,170
KVL-03,2025-11-30,12,2,57.9,170
KVL-03,2025-11-30,13,1,18.8,44
KVL-03,2025-11-30,14,2,52.11,139
KVL-03,2025-11-30,15,1,9.33,89
KVL-03,2025-11-30,16,1,35.08,95
KVL-03,2025-11-30,17,1,32.14,85
KVL-03,2025-11-30,18,1,23.33,56
KVL-03,2025-11-30,20,2,29.85,74
KVL-03,2025-11-30,21,1,21.29,66
KVL-03,2025-12-01,0,1,24.95,81
KVL-03,2025-12-01,4,1,21.27,55
KVL-03,2025-12-01,5,1,21.48,52
KVL-03,2025-12-01,6,1,18.02,49
KVL-03,2025-12-01,7,2,39.96,127
KVL-03,2025-12-01,9,2,60.45,177
KVL-03,2025-12-01,10,2,28.84,132
KVL-03,2025-12-01,11,1,29.28,103
KVL-03,2025-12-01,12,1,31.12,78
KVL-03,2025-12-01,15,1,22.5,82
KVL-03,2025-12-01,16,1,16.99,54
KVL-03,2025-12-01,17,2,58.71,181
KVL-03,2025-12-01,18,1,29.82,92
KVL-03,2025-12-01,19,2,57.92,174
KVL-03,2025-12-01,20,1,22.16,70
KVL-03,2025-12-01,22,1,16.9,55
KVL-03,2025-12-02,5,2,66.74,188
KVL-03,2025-12-02,7,2,47.67,138
KVL-03,2025-12-02,10,2,36.12,161
KVL-03,2025-12-02,12,2,50.89,140
KVL-03,2025-12-02,13,1,6.22,59
KVL-03,2025-12-02,14,1,29.3,81
KVL-03,2025-12-02,15,1,7.2,69
KVL-03,2025-12-02,16,2,49.67,156
KVL-03,2025-12-02,17,1,34.51,111
KVL-03,2025-12-02,18,1,21.9,67
KVL-03,2025-12-02,20,1,20.72,69
KVL-03,2025-12-02,21,1,20.47,53
KVL-03,2025-12-02,22,2,39.08,115
KVL-03,2025-12-02,23,2,57.63,162
KVL-03,2025-12-03,2,1,36.39,93
KVL-03,2025-12-03,4,1,34.39,91
KVL-03,2025-12-03,7,1,8.88,85
KVL-03,2025-12-03,9,2,64.71,195
KVL-03,2025-12-03,11,3,81.3,236
KVL-03,2025-12-03,13,1,33.74,91
KVL-03,2025-12-03,14,1,5.33,51
KVL-03,2025-12-03,15,1,36.26,85
KVL-03,2025-12-03,16,2,59.21,181
KVL-03,2025-12-03,17,1,19.16,68
KVL-03,2025-12-03,18,2,51.44,136
KVL-03,2025-12-03,19,1,34.81,89
KVL-03,2025-12-03,20,2,67.06,231
KVL-03,2025-12-03,22,1,20.04,69
KVL-03,2025-12-03,23,2,50.74,130
KVL-03,2025-12-04,2,1,20.98,66
KVL-03,2025-12-04,3,1,25.95,62
KVL-03,2025-12-04,4,1,22.37,61
KVL-03,2025-12-04,6,2,58.76,172
KVL-03,2025-12-04,7,1,21.73,53
KVL-03,2025-12-04,8,1,18.2,63
KVL-03,2025-12-04,10,1,34.27,81
KVL-03,2025-12-04,11,2,59.6,212
KVL-03,2025-12-04,13,2,69.31,200
KVL-03,2025-12-04,15,2,58.02,158
KVL-03,2025-12-04,16,1,21.55,65
KVL-03,2025-12-04,17,1,3.49,75
KVL-03,2025-12-04,18,1,30.05,73
KVL-03,2025-12-04,21,1,21.21,58
KVL-03,2025-12-04,23,1,32.71,115
KVL-03,2025-12-05,1,1,26.05,90
KVL-03,2025-12-05,3,1,15.31,39
KVL-03,2025-12-05,4,1,30.5,111
KVL-03,2025-12-05,5,1,33.02,99
KVL-03,2025-12-05,7,2,29.05,88
KVL-03,2025-12-05,8,2,52.61,148
KVL-03,2025-12-05,9,2,74.18,209
KVL-03,2025-12-05,10,1,28.08,67
KVL-03,2025-12-05,13,3,69.33,257
KVL-03,2025-12-05,14,1,16.15,47
KVL-03,2025-12-05,16,1,26.43,83
KVL-03,2025-12-05,17,1,8.66,83
KVL-03,2025-12-05,18,1,24.51,77
KVL-03,2025-12-05,19,1,24.0,69
KVL-03,2025-12-05,20,2,66.15,192
KVL-03,2025-12-05,23,1,26.06,79
KVL-03,2025-12-06,0,1,27.37,93
KVL-03,2025-12-06,3,2,34.63,110
KVL-03,2025-12-06,5,2,55.11,156
KVL-03,2025-12-06,6,2,50.25,126
KVL-03,2025-12-06,7,1,37.09,127
KVL-03,2025-12-06,8,1,31.59,89
KVL-03,2025-12-06,9,2,43.27,180
KVL-03,2025-12-06,11,1,19.83,52
KVL-03,2025-12-06,12,2,35.26,159
KVL-03,2025-12-06,13,1,37.02,114
KVL-03,2025-12-06,14,1,34.74,124
KVL-03,2025-12-06,15,1,22.02,63
KVL-03,2025-12-06,16,2,56.89,157
KVL-03,2025-12-06,17,2,36.13,173
KVL-03,2025-12-06,18,1,35.22,100
KVL-03,2025-12-06,20,1,20.8,52
KVL-03,2025-12-06,21,1,26.99,67
KVL-03,2025-12-07,3,1,32.74,90
KVL-03,2025-12-07,4,1,16.96,44
KVL-03,2025-12-07,6,1,32.55,103
KVL-03,2025-12-07,8,2,23.49,116
KVL-03,2025-12-07,11,2,46.48,156
KVL-03,2025-12-07,12,2,62.36,193
KVL-03,2025-12-07,13,1,31.3,102
KVL-03,2025-12-07,14,1,24.53,80
KVL-03,2025-12-07,15,1,34.85,88
KVL-03,2025-12-07,16,1,7.46,71
KVL-03,2025-12-07,18,1,25.67,64
KVL-03,2025-12-07,19,1,32.41,84
KVL-03,2025-12-07,20,2,43.3,117
KVL-03,2025-12-08,4,1,33.46,81
KVL-03,2025-12-08,7,3,52.5,203
KVL-03,2025-12-08,8,1,5.75,55
KVL-03,2025-12-08,9,1,28.4,80
KVL-03,2025-12-08,12,2,41.63,105
KVL-03,2025-12-08,13,1,36.56,121
KVL-03,2025-12-08,15,1,28.1,77
KVL-03,2025-12-08,16,1,19.81,47
KVL-03,2025-12-08,17,1,2.64,56
KVL-03,2025-12-08,18,2,36.78,110
KVL-03,2025-12-08,19,2,37.63,163
KVL-03,2025-12-08,20,2,51.96,145
KVL-03,2025-12-08,22,1,5.3,51
KVL-03,2025-12-09,0,2,64.15,189
KVL-03,2025-12-09,3,2,27.48,120
KVL-03,2025-12-09,5,1,18.25,48
KVL-03,2025-12-09,6,2,59.87,182
KVL-03,2025-12-09,7,1,26.6,91
KVL-03,2025-12-09,8,1,17.73,58
KVL-03,2025-12-09,9,2,44.1,119
KVL-03,2025-12-09,12,1,29.77,74
KVL-03,2025-12-09,14,1,14.99,52
KVL-03,2025-12-09,15,2,63.88,183
KVL-03,2025-12-09,16,1,17.97,58
KVL-03,2025-12-09,17,1,19.22,47
KVL-03,2025-12-09,18,1,15.55,37
KVL-03,2025-12-09,20,2,58.64,185
KVL-03,2025-12-09,21,1,16.64,43
KVL-03,2025-12-10,0,1,18.17,47
KVL-03,2025-12-10,6,1,28.03,99
KVL-03,2025-12-10,7,1,32.1,83
KVL-03,2025-12-10,8,2,62.11,185
KVL-03,2025-12-10,10,1,20.55,64
KVL-03,2025-12-10,11,2,43.63,118
KVL-03,2025-12-10,12,1,6.56,63
KVL-03,2025-12-10,13,2,47.75,139
KVL-03,2025-12-10,14,1,7.15,68
KVL-03,2025-12-10,15,2,45.18,122
KVL-03,2025-12-10,16,2,43.04,211
KVL-03,2025-12-10,18,3,51.78,146
KVL-03,2025-12-10,20,1,14.42,35
KVL-03,2025-12-10,23,1,32.7,89
KVL-03,2025-12-11,3,1,34.02,95
KVL-03,2025-12-11,5,1,24.57,76
KVL-03,2025-12-11,6,1,16.67,42
KVL-03,2025-12-11,8,1,36.68,88
KVL-03,2025-12-11,10,1,6.86,65
KVL-03,2025-12-11,11,1,29.24,78
KVL-03,2025-12-11,12,1,27.24,66
KVL-03,2025-12-11,13,2,57.82,186
KVL-03,2025-12-11,15,1,19.69,69
KVL-03,2025-12-11,16,3,54.17,155
KVL-03,2025-12-11,17,1,7.48,71
KVL-03,2025-12-11,18,1,17.96,45
KVL-03,2025-12-11,19,1,27.99,84
KVL-03,2025-12-11,20,1,26.84,82
KVL-03,2025-12-11,21,1,31.58,111
KVL-03,2025-12-12,0,1,20.98,60
KVL-03,2025-12-12,1,1,6.56,63
KVL-03,2025-12-12,3,1,19.65,57
KVL-03,2025-12-12,9,2,60.88,149
KVL-03,2025-12-12,10,2,62.58,187
KVL-03,2025-12-12,11,1,21.36,73
KVL-03,2025-12-12,12,1,32.52,116
KVL-03,2025-12-12,13,1,21.13,51
KVL-03,2025-12-12,14,1,30.6,73
KVL-03,2025-12-12,15,1,14.74,37
KVL-03,2025-12-12,16,2,60.71,170
KVL-03,2025-12-12,17,1,34.79,106
KVL-03,2025-12-12,18,1,37.15,133
KVL-03,2025-12-12,19,1,8.59,82
KVL-03,2025-12-12,21,1,34.94,106
KVL-03,2025-12-13,6,2,66.87,168
KVL-03,2025-12-13,8,2,30.32,97
KVL-03,2025-12-13,9,2,52.0,149
KVL-03,2025-12-13,10,1,25.56,68
KVL-03,2025-12-13,11,1,32.18,79
KVL-03,2025-12-13,12,2,42.0,164
KVL-03,2025-12-13,13,1,34.58,91
KVL-03,2025-12-13,15,1,28.51,88
KVL-03,2025-12-13,17,3,68.54,198
KVL-03,2025-12-13,18,1,9.35,89
KVL-03,2025-12-13,19,1,2.45,52
KVL-03,2025-12-13,20,2,52.8,132
KVL-03,2025-12-13,21,1,6.5,62
KVL-03,2025-12-13,22,2,16.05,82
KVL-03,2025-12-13,23,1,19.74,59
KVL-03,2025-12-14,0,2,41.69,174
KVL-03,2025-12-14,2,1,15.08,37
KVL-03,2025-12-14,3,1,24.57,74
KVL-03,2025-12-14,5,1,24.21,78
KVL-03,2025-12-14,7,2,39.17,110
KVL-03,2025-12-14,8,2,50.23,165
KVL-03,2025-12-14,10,1,2.49,53
KVL-03,2025-12-14,11,2,45.49,117
KVL-03,2025-12-14,13,1,34.56,94
KVL-03,2025-12-14,14,1,31.38,110
KVL-03,2025-12-14,15,1,26.54,68
KVL-03,2025-12-14,16,2,53.17,128
KVL-03,2025-12-14,17,2,30.53,122
KVL-03,2025-12-14,18,1,17.68,50
KVL-03,2025-12-14,22,1,24.33,67
KVL-03,2025-12-14,23,1,35.61,112
KVL-03,2025-12-15,2,1,17.74,42
KVL-03,2025-12-15,4,1,26.73,80
KVL-03,2025-12-15,5,1,16.6,54
KVL-03,2025-12-15,6,1,29.73,70
KVL-03,2025-12-15,9,2,33.36,141
KVL-03,2025-12-15,10,2,58.54,177
KVL-03,2025-12-15,12,2,71.34,187
KVL-03,2025-12-15,14,1,5.13,49
KVL-03,2025-12-15,16,2,67.89,217
KVL-03,2025-12-15,17,1,14.96,45
KVL-03,2025-12-15,18,2,36.02,142
KVL-03,2025-12-15,19,1,21.38,63
KVL-03,2025-12-15,20,1,14.59,43
KVL-03,2025-12-15,22,1,22.24,65
KVL-03,2025-12-16,4,1,22.49,71
KVL-03,2025-12-16,5,1,21.61,54
KVL-03,2025-12-16,6,2,39.2,105
KVL-03,2025-12-16,7,2,45.07,121
KVL-03,2025-12-16,8,1,35.89,92
KVL-03,2025-12-16,9,1,25.56,67
KVL-03,2025-12-16,10,1,32.27,81
KVL-03,2025-12-16,11,2,51.95,131
KVL-03,2025-12-16,12,1,25.58,82
KVL-03,2025-12-16,13,1,35.26,98
KVL-03,2025-12-16,14,1,36.41,99
KVL-03,2025-12-16,16,2,51.0,154
KVL-03,2025-12-16,17,1,30.4,103
KVL-03,2025-12-16,18,1,35.79,127
KVL-03,2025-12-16,19,1,17.55,42
KVL-03,2025-12-16,20,2,36.13,93
KVL-03,2025-12-16,21,2,47.41,129
KVL-03,2025-12-17,7,1,19.53,47
KVL-03,2025-12-17,8,1,14.25,41
KVL-03,2025-12-17,9,2,54.92,140
KVL-03,2025-12-17,10,1,20.55,69
KVL-03,2025-12-17,11,2,25.77,124
KVL-03,2025-12-17,13,1,27.51,88
KVL-03,2025-12-17,15,2,59.67,189
KVL-03,2025-12-17,17,2,70.12,188
KVL-03,2025-12-17,18,1,28.13,91
KVL-03,2025-12-17,21,1,33.9,89
KVL-03,2025-12-17,22,2,41.24,125
KVL-03,2025-12-18,0,1,27.87,69
KVL-03,2025-12-18,1,1,31.98,81
KVL-03,2025-12-18,7,2,46.62,135
KVL-03,2025-12-18,8,1,20.98,66
KVL-03,2025-12-18,9,1,20.92,55
KVL-03,2025-12-18,10,2,47.81,135
KVL-03,2025-12-18,11,1,25.18,65
KVL-03,2025-12-18,12,2,57.95,204
KVL-03,2025-12-18,13,1,14.55,45
KVL-03,2025-12-18,14,2,52.99,181
KVL-03,2025-12-18,15,1,18.13,62
KVL-03,2025-12-18,16,1,33.53,84
KVL-03,2025-12-18,17,1,33.36,110
KVL-03,2025-12-18,18,1,9.26,88
KVL-03,2025-12-18,19,2,67.46,208
KVL-03,2025-12-18,22,1,23.48,73
KVL-03,2025-12-18,23,1,2.71,58
KVL-03,2025-12-19,1,1,35.55,102
KVL-03,2025-12-19,3,1,36.63,122
KVL-03,2025-12-19,6,1,16.53,47
KVL-03,2025-12-19,7,2,11.62,111
KVL-03,2025-12-19,8,1,2.11,45
KVL-03,2025-12-19,9,2,31.85,106
KVL-03,2025-12-19,10,2,51.46,129
KVL-03,2025-12-19,11,2,31.39,133
KVL-03,2025-12-19,12,1,22.0,72
KVL-03,2025-12-19,13,2,46.52,204
KVL-03,2025-12-19,15,2,34.34,116
KVL-03,2025-12-19,16,2,28.48,115
KVL-03,2025-12-19,17,2,53.25,177
KVL-03,2025-12-19,18,1,32.49,110
KVL-03,2025-12-19,19,1,1.97,42
KVL-03,2025-12-19,20,1,6.89,66
KVL-03,2025-12-19,21,1,30.94,104
KVL-03,2025-12-20,0,1,24.0,73
KVL-03,2025-12-20,4,2,54.84,158
KVL-03,2025-12-20,5,1,16.67,52
KVL-03,2025-12-20,6,1,26.1,94
KVL-03,2025-12-20,8,1,6.41,61
KVL-03,2025-12-20,9,1,31.1,84
KVL-03,2025-12-20,10,1,35.95,100
KVL-03,2025-12-20,11,1,28.27,68
KVL-03,2025-12-20,12,2,52.45,151
KVL-03,2025-12-20,13,1,24.6,87
KVL-03,2025-12-20,14,2,28.8,147
KVL-03,2025-12-20,15,1,36.18,92
KVL-03,2025-12-20,16,2,49.04,146
KVL-03,2025-12-20,17,1,24.93,69
KVL-03,2025-12-20,18,2,48.17,124
KVL-03,2025-12-20,19,2,27.44,128
KVL-03,2025-12-20,20,1,36.82,109
KVL-03,2025-12-20,22,2,22.74,113
KVL-03,2025-12-21,0,1,35.35,103
KVL-03,2025-12-21,1,1,18.29,47
KVL-03,2025-12-21,3,1,20.29,51
KVL-03,2025-12-21,6,1,18.39,50
KVL-03,2025-12-21,7,2,52.35,144
KVL-03,2025-12-21,8,2,57.77,147
KVL-03,2025-12-21,9,1,15.89,47
KVL-03,2025-12-21,10,2,27.09,130
KVL-03,2025-12-21,11,1,7.74,74
KVL-03,2025-12-21,12,2,52.0,158
KVL-03,2025-12-21,13,1,30.38,87
KVL-03,2025-12-21,14,2,43.23,141
KVL-03,2025-12-21,16,1,19.39,49
KVL-03,2025-12-21,17,2,50.2,148
KVL-03,2025-12-21,18,1,26.06,65
KVL-03,2025-12-21,19,1,24.8,77
KVL-03,2025-12-21,20,1,35.77,97
KVL-03,2025-12-21,21,2,47.5,148
KVL-03,2025-12-21,23,1,21.2,52
KVL-03,2025-12-22,3,1,32.54,83
KVL-03,2025-12-22,4,1,19.51,51
KVL-03,2025-12-22,7,1,33.05,103
KVL-03,2025-12-22,8,1,31.87,115
KVL-03,2025-12-22,9,1,28.08,90
KVL-03,2025-12-22,11,1,26.04,82
KVL-03,2025-12-22,12,1,21.34,56
KVL-03,2025-12-22,13,1,25.13,68
KVL-03,2025-12-22,14,2,52.73,142
KVL-03,2025-12-22,15,1,19.74,62
KVL-03,2025-12-22,16,3,60.84,170
KVL-03,2025-12-22,17,1,31.66,80
KVL-03,2025-12-22,18,1,16.49,59
KVL-03,2025-12-22,19,2,54.26,182
KVL-03,2025-12-22,20,1,25.47,74
KVL-03,2025-12-22,21,1,38.0,97
KVL-03,2025-12-22,23,1,37.91,137
KVL-03,2025-12-23,3,2,58.55,192
KVL-03,2025-12-23,6,1,19.64,47
KVL-03,2025-12-23,7,1,34.58,94
KVL-03,2025-12-23,9,2,60.76,181
KVL-03,2025-12-23,10,1,26.83,76
KVL-03,2025-12-23,11,1,21.91,67
KVL-03,2025-12-23,12,1,6.31,60
KVL-03,2025-12-23,13,1,19.95,49
KVL-03,2025-12-23,15,2,31.47,126
KVL-03,2025-12-23,17,2,63.13,175
KVL-03,2025-12-23,18,2,39.07,170
KVL-03,2025-12-23,19,1,27.83,66
KVL-03,2025-12-23,20,1,36.9,108
KVL-03,2025-12-24,5,2,49.27,154
KVL-03,2025-12-24,7,2,16.22,155
KVL-03,2025-12-24,8,1,31.74,95
KVL-03,2025-12-24,9,1,30.97,75
KVL-03,2025-12-24,10,2,49.77,135
KVL-03,2025-12-24,12,2,57.07,170
KVL-03,2025-12-24,13,1,21.67,67
KVL-03,2025-12-24,14,1,5.79,55
KVL-03,2025-12-24,16,2,56.37,157
KVL-03,2025-12-24,17,1,30.83,79
KVL-03,2025-12-24,18,1,2.81,60
KVL-03,2025-12-24,19,2,38.92,130
KVL-03,2025-12-24,21,1,37.95,108
KVL-03,2025-12-24,22,1,25.27,90
KVL-03,2025-12-24,23,1,27.71,92
KVL-03,2025-12-25,3,1,20.39,55
KVL-03,2025-12-25,5,1,9.99,95
KVL-03,2025-12-25,7,1,24.48,67
KVL-03,2025-12-25,8,2,46.18,132
KVL-03,2025-12-25,11,2,44.48,129
KVL-03,2025-12-25,12,3,56.25,211
KVL-03,2025-12-25,13,1,31.48,74
KVL-03,2025-12-25,15,3,71.83,206
KVL-03,2025-12-25,16,1,20.37,60
KVL-03,2025-12-25,17,1,36.92,121
KVL-03,2025-12-25,18,1,22.31,58
KVL-03,2025-12-25,19,1,20.27,69
KVL-03,2025-12-25,20,2,35.52,107
KVL-03,2025-12-25,21,1,7.21,69
KVL-03,2025-12-25,22,1,30.86,96
KVL-03,2025-12-26,4,2,54.06,170
KVL-03,2025-12-26,7,1,23.76,74
KVL-03,2025-12-26,8,2,68.59,210
KVL-03,2025-12-26,9,1,6.54,62
KVL-03,2025-12-26,10,1,35.21,101
KVL-03,2025-12-26,11,1,19.86,60
KVL-03,2025-12-26,12,2,39.15,130
KVL-03,2025-12-26,13,2,42.44,127
KVL-03,2025-12-26,14,2,46.8,124
KVL-03,2025-12-26,15,2,38.48,171
KVL-03,2025-12-26,16,1,21.86,67
KVL-03,2025-12-26,17,1,6.1,58
KVL-03,2025-12-26,18,2,32.77,99
KVL-03,2025-12-26,19,2,55.99,155
KVL-03,2025-12-26,20,1,37.45,100
KVL-03,2025-12-26,21,1,31.61,89
KVL-03,2025-12-26,23,1,9.66,92
KVL-03,2025-12-27,5,1,34.81,83
KVL-03,2025-12-27,6,1,14.79,48
KVL-03,2025-12-27,7,2,59.97,192
KVL-03,2025-12-27,8,1,27.11,78
KVL-03,2025-12-27,9,1,27.77,67
KVL-03,2025-12-27,10,2,43.85,115
KVL-03,2025-12-27,11,1,3.17,68
KVL-03,2025-12-27,12,2,28.06,126
KVL-03,2025-12-27,14,2,31.05,143
KVL-03,2025-12-27,15,2,56.72,155
KVL-03,2025-12-27,16,2,46.01,130
KVL-03,2025-12-27,17,1,24.83,64
KVL-03,2025-12-27,18,2,42.65,128
KVL-03,2025-12-27,19,1,17.41,53
KVL-03,2025-12-27,20,2,31.68,154
KVL-03,2025-12-27,21,1,27.73,73
KVL-03,2025-12-27,22,2,47.13,131
KVL-03,2025-12-28,4,1,24.22,79
KVL-03,2025-12-28,5,1,17.69,64
KVL-03,2025-12-28,6,1,3.26,70
KVL-03,2025-12-28,8,2,50.67,126
KVL-03,2025-12-28,9,2,51.24,157
KVL-03,2025-12-28,10,1,35.81,85
KVL-03,2025-12-28,11,1,21.18,53
KVL-03,2025-12-28,12,2,12.98,124
KVL-03,2025-12-28,13,2,25.19,139
KVL-03,2025-12-28,15,2,41.76,106
KVL-03,2025-12-28,17,1,19.58,50
KVL-03,2025-12-28,19,2,47.8,133
KVL-03,2025-12-28,20,2,44.03,136
KVL-03,2025-12-28,21,1,16.73,46
KVL-03,2025-12-29,2,2,59.79,160
KVL-03,2025-12-29,6,1,35.96,120
KVL-03,2025-12-29,7,1,34.0,91
KVL-03,2025-12-29,8,1,7.17,68
KVL-03,2025-12-29,9,2,55.7,165
KVL-03,2025-12-29,10,1,34.97,116
KVL-03,2025-12-29,12,2,58.46,148
KVL-03,2025-12-29,13,1,33.45,90
KVL-03,2025-12-29,15,1,14.55,35
KVL-03,2025-12-29,16,2,70.62,237
KVL-03,2025-12-29,18,1,23.96,69
KVL-03,2025-12-29,19,1,37.04,116
KVL-03,2025-12-29,21,1,35.26,124
KVL-03,2025-12-30,0,1,34.05,85
KVL-03,2025-12-30,1,1,22.8,63
KVL-03,2025-12-30,2,2,41.56,118
KVL-03,2025-12-30,3,2,48.67,153
KVL-03,2025-12-30,6,2,42.8,141
KVL-03,2025-12-30,7,2,54.8,133
KVL-03,2025-12-30,9,1,7.98,76
KVL-03,2025-12-30,11,1,16.12,44
KVL-03,2025-12-30,12,1,29.57,95
KVL-03,2025-12-30,13,1,27.59,67
KVL-03,2025-12-30,15,2,71.23,197
KVL-03,2025-12-30,17,1,18.46,51
KVL-03,2025-12-30,18,2,63.68,155
KVL-03,2025-12-30,19,1,15.06,40
KVL-03,2025-12-30,20,1,34.46,86
KVL-03,2025-12-30,22,2,47.45,154
KVL-03,2025-12-31,2,1,26.23,80
KVL-03,2025-12-31,6,1,27.41,66
KVL-03,2025-12-31,7,1,34.61,93
KVL-03,2025-12-31,8,1,26.31,71
KVL-03,2025-12-31,9,2,60.27,202
KVL-03,2025-12-31,12,1,26.66,91
KVL-03,2025-12-31,13,2,57.3,186
KVL-03,2025-12-31,14,1,17.53,52
KVL-03,2025-12-31,16,2,54.44,139
KVL-03,2025-12-31,17,2,70.88,194
KVL-03,2025-12-31,18,1,17.11,42
KVL-03,2025-12-31,19,2,13.77,132
KVL-03,2025-12-31,21,1,32.15,110
KVL-03,2026-01-01,0,1,19.9,70
KVL-03,2026-01-01,6,3,68.57,191
KVL-03,2026-01-01,7,2,45.41,130
KVL-03,2026-01-01,8,1,31.66,86
KVL-03,2026-01-01,9,2,32.97,80
KVL-03,2026-01-01,10,1,29.22,75
KVL-03,2026-01-01,11,1,36.44,98
KVL-03,2026-01-01,12,1,26.79,66
KVL-03,2026-01-01,13,2,48.15,165
KVL-03,2026-01-01,14,1,5.73,55
KVL-03,2026-01-01,15,2,53.65,181
KVL-03,2026-01-01,16,1,31.4,98
KVL-03,2026-01-01,17,2,59.63,205
KVL-03,2026-01-01,18,1,34.05,99
KVL-03,2026-01-01,21,1,30.67,83
KVL-03,2026-01-01,22,1,35.01,86
KVL-03,2026-01-01,23,1,36.24,95
KVL-03,2026-01-02,1,1,15.17,51
KVL-03,2026-01-02,2,1,33.23,99
KVL-03,2026-01-02,5,1,17.26,61
KVL-03,2026-01-02,6,1,18.2,48
KVL-03,2026-01-02,7,1,6.14,59
KVL-03,2026-01-02,8,2,52.42,155
KVL-03,2026-01-02,9,1,15.72,51
KVL-03,2026-01-02,10,2,62.41,185
KVL-03,2026-01-02,11,1,37.39,118
KVL-03,2026-01-02,12,1,27.59,79
KVL-03,2026-01-02,13,1,35.88,85
KVL-03,2026-01-02,14,1,22.89,62
KVL-03,2026-01-02,16,2,63.92,185
KVL-03,2026-01-02,17,1,32.14,81
KVL-03,2026-01-02,18,1,25.86,70
KVL-03,2026-01-02,19,2,47.68,158
KVL-03,2026-01-02,20,1,22.82,82
KVL-03,2026-01-02,22,1,20.29,64
KVL-03,2026-01-03,5,2,25.12,103
KVL-03,2026-01-03,6,2,34.12,87
KVL-03,2026-01-03,7,2,40.04,161
KVL-03,2026-01-03,8,1,34.59,84
KVL-03,2026-01-03,9,1,23.85,63
KVL-03,2026-01-03,10,2,62.13,155
KVL-03,2026-01-03,11,1,7.39,70
KVL-03,2026-01-03,12,2,61.07,163
KVL-03,2026-01-03,13,2,62.68,156
KVL-03,2026-01-03,15,1,31.63,82
KVL-03,2026-01-03,16,2,47.93,142
KVL-03,2026-01-03,17,1,32.72,86
KVL-03,2026-01-03,18,1,9.31,89
KVL-03,2026-01-04,0,1,30.91,82
KVL-03,2026-01-04,2,2,61.73,176
KVL-03,2026-01-04,3,1,18.37,43
KVL-03,2026-01-04,4,1,15.18,50
KVL-03,2026-01-04,5,1,16.56,40
KVL-03,2026-01-04,7,2,51.99,164
KVL-03,2026-01-04,8,1,2.03,43
KVL-03,2026-01-04,9,2,36.52,106
KVL-03,2026-01-04,10,1,26.75,84
KVL-03,2026-01-04,12,1,19.09,53
KVL-03,2026-01-04,13,2,29.38,116
KVL-03,2026-01-04,16,2,25.82,111
KVL-03,2026-01-04,17,1,6.97,66
KVL-03,2026-01-04,18,3,52.1,151
KVL-03,2026-01-04,19,2,37.44,109
KVL-03,2026-01-04,20,2,53.14,142
KVL-03,2026-01-04,22,1,7.72,74
KVL-03,2026-01-05,3,1,17.56,46
KVL-03,2026-01-05,7,2,33.13,96
KVL-03,2026-01-05,8,2,37.5,104
KVL-03,2026-01-05,9,1,23.99,65
KVL-03,2026-01-05,10,1,34.31,88
KVL-03,2026-01-05,11,1,18.21,44
KVL-03,2026-01-05,12,1,31.67,100
KVL-03,2026-01-05,14,2,36.52,100
KVL-03,2026-01-05,16,2,43.94,195
KVL-03,2026-01-05,17,1,24.76,66
KVL-03,2026-01-05,19,2,65.38,158
KVL-03,2026-01-05,20,1,23.16,80
KVL-03,2026-01-05,21,1,27.96,70
KVL-03,2026-01-06,0,2,48.4,137
KVL-03,2026-01-06,4,2,52.71,172
KVL-03,2026-01-06,6,1,35.79,97
KVL-03,2026-01-06,7,1,25.47,75
KVL-03,2026-01-06,8,2,43.52,193
KVL-03,2026-01-06,9,1,34.17,85
KVL-03,2026-01-06,10,2,46.8,122
KVL-03,2026-01-06,12,2,58.83,204
KVL-03,2026-01-06,13,1,27.65,86
KVL-03,2026-01-06,15,1,20.19,58
KVL-03,2026-01-06,16,2,65.1,177
KVL-03,2026-01-06,18,2,42.22,130
KVL-03,2026-01-06,22,1,23.82,67
KVL-03,2026-01-07,5,2,56.62,180
KVL-03,2026-01-07,6,1,31.99,114
KVL-03,2026-01-07,8,2,56.33,157
KVL-03,2026-01-07,9,1,30.09,102
KVL-03,2026-01-07,10,2,57.41,184
KVL-03,2026-01-07,12,2,50.44,150
KVL-03,2026-01-07,13,1,29.02,93
KVL-03,2026-01-07,14,1,16.3,51
KVL-03,2026-01-07,15,2,44.29,118
KVL-03,2026-01-07,16,1,35.07,84
KVL-03,2026-01-07,18,2,42.52,133
KVL-03,2026-01-07,19,2,53.34,150
KVL-03,2026-01-07,21,1,32.01,102
KVL-03,2026-01-07,22,1,26.32,65
KVL-03,2026-01-08,7,2,31.47,134
KVL-03,2026-01-08,8,2,64.47,202
KVL-03,2026-01-08,10,1,24.57,60
KVL-03,2026-01-08,12,2,58.52,171
KVL-03,2026-01-08,13,1,36.45,111
KVL-03,2026-01-08,14,1,14.29,36
KVL-03,2026-01-08,15,2,27.55,118
KVL-03,2026-01-08,16,1,17.89,62
KVL-03,2026-01-08,17,2,49.66,150
KVL-03,2026-01-08,19,2,29.71,122
KVL-03,2026-01-08,22,1,14.72,36
KVL-03,2026-01-09,3,1,37.25,93
KVL-03,2026-01-09,4,1,19.18,46
KVL-03,2026-01-09,5,1,31.38,90
KVL-03,2026-01-09,7,2,28.16,123
KVL-03,2026-01-09,8,2,29.49,131
KVL-03,2026-01-09,9,2,61.15,202
KVL-03,2026-01-09,11,2,53.87,137
KVL-03,2026-01-09,13,1,34.59,96
KVL-03,2026-01-09,15,1,14.37,35
KVL-03,2026-01-09,16,3,62.97,173
KVL-03,2026-01-09,19,2,36.92,163
KVL-03,2026-01-09,20,1,24.75,60
KVL-03,2026-01-09,21,1,25.04,90
KVL-03,2026-01-10,4,1,18.77,55
KVL-03,2026-01-10,5,1,35.89,88
KVL-03,2026-01-10,6,2,65.13,188
KVL-03,2026-01-10,8,2,59.14,166
KVL-03,2026-01-10,9,2,35.66,123
KVL-03,2026-01-10,11,2,32.44,87
KVL-03,2026-01-10,12,1,32.23,114
KVL-03,2026-01-10,13,1,15.09,48
KVL-03,2026-01-10,14,2,48.57,142
KVL-03,2026-01-10,15,1,32.19,80
KVL-03,2026-01-10,16,2,39.81,135
KVL-03,2026-01-10,18,2,56.5,187
KVL-03,2026-01-10,19,1,21.05,63
KVL-03,2026-01-10,20,1,35.97,96
KVL-03,2026-01-10,22,1,27.24,96
KVL-03,2026-01-10,23,1,34.35,104
KVL-03,2026-01-11,0,1,36.3,86
KVL-03,2026-01-11,5,2,59.89,176
KVL-03,2026-01-11,6,1,25.79,64
KVL-03,2026-01-11,7,2,21.46,112
KVL-03,2026-01-11,8,1,37.91,98
KVL-03,2026-01-11,9,1,2.55,55
KVL-03,2026-01-11,11,2,37.94,139
KVL-03,2026-01-11,12,1,34.1,101
KVL-03,2026-01-11,13,1,28.6,94
KVL-03,2026-01-11,15,2,39.17,123
KVL-03,2026-01-11,16,2,59.42,185
KVL-03,2026-01-11,18,2,71.54,194
KVL-03,2026-01-11,19,1,37.49,93
KVL-03,2026-01-11,20,1,36.7,128
KVL-03,2026-01-11,21,1,23.15,79
KVL-03,2026-01-11,22,1,33.39,83
KVL-03,2026-01-11,23,1,26.12,69
KVL-03,2026-01-12,2,1,14.42,37
KVL-03,2026-01-12,4,1,36.62,98
KVL-03,2026-01-12,5,1,18.09,50
KVL-03,2026-01-12,6,1,8.64,82
KVL-03,2026-01-12,7,2,40.69,154
KVL-03,2026-01-12,8,1,17.0,46
KVL-03,2026-01-12,9,2,51.72,174
KVL-03,2026-01-12,11,1,16.07,47
KVL-03,2026-01-12,12,2,63.67,201
KVL-03,2026-01-12,13,1,17.79,58
KVL-03,2026-01-12,15,2,43.23,129
KVL-03,2026-01-12,16,2,65.89,204
KVL-03,2026-01-12,17,1,7.48,71
KVL-03,2026-01-12,19,2,41.89,168
KVL-03,2026-01-12,20,1,2.88,62
KVL-03,2026-01-12,22,1,31.45,80
KVL-03,2026-01-13,3,1,16.78,43
KVL-03,2026-01-13,4,1,27.75,78
KVL-03,2026-01-13,5,1,23.91,62
KVL-03,2026-01-13,7,2,40.88,124
KVL-03,2026-01-13,8,1,35.69,90
KVL-03,2026-01-13,10,1,32.53,83
KVL-03,2026-01-13,11,1,34.83,87
KVL-03,2026-01-13,12,1,33.15,107
KVL-03,2026-01-13,13,1,27.71,85
KVL-03,2026-01-13,14,2,53.56,178
KVL-03,2026-01-13,15,1,19.7,53
KVL-03,2026-01-13,16,2,31.52,95
KVL-03,2026-01-13,17,2,23.63,108
KVL-03,2026-01-13,18,1,34.5,92
KVL-03,2026-01-13,19,2,42.41,168
KVL-03,2026-01-14,0,1,21.47,56
KVL-03,2026-01-14,1,1,27.95,71
KVL-03,2026-01-14,2,1,30.73,80
KVL-03,2026-01-14,4,1,37.16,115
KVL-03,2026-01-14,6,2,67.29,200
KVL-03,2026-01-14,8,2,60.41,198
KVL-03,2026-01-14,10,2,29.89,121
KVL-03,2026-01-14,11,2,36.39,157
KVL-03,2026-01-14,12,1,31.22,88
KVL-03,2026-01-14,13,1,3.23,69
KVL-03,2026-01-14,14,1,37.13,96
KVL-03,2026-01-14,15,2,63.72,187
KVL-03,2026-01-14,16,1,28.43,70
KVL-03,2026-01-14,17,2,60.49,175
KVL-03,2026-01-14,19,2,63.21,192
KVL-03,2026-01-14,20,1,27.34,72
KVL-03,2026-01-14,21,2,56.75,186
KVL-03,2026-01-14,23,2,52.1,141
KVL-03,2026-01-15,0,1,23.01,64
KVL-03,2026-01-15,2,1,17.55,50
KVL-03,2026-01-15,5,1,8.64,82
KVL-03,2026-01-15,7,1,36.36,93
KVL-03,2026-01-15,8,1,14.76,53
KVL-03,2026-01-15,9,1,21.37,54
KVL-03,2026-01-15,10,2,39.25,193
KVL-03,2026-01-15,12,3,52.55,164
KVL-03,2026-01-15,13,2,44.23,129
KVL-03,2026-01-15,14,1,31.92,82
KVL-03,2026-01-15,15,1,19.13,53
KVL-03,2026-01-15,16,2,44.47,144
KVL-03,2026-01-15,17,1,5.46,52
KVL-03,2026-01-15,18,2,15.29,146
KVL-03,2026-01-15,19,1,18.84,46
KVL-03,2026-01-15,20,2,53.88,156
KVL-03,2026-01-15,22,1,32.09,89
KVL-03,2026-01-16,7,2,48.23,153
KVL-03,2026-01-16,9,1,7.89,75
KVL-03,2026-01-16,10,2,49.56,136
KVL-03,2026-01-16,11,1,7.96,76
KVL-03,2026-01-16,12,2,22.91,122
KVL-03,2026-01-16,13,1,19.59,63
KVL-03,2026-01-16,14,1,16.8,56
KVL-03,2026-01-16,15,1,33.18,109
KVL-03,2026-01-16,16,1,21.83,60
KVL-03,2026-01-16,17,2,55.98,173
KVL-03,2026-01-16,18,1,2.87,61
KVL-03,2026-01-16,21,2,46.04,145
KVL-03,2026-01-17,5,1,37.68,91
KVL-03,2026-01-17,6,1,23.51,84
KVL-03,2026-01-17,7,1,26.46,76
KVL-03,2026-01-17,8,1,20.79,63
KVL-03,2026-01-17,9,1,28.38,77
KVL-03,2026-01-17,10,2,27.68,137
KVL-03,2026-01-17,11,2,44.84,126
KVL-03,2026-01-17,12,1,35.84,112
KVL-03,2026-01-17,13,1,19.62,60
KVL-03,2026-01-17,14,2,36.29,108
KVL-03,2026-01-17,18,2,22.52,113
KVL-03,2026-01-17,19,2,52.02,134
KVL-03,2026-01-17,20,1,29.25,97
KVL-03,2026-01-17,21,2,43.91,112
KVL-03,2026-01-18,0,1,34.31,85
KVL-03,2026-01-18,2,1,26.33,74
KVL-03,2026-01-18,3,1,21.8,73
KVL-03,2026-01-18,4,2,52.14,159
KVL-03,2026-01-18,6,2,43.21,128
KVL-03,2026-01-18,7,1,32.99,98
KVL-03,2026-01-18,8,1,31.7,76
KVL-03,2026-01-18,9,2,58.72,176
KVL-03,2026-01-18,10,1,18.0,45
KVL-03,2026-01-18,11,2,54.11,181
KVL-03,2026-01-18,12,1,1.88,40
KVL-03,2026-01-18,16,2,61.3,159
KVL-03,2026-01-18,17,1,34.26,94
KVL-03,2026-01-18,18,1,18.4,44
KVL-03,2026-01-18,19,2,56.69,138
KVL-03,2026-01-18,20,1,21.85,52
KVL-03,2026-01-18,21,2,35.47,153
KVL-03,2026-01-19,4,1,20.08,59
KVL-03,2026-01-19,6,1,27.12,67
KVL-03,2026-01-19,7,1,26.85,70
KVL-03,2026-01-19,8,2,54.75,170
KVL-03,2026-01-19,9,1,34.59,104
KVL-03,2026-01-19,10,1,33.69,98
KVL-03,2026-01-19,11,1,31.72,85
KVL-03,2026-01-19,13,2,34.61,160
KVL-03,2026-01-19,14,2,67.58,199
KVL-03,2026-01-19,16,2,51.23,155
KVL-03,2026-01-19,17,2,51.91,125
KVL-03,2026-01-19,18,1,22.61,81
KVL-03,2026-01-19,19,2,64.84,194
KVL-03,2026-01-19,23,2,22.84,111
KVL-03,2026-01-20,3,1,16.56,40
KVL-03,2026-01-20,5,2,48.66,140
KVL-03,2026-01-20,7,2,56.3,196
KVL-03,2026-01-20,8,1,29.94,78
KVL-03,2026-01-20,10,1,17.17,44
KVL-03,2026-01-20,11,2,51.11,136
KVL-03,2026-01-20,12,2,31.74,83
KVL-03,2026-01-20,13,2,44.53,133
KVL-03,2026-01-20,14,2,40.47,176
KVL-03,2026-01-20,15,1,24.26,68
KVL-03,2026-01-20,16,2,74.76,228
KVL-03,2026-01-20,18,2,64.09,185
KVL-03,2026-01-20,19,1,26.71,92
KVL-03,2026-01-20,21,1,37.95,134
KVL-03,2026-01-20,22,1,34.33,100
KVL-03,2026-01-20,23,1,21.13,59
KVL-03,2026-01-21,0,1,18.55,59
KVL-03,2026-01-21,2,1,34.27,87
KVL-03,2026-01-21,6,2,57.14,142
KVL-03,2026-01-21,7,2,28.47,125
KVL-03,2026-01-21,8,2,54.84,154
KVL-03,2026-01-21,9,2,52.47,151
KVL-03,2026-01-21,10,1,27.71,78
KVL-03,2026-01-21,11,1,35.78,96
KVL-03,2026-01-21,12,1,23.87,62
KVL-03,2026-01-21,13,2,34.24,84
KVL-03,2026-01-21,14,2,36.14,180
KVL-03,2026-01-21,16,2,40.0,171
KVL-03,2026-01-21,17,1,26.73,70
KVL-03,2026-01-21,18,1,8.76,84
KVL-03,2026-01-21,19,2,46.7,162
KVL-03,2026-01-21,23,1,16.18,52
KVL-03,2026-01-22,3,1,31.19,99
KVL-03,2026-01-22,4,2,30.02,106
KVL-03,2026-01-22,5,1,3.36,72
KVL-03,2026-01-22,6,1,23.99,57
KVL-03,2026-01-22,7,2,51.6,130
KVL-03,2026-01-22,8,2,43.68,133
KVL-03,2026-01-22,9,1,6.66,64
KVL-03,2026-01-22,10,2,56.95,157
KVL-03,2026-01-22,11,1,17.98,50
KVL-03,2026-01-22,12,2,43.53,122
KVL-03,2026-01-22,14,1,31.83,83
KVL-03,2026-01-22,15,2,33.22,91
KVL-03,2026-01-22,16,2,38.37,120
KVL-03,2026-01-22,17,2,58.53,183
KVL-03,2026-01-22,19,1,33.99,81
KVL-03,2026-01-22,21,1,23.39,71
KVL-03,2026-01-23,0,1,34.1,111
KVL-03,2026-01-23,5,1,3.11,67
KVL-03,2026-01-23,6,1,26.52,70
KVL-03,2026-01-23,8,1,32.5,112
KVL-03,2026-01-23,9,1,22.47,60
KVL-03,2026-01-23,10,2,38.47,178
KVL-03,2026-01-23,11,1,22.83,77
KVL-03,2026-01-23,12,1,26.29,64
KVL-03,2026-01-23,13,1,25.54,63
KVL-03,2026-01-23,14,2,52.42,141
KVL-03,2026-01-23,15,1,19.82,53
KVL-03,2026-01-23,17,2,42.04,157
KVL-03,2026-01-23,18,1,34.99,117
KVL-03,2026-01-23,19,1,24.69,83
KVL-03,2026-01-23,21,1,37.14,93
KVL-03,2026-01-24,1,1,30.78,81
KVL-03,2026-01-24,3,1,8.09,77
KVL-03,2026-01-24,6,1,28.82,91
KVL-03,2026-01-24,7,1,16.08,50
KVL-03,2026-01-24,8,2,47.3,120
KVL-03,2026-01-24,9,2,57.39,165
KVL-03,2026-01-24,10,1,16.78,47
KVL-03,2026-01-24,11,1,15.64,56
KVL-03,2026-01-24,14,2,42.43,109
KVL-03,2026-01-24,17,3,77.92,214
KVL-03,2026-01-24,18,1,15.75,38
KVL-03,2026-01-24,19,1,33.75,108
KVL-03,2026-01-24,20,1,24.62,71
KVL-03,2026-01-24,21,2,38.32,91
KVL-03,2026-01-24,23,1,21.64,56
KVL-03,2026-01-25,7,1,29.68,92
KVL-03,2026-01-25,8,2,33.46,149
KVL-03,2026-01-25,9,1,32.09,80
KVL-03,2026-01-25,10,1,31.69,96
KVL-03,2026-01-25,11,1,25.68,90
KVL-03,2026-01-25,12,2,37.93,96
KVL-03,2026-01-25,13,2,45.9,157
KVL-03,2026-01-25,14,1,32.8,102
KVL-03,2026-01-25,16,2,42.89,113
KVL-03,2026-01-25,17,2,57.66,148
KVL-03,2026-01-25,18,1,21.66,71
KVL-03,2026-01-25,19,2,37.4,102
KVL-03,2026-01-25,20,1,15.87,54
KVL-03,2026-01-25,21,2,35.28,121
KVL-03,2026-01-26,3,1,6.1,58
KVL-03,2026-01-26,4,1,23.02,83
KVL-03,2026-01-26,5,1,35.28,83
KVL-03,2026-01-26,6,2,41.59,114
KVL-03,2026-01-26,8,1,25.39,83
KVL-03,2026-01-26,10,2,53.79,144
KVL-03,2026-01-26,11,1,8.74,83
KVL-03,2026-01-26,12,1,29.7,99
KVL-03,2026-01-26,13,1,27.53,95
KVL-03,2026-01-26,14,1,31.85,100
KVL-03,2026-01-26,15,1,37.96,130
KVL-03,2026-01-26,16,1,32.22,80
KVL-03,2026-01-26,18,2,33.28,174
KVL-03,2026-01-26,19,1,17.66,64
KVL-03,2026-01-26,20,1,30.65,73
KVL-03,2026-01-26,21,1,35.83,85
KVL-03,2026-01-26,22,1,22.7,78
KVL-03,2026-01-27,2,1,20.35,72
KVL-03,2026-01-27,3,1,7.32,70
KVL-03,2026-01-27,6,2,29.25,139
KVL-03,2026-01-27,7,2,58.75,203
KVL-03,2026-01-27,8,1,17.07,42
KVL-03,2026-01-27,9,2,65.41,220
KVL-03,2026-01-27,11,2,40.77,119
KVL-03,2026-01-27,12,2,37.86,90
KVL-03,2026-01-27,13,2,74.22,209
KVL-03,2026-01-27,15,2,28.51,126
KVL-03,2026-01-27,17,2,53.86,166
KVL-03,2026-01-27,18,1,25.75,67
KVL-03,2026-01-27,20,2,27.59,130
KVL-03,2026-01-28,3,1,31.4,98
KVL-03,2026-01-28,4,1,31.33,83
KVL-03,2026-01-28,5,1,1.63,35
KVL-03,2026-01-28,6,2,43.36,130
KVL-03,2026-01-28,7,1,16.22,57
KVL-03,2026-01-28,8,2,51.33,133
KVL-03,2026-01-28,9,1,5.59,53
KVL-03,2026-01-28,10,1,14.69,37
KVL-03,2026-01-28,12,2,38.67,99
KVL-03,2026-01-28,13,2,58.89,160
KVL-03,2026-01-28,15,1,35.73,120
KVL-03,2026-01-28,16,1,28.95,74
KVL-03,2026-01-28,17,1,29.7,90
KVL-03,2026-01-28,18,1,22.06,66
KVL-03,2026-01-28,19,2,53.09,139
KVL-03,2026-01-28,20,1,18.4,65
KVL-03,2026-01-28,21,2,36.34,151
KVL-03,2026-01-28,22,1,30.8,77
KVL-03,2026-01-29,5,1,26.79,91
KVL-03,2026-01-29,7,2,60.1,189
KVL-03,2026-01-29,8,1,24.86,67
KVL-03,2026-01-29,11,2,36.0,168
KVL-03,2026-01-29,12,1,9.83,94
KVL-03,2026-01-29,13,1,9.07,87
KVL-03,2026-01-29,14,2,69.11,210
KVL-03,2026-01-29,16,1,25.7,70
KVL-03,2026-01-29,17,1,20.72,75
KVL-03,2026-01-29,18,1,24.35,83
KVL-03,2026-01-29,19,2,42.94,125
KVL-03,2026-01-29,20,1,32.93,90
KVL-03,2026-01-29,22,1,19.99,49
KVL-03,2026-01-29,23,1,26.08,76
KVL-03,2026-01-30,4,1,17.06,52
KVL-03,2026-01-30,5,1,16.71,49
KVL-03,2026-01-30,6,1,35.16,113
KVL-03,2026-01-30,7,1,22.48,65
KVL-03,2026-01-30,8,1,34.74,83
KVL-03,2026-01-30,9,1,29.69,70
KVL-03,2026-01-30,10,2,42.34,131
KVL-03,2026-01-30,11,2,36.23,97
KVL-03,2026-01-30,12,1,32.2,102
KVL-03,2026-01-30,13,1,17.42,52
KVL-03,2026-01-30,14,2,67.21,210
KVL-03,2026-01-30,15,1,17.26,48
KVL-03,2026-01-30,16,1,30.87,82
KVL-03,2026-01-30,17,1,28.25,68
KVL-03,2026-01-30,18,2,48.94,122
KVL-03,2026-01-30,19,1,31.94,80
KVL-03,2026-01-30,20,1,23.47,79
KVL-03,2026-01-30,22,1,34.45,82
KVL-03,2026-01-30,23,1,15.99,48
KVL-03,2026-01-31,0,1,37.34,133
KVL-03,2026-01-31,3,1,37.24,125
KVL-03,2026-01-31,5,1,33.19,102
KVL-03,2026-01-31,6,1,16.9,58
KVL-03,2026-01-31,7,1,29.72,92
KVL-03,2026-01-31,9,2,35.5,100
KVL-03,2026-01-31,11,1,17.45,49
KVL-03,2026-01-31,12,2,53.48,146
KVL-03,2026-01-31,13,2,67.06,201
KVL-03,2026-01-31,14,1,22.42,67
KVL-03,2026-01-31,17,2,13.93,133
KVL-03,2026-01-31,18,1,20.48,58
KVL-03,2026-01-31,19,2,48.21,135
KVL-03,2026-01-31,21,1,14.12,41
KVL-03,2026-01-31,22,1,25.67,66
KVL-03,2026-02-01,5,1,37.68,123
KVL-03,2026-02-01,6,1,27.0,66
KVL-03,2026-02-01,8,2,49.84,160
KVL-03,2026-02-01,9,1,29.53,90
KVL-03,2026-02-01,11,2,40.18,124
KVL-03,2026-02-01,12,2,46.88,140
KVL-03,2026-02-01,15,2,62.24,182
KVL-03,2026-02-01,17,2,40.36,105
KVL-03,2026-02-01,18,2,41.29,127
KVL-03,2026-02-01,19,1,34.87,118
KVL-03,2026-02-01,20,1,21.46,75
KVL-03,2026-02-02,5,2,68.06,221
KVL-03,2026-02-02,6,1,28.32,81
KVL-03,2026-02-02,7,1,23.51,63
KVL-03,2026-02-02,8,1,28.4,93
KVL-03,2026-02-02,9,1,28.2,81
KVL-03,2026-02-02,10,2,65.09,186
KVL-03,2026-02-02,11,1,33.93,92
KVL-03,2026-02-02,12,1,34.65,97
KVL-03,2026-02-02,13,1,8.35,80
KVL-03,2026-02-02,14,1,16.71,51
KVL-03,2026-02-02,16,2,57.04,145
KVL-03,2026-02-02,17,1,16.87,45
KVL-03,2026-02-02,18,1,36.12,96
KVL-03,2026-02-02,19,2,64.52,192
KVL-03,2026-02-02,20,1,6.56,63
KVL-03,2026-02-03,5,1,9.12,87
KVL-03,2026-02-03,6,1,25.74,66
KVL-03,2026-02-03,7,1,20.27,70
KVL-03,2026-02-03,8,1,31.82,85
KVL-03,2026-02-03,9,1,22.33,59
KVL-03,2026-02-03,10,1,34.65,84
KVL-03,2026-02-03,11,1,30.86,100
KVL-03,2026-02-03,12,1,1.78,38
KVL-03,2026-02-03,13,1,34.79,94
KVL-03,2026-02-03,15,1,6.44,61
KVL-03,2026-02-03,16,2,44.0,127
KVL-03,2026-02-03,17,1,14.9,46
KVL-03,2026-02-03,18,2,63.33,199
KVL-03,2026-02-03,19,1,21.49,63
KVL-03,2026-02-03,21,2,58.2,162
KVL-03,2026-02-03,23,1,35.47,129
KVL-03,2026-02-04,1,2,41.78,163
KVL-03,2026-02-04,2,1,20.81,55
KVL-03,2026-02-04,4,1,17.57,55
KVL-03,2026-02-04,6,1,26.24,73
KVL-03,2026-02-04,7,1,36.54,133
KVL-03,2026-02-04,8,1,34.69,120
KVL-03,2026-02-04,10,1,30.17,109
KVL-03,2026-02-04,13,1,36.09,88
KVL-03,2026-02-04,16,1,28.42,72
KVL-03,2026-02-04,17,2,49.76,136
KVL-03,2026-02-04,18,1,18.81,45
KVL-03,2026-02-04,19,2,52.38,164
KVL-03,2026-02-04,20,1,22.64,54
KVL-03,2026-02-04,21,2,50.33,132
KVL-03,2026-02-04,22,2,60.6,191
KVL-03,2026-02-05,0,1,22.85,58
KVL-03,2026-02-05,7,2,47.17,126
KVL-03,2026-02-05,8,1,25.59,78
KVL-03,2026-02-05,9,2,25.75,134
KVL-03,2026-02-05,10,2,47.92,146
KVL-03,2026-02-05,11,1,31.47,96
KVL-03,2026-02-05,12,1,17.75,44
KVL-03,2026-02-05,13,1,16.07,54
KVL-03,2026-02-05,14,1,20.37,51
KVL-03,2026-02-05,15,1,36.13,100
KVL-03,2026-02-05,16,2,57.72,157
KVL-03,2026-02-05,17,1,26.28,66
KVL-03,2026-02-05,18,2,50.81,139
KVL-03,2026-02-05,19,1,15.0,41
KVL-03,2026-02-05,20,1,28.08,80
KVL-03,2026-02-06,7,1,37.14,131
KVL-03,2026-02-06,8,1,16.39,43
KVL-03,2026-02-06,9,2,41.88,105
KVL-03,2026-02-06,10,1,36.78,127
KVL-03,2026-02-06,12,2,52.75,146
KVL-03,2026-02-06,13,1,22.1,69
KVL-03,2026-02-06,14,1,27.18,74
KVL-03,2026-02-06,15,1,8.44,81
KVL-03,2026-02-06,16,1,29.58,73
KVL-03,2026-02-06,17,2,50.38,147
KVL-03,2026-02-06,18,2,28.88,156
KVL-03,2026-02-06,19,1,30.8,73
KVL-03,2026-02-06,21,1,19.77,64
KVL-03,2026-02-06,23,1,14.94,44
KVL-03,2026-02-07,0,1,33.58,90
KVL-03,2026-02-07,2,1,34.48,90
KVL-03,2026-02-07,3,2,41.25,112
KVL-03,2026-02-07,6,1,36.19,126
KVL-03,2026-02-07,7,1,33.44,81
KVL-03,2026-02-07,8,1,35.65,99
KVL-03,2026-02-07,9,1,16.71,57
KVL-03,2026-02-07,12,2,28.28,114
KVL-03,2026-02-07,14,2,38.61,129
KVL-03,2026-02-07,15,2,41.42,199
KVL-03,2026-02-07,16,1,14.67,41
KVL-03,2026-02-07,17,2,23.3,120
KVL-03,2026-02-07,19,2,41.01,111
KVL-03,2026-02-07,20,1,28.81,76
KVL-03,2026-02-07,21,2,34.95,145
KVL-03,2026-02-07,22,1,25.41,76
KVL-03,2026-02-08,4,1,17.24,48
KVL-03,2026-02-08,6,1,21.4,68
KVL-03,2026-02-08,8,2,46.42,221
KVL-03,2026-02-08,10,1,23.49,81
KVL-03,2026-02-08,11,1,30.71,83
KVL-03,2026-02-08,12,2,53.89,184
KVL-03,2026-02-08,14,2,42.09,116
KVL-03,2026-02-08,15,2,54.01,156
KVL-03,2026-02-08,16,3,45.97,171
KVL-03,2026-02-08,17,1,25.34,67
KVL-03,2026-02-08,18,1,24.85,73
KVL-03,2026-02-08,19,2,54.4,161
KVL-03,2026-02-08,20,1,15.26,47
KVL-03,2026-02-08,23,2,21.08,101
KVL-03,2026-02-09,0,1,26.71,69
KVL-03,2026-02-09,2,1,7.83,75
KVL-03,2026-02-09,5,1,27.99,71
KVL-03,2026-02-09,6,2,48.45,143
KVL-03,2026-02-09,7,1,30.03,72
KVL-03,2026-02-09,8,2,55.63,139
KVL-03,2026-02-09,9,1,31.69,90
KVL-03,2026-02-09,10,1,37.17,105
KVL-03,2026-02-09,11,1,5.28,50
KVL-03,2026-02-09,12,2,62.94,187
KVL-03,2026-02-09,13,1,9.27,88
KVL-03,2026-02-09,14,1,18.97,50
KVL-03,2026-02-09,15,1,15.71,37
KVL-03,2026-02-09,16,1,15.09,55
KVL-03,2026-02-09,18,1,36.67,95
KVL-03,2026-02-09,21,1,16.39,43
KVL-03,2026-02-09,22,1,27.06,87
KVL-03,2026-02-09,23,1,26.34,91
KVL-03,2026-02-10,0,1,36.89,98
KVL-03,2026-02-10,4,1,15.82,54
KVL-03,2026-02-10,7,1,18.53,57
KVL-03,2026-02-10,9,2,32.49,102
KVL-03,2026-02-10,11,2,48.23,168
KVL-03,2026-02-10,12,1,34.4,94
KVL-03,2026-02-10,13,1,25.34,79
KVL-03,2026-02-10,16,3,58.13,230
KVL-03,2026-02-10,18,2,54.07,143
KVL-03,2026-02-10,19,1,26.62,68
KVL-03,2026-02-10,20,2,31.28,139
KVL-03,2026-02-10,21,1,18.49,44
KVL-03,2026-02-11,3,1,9.45,90
KVL-03,2026-02-11,6,2,74.3,189
KVL-03,2026-02-11,8,1,24.36,80
KVL-03,2026-02-11,9,2,51.03,157
KVL-03,2026-02-11,10,1,19.65,53
KVL-03,2026-02-11,11,2,39.96,127
KVL-03,2026-02-11,12,2,40.67,122
KVL-03,2026-02-11,13,1,5.81,55
KVL-03,2026-02-11,14,2,52.3,135
KVL-03,2026-02-11,15,1,1.92,41
KVL-03,2026-02-11,16,1,14.67,46
KVL-03,2026-02-11,17,1,21.85,76
KVL-03,2026-02-11,19,2,35.28,84
KVL-03,2026-02-11,20,2,60.56,172
KVL-03,2026-02-11,21,1,18.26,64
KVL-03,2026-02-12,5,1,14.52,40
KVL-03,2026-02-12,7,3,47.24,174
KVL-03,2026-02-12,8,1,6.39,61
KVL-03,2026-02-12,9,2,66.88,187
KVL-03,2026-02-12,10,1,27.56,67
KVL-03,2026-02-12,11,1,17.57,44
KVL-03,2026-02-12,12,2,23.02,100
KVL-03,2026-02-12,13,1,26.86,66
KVL-03,2026-02-12,14,1,33.74,83
KVL-03,2026-02-12,15,2,24.25,116
KVL-03,2026-02-12,17,2,64.48,161
KVL-03,2026-02-12,18,1,19.89,67
KVL-03,2026-02-12,19,1,15.27,39
KVL-03,2026-02-12,20,1,31.89,94
KVL-03,2026-02-12,21,1,36.96,133
KVL-03,2026-02-12,22,1,15.67,57
KVL-03,2026-02-13,2,1,36.74,107
KVL-03,2026-02-13,3,1,32.9,98
KVL-03,2026-02-13,4,1,27.15,93
KVL-03,2026-02-13,7,2,72.8,239
KVL-03,2026-02-13,8,1,7.31,70
KVL-03,2026-02-13,10,1,8.44,81
KVL-03,2026-02-13,12,1,7.98,76
KVL-03,2026-02-13,13,2,48.39,130
KVL-03,2026-02-13,14,2,44.3,175
KVL-03,2026-02-13,15,1,33.75,80
KVL-03,2026-02-13,16,1,20.15,50
KVL-03,2026-02-13,17,2,33.94,174
KVL-03,2026-02-13,18,1,18.17,55
KVL-03,2026-02-13,19,1,15.68,38
KVL-03,2026-02-13,20,1,31.56,83
KVL-03,2026-02-13,21,1,2.0,43
KVL-03,2026-02-14,0,1,6.77,65
KVL-03,2026-02-14,1,1,21.44,57
KVL-03,2026-02-14,2,1,31.74,104
KVL-03,2026-02-14,5,1,37.83,123
KVL-03,2026-02-14,7,2,48.98,133
KVL-03,2026-02-14,10,1,16.12,41
KVL-03,2026-02-14,11,2,40.09,107
KVL-03,2026-02-14,12,2,53.05,178
KVL-03,2026-02-14,13,1,6.53,62
KVL-03,2026-02-14,14,2,58.28,160
KVL-03,2026-02-14,15,1,25.81,81
KVL-03,2026-02-14,16,2,66.59,176
KVL-03,2026-02-14,18,2,50.96,150
KVL-03,2026-02-14,19,2,26.08,125
KVL-03,2026-02-14,21,1,37.28,92
KVL-03,2026-02-14,23,1,20.12,47
KVL-03,2026-02-15,7,2,60.87,166
KVL-03,2026-02-15,8,2,35.05,96
KVL-03,2026-02-15,9,2,26.75,123
KVL-03,2026-02-15,10,1,29.17,96
KVL-03,2026-02-15,11,1,33.43,81
KVL-03,2026-02-15,13,2,56.37,160
KVL-03,2026-02-15,15,1,17.0,50
KVL-03,2026-02-15,17,2,57.07,176
KVL-03,2026-02-15,21,1,8.82,84
KVL-03,2026-02-15,23,1,33.83,87
KVL-03,2026-02-16,2,1,17.99,55
KVL-03,2026-02-16,5,1,15.83,55
KVL-03,2026-02-16,6,2,49.54,137
KVL-03,2026-02-16,7,2,65.68,197
KVL-03,2026-02-16,9,2,54.59,158
KVL-03,2026-02-16,11,1,31.66,111
KVL-03,2026-02-16,12,2,69.05,192
KVL-03,2026-02-16,15,1,16.47,49
KVL-03,2026-02-16,16,1,24.35,69
KVL-03,2026-02-16,17,3,43.35,161
KVL-03,2026-02-16,19,1,33.15,105
KVL-03,2026-02-16,20,1,37.51,104
KVL-03,2026-02-16,21,1,36.76,132
KVL-03,2026-02-16,23,1,14.09,44
KVL-03,2026-02-17,4,1,28.01,77
KVL-03,2026-02-17,5,1,2.44,52
KVL-03,2026-02-17,8,1,32.07,88
KVL-03,2026-02-17,9,2,37.31,96
KVL-03,2026-02-17,10,2,50.16,157
KVL-03,2026-02-17,12,3,34.44,197
KVL-03,2026-02-17,15,1,18.33,56
KVL-03,2026-02-17,17,1,30.45,79
KVL-03,2026-02-17,18,1,35.08,85
KVL-03,2026-02-17,19,1,17.93,55
KVL-03,2026-02-17,23,1,21.07,70
KVL-03,2026-02-18,5,1,25.19,64
KVL-03,2026-02-18,6,1,15.93,52
KVL-03,2026-02-18,7,1,30.11,102
KVL-03,2026-02-18,9,2,46.55,140
KVL-03,2026-02-18,10,1,33.25,110
KVL-03,2026-02-18,11,1,31.78,101
KVL-03,2026-02-18,12,1,28.81,73
KVL-03,2026-02-18,13,2,50.45,133
KVL-03,2026-02-18,16,2,68.41,228
KVL-03,2026-02-18,18,2,71.73,208
KVL-03,2026-02-18,20,2,67.6,194
KVL-03,2026-02-18,22,1,28.8,99
KVL-03,2026-02-19,5,2,46.19,143
KVL-03,2026-02-19,6,1,30.1,82
KVL-03,2026-02-19,8,2,39.44,160
KVL-03,2026-02-19,9,1,36.68,133
KVL-03,2026-02-19,10,1,23.63,72
KVL-03,2026-02-19,11,1,26.64,94
KVL-03,2026-02-19,13,2,37.51,119
KVL-03,2026-02-19,14,1,30.68,95
KVL-03,2026-02-19,15,1,22.33,63
KVL-03,2026-02-19,16,2,38.1,115
KVL-03,2026-02-19,18,2,70.52,194
KVL-03,2026-02-19,19,2,68.45,187
KVL-03,2026-02-19,21,2,63.95,190
KVL-03,2026-02-19,23,2,37.69,108
KVL-03,2026-02-20,4,1,16.99,49
KVL-03,2026-02-20,6,1,20.42,73
KVL-03,2026-02-20,7,1,34.51,97
KVL-03,2026-02-20,8,1,23.64,59
KVL-03,2026-02-20,9,2,55.77,171
KVL-03,2026-02-20,10,1,6.29,60
KVL-03,2026-02-20,12,1,15.77,37
KVL-03,2026-02-20,13,2,49.52,167
KVL-03,2026-02-20,16,2,53.18,181
KVL-03,2026-02-20,17,1,24.49,76
KVL-03,2026-02-20,18,1,16.82,46
KVL-03,2026-02-20,19,2,53.73,133
KVL-03,2026-02-20,20,1,23.29,64
KVL-03,2026-02-20,21,2,64.97,187
KVL-03,2026-02-21,4,1,24.61,77
KVL-03,2026-02-21,6,1,18.82,50
KVL-03,2026-02-21,7,2,34.11,128
KVL-03,2026-02-21,8,1,33.83,95
KVL-03,2026-02-21,10,2,61.68,189
KVL-03,2026-02-21,11,1,34.16,99
KVL-03,2026-02-21,13,2,36.61,153
KVL-03,2026-02-21,14,1,9.45,90
KVL-03,2026-02-21,15,1,25.91,89
KVL-03,2026-02-21,16,2,40.13,121
KVL-03,2026-02-21,17,2,55.57,152
KVL-03,2026-02-21,18,1,7.24,69
KVL-03,2026-02-21,19,1,8.09,77
KVL-03,2026-02-21,20,2,59.84,194
KVL-03,2026-02-21,21,1,19.28,54
KVL-03,2026-02-22,2,1,23.58,80
KVL-03,2026-02-22,6,2,33.02,91
KVL-03,2026-02-22,7,2,35.43,120
KVL-03,2026-02-22,8,2,29.72,137
KVL-03,2026-02-22,10,2,44.11,120
KVL-03,2026-02-22,11,2,56.53,146
KVL-03,2026-02-22,12,2,46.49,144
KVL-03,2026-02-22,13,1,33.66,102
KVL-03,2026-02-22,14,2,47.0,142
KVL-03,2026-02-22,16,2,55.93,156
KVL-03,2026-02-22,17,2,59.21,197
KVL-03,2026-02-22,19,1,2.65,57
KVL-03,2026-02-22,20,1,25.95,91
KVL-03,2026-02-22,23,1,14.37,38
KVL-03,2026-02-23,0,1,25.86,86
KVL-03,2026-02-23,1,1,24.01,63
KVL-03,2026-02-23,6,1,31.8,105
KVL-03,2026-02-23,7,2,32.38,80
KVL-03,2026-02-23,8,1,16.02,40
KVL-03,2026-02-23,9,2,49.86,148
KVL-03,2026-02-23,10,1,9.03,86
KVL-03,2026-02-23,11,2,37.3,108
KVL-03,2026-02-23,12,1,17.2,42
KVL-03,2026-02-23,13,1,20.05,55
KVL-03,2026-02-23,14,1,37.26,88
KVL-03,2026-02-23,15,1,35.36,84
KVL-03,2026-02-23,16,2,57.77,182
KVL-03,2026-02-23,17,1,22.57,63
KVL-03,2026-02-23,18,2,57.24,175
KVL-03,2026-02-23,20,2,23.16,106
KVL-03,2026-02-23,23,1,24.83,72
KVL-03,2026-02-24,0,1,15.13,54
KVL-03,2026-02-24,1,1,24.86,88
KVL-03,2026-02-24,4,1,8.67,83
KVL-03,2026-02-24,6,1,24.34,58
KVL-03,2026-02-24,7,2,55.74,159
KVL-03,2026-02-24,9,2,68.94,188
KVL-03,2026-02-24,10,1,27.25,82
KVL-03,2026-02-24,11,1,5.49,52
KVL-03,2026-02-24,12,2,42.14,175
KVL-03,2026-02-24,13,1,37.76,99
KVL-03,2026-02-24,14,2,24.6,122
KVL-03,2026-02-24,15,2,42.77,131
KVL-03,2026-02-24,16,1,26.51,81
KVL-03,2026-02-24,17,1,15.98,50
KVL-03,2026-02-24,18,2,22.85,132
KVL-03,2026-02-24,20,1,17.68,50
KVL-03,2026-02-24,23,2,52.35,144
KVL-03,2026-02-25,3,1,28.71,75
KVL-03,2026-02-25,6,1,24.07,71
KVL-03,2026-02-25,8,2,49.65,123
KVL-03,2026-02-25,9,1,22.19,63
KVL-03,2026-02-25,10,2,62.85,171
KVL-03,2026-02-25,11,1,33.43,99
KVL-03,2026-02-25,12,1,28.21,77
KVL-03,2026-02-25,15,2,45.17,128
KVL-03,2026-02-25,16,2,47.16,127
KVL-03,2026-02-25,17,1,24.27,72
KVL-03,2026-02-25,18,1,18.17,46
KVL-03,2026-02-25,19,1,18.87,53
KVL-03,2026-02-26,0,1,37.99,127
KVL-03,2026-02-26,1,1,23.09,55
KVL-03,2026-02-26,4,1,32.13,101
KVL-03,2026-02-26,5,1,28.67,91
KVL-03,2026-02-26,7,2,72.64,183
KVL-03,2026-02-26,9,2,32.43,96
KVL-03,2026-02-26,10,1,30.43,108
KVL-03,2026-02-26,11,1,20.78,52
KVL-03,2026-02-26,12,1,14.16,43
KVL-03,2026-02-26,13,2,46.94,122
KVL-03,2026-02-26,14,2,49.83,137
KVL-03,2026-02-26,15,1,25.37,90
KVL-03,2026-02-26,16,1,29.92,72
KVL-03,2026-02-26,18,2,58.95,164
KVL-03,2026-02-26,20,2,47.39,129
KVL-03,2026-02-26,21,2,47.31,151
KVL-03,2026-02-26,23,2,32.25,161
KVL-03,2026-02-27,7,2,46.2,150
KVL-03,2026-02-27,8,2,54.46,166
KVL-03,2026-02-27,10,2,37.76,105
KVL-03,2026-02-27,11,1,21.61,69
KVL-03,2026-02-27,12,1,15.36,42
KVL-03,2026-02-27,13,2,63.41,209
KVL-03,2026-02-27,14,1,22.28,81
KVL-03,2026-02-27,15,1,37.32,93
KVL-03,2026-02-27,16,1,29.83,85
KVL-03,2026-02-27,17,2,23.17,127
KVL-03,2026-02-27,18,1,33.89,114
KVL-03,2026-02-27,19,1,5.19,50
KVL-03,2026-02-27,20,1,30.8,86
KVL-03,2026-02-27,22,2,69.89,226
KVL-03,2026-02-28,0,2,32.87,134
KVL-03,2026-02-28,3,1,32.44,83
KVL-03,2026-02-28,7,2,54.18,141
KVL-03,2026-02-28,8,1,22.97,72
KVL-03,2026-02-28,9,1,14.3,47
KVL-03,2026-02-28,10,2,45.7,131
KVL-03,2026-02-28,11,2,65.13,186
KVL-03,2026-02-28,13,1,23.43,55
KVL-03,2026-02-28,14,2,34.76,165
KVL-03,2026-02-28,15,1,7.51,72
KVL-03,2026-02-28,16,1,30.42,85
KVL-03,2026-02-28,17,2,25.68,128
KVL-03,2026-02-28,18,3,50.73,158
KVL-03,2026-02-28,19,1,18.59,62
KVL-03,2026-02-28,20,2,42.23,130
KVL-03,2026-02-28,21,1,17.01,53
KVL-03,2026-03-01,2,1,19.66,46
KVL-03,2026-03-01,4,1,33.54,93
KVL-03,2026-03-01,6,1,14.65,37
KVL-03,2026-03-01,7,1,26.36,73
KVL-03,2026-03-01,8,2,21.46,109
KVL-03,2026-03-01,9,1,36.65,101
KVL-03,2026-03-01,10,1,20.48,59
KVL-03,2026-03-01,11,1,35.46,113
KVL-03,2026-03-01,12,1,30.0,103
KVL-03,2026-03-01,13,1,22.78,82
KVL-03,2026-03-01,14,1,27.92,85
KVL-03,2026-03-01,15,2,55.87,139
KVL-03,2026-03-01,16,1,27.96,90
KVL-03,2026-03-01,17,2,58.36,175
KVL-03,2026-03-01,18,1,28.81,71
KVL-03,2026-03-01,20,1,30.4,78
KVL-03,2026-03-01,23,2,50.3,132
KVL-03,2026-03-02,1,1,30.22,98
KVL-03,2026-03-02,5,1,16.64,48
KVL-03,2026-03-02,7,2,25.18,108
KVL-03,2026-03-02,8,2,46.14,127
KVL-03,2026-03-02,9,1,2.7,58
KVL-03,2026-03-02,10,2,50.5,134
KVL-03,2026-03-02,11,1,8.19,78
KVL-03,2026-03-02,12,1,5.32,51
KVL-03,2026-03-02,13,2,31.51,150
KVL-03,2026-03-02,14,1,35.56,129
KVL-03,2026-03-02,15,1,23.64,58
KVL-03,2026-03-02,16,1,16.14,56
KVL-03,2026-03-02,17,2,34.92,105
KVL-03,2026-03-02,20,2,53.47,152
KVL-03,2026-03-02,22,1,24.19,73
KVL-03,2026-03-03,1,1,17.69,59
KVL-03,2026-03-03,7,1,18.58,57
KVL-03,2026-03-03,8,2,34.04,98
KVL-03,2026-03-03,10,2,46.45,146
KVL-03,2026-03-03,11,2,65.47,213
KVL-03,2026-03-03,13,1,21.8,66
KVL-03,2026-03-03,14,1,32.06,111
KVL-03,2026-03-03,15,1,25.49,68
KVL-03,2026-03-03,16,3,57.38,184
KVL-03,2026-03-03,17,1,22.91,60
KVL-03,2026-03-03,18,2,46.93,148
KVL-03,2026-03-03,19,1,14.18,34
KVL-03,2026-03-03,20,2,23.43,116
KVL-03,2026-03-03,21,1,28.76,78
KVL-03,2026-03-03,22,2,45.66,123
KVL-03,2026-03-04,4,1,16.41,49
KVL-03,2026-03-04,6,1,32.12,101
KVL-03,2026-03-04,7,1,14.97,50
KVL-03,2026-03-04,8,3,42.71,190
KVL-03,2026-03-04,9,1,33.13,79
KVL-03,2026-03-04,10,1,16.5,48
KVL-03,2026-03-04,11,2,46.22,139
KVL-03,2026-03-04,16,1,35.01,82
KVL-03,2026-03-04,17,1,32.82,79
KVL-03,2026-03-04,18,2,41.2,119
KVL-03,2026-03-05,2,1,18.09,54
KVL-03,2026-03-05,4,1,19.81,57
KVL-03,2026-03-05,6,1,14.56,41
KVL-03,2026-03-05,7,1,22.52,60
KVL-03,2026-03-05,8,1,35.93,92
KVL-03,2026-03-05,9,2,50.46,169
KVL-03,2026-03-05,10,1,19.13,48
KVL-03,2026-03-05,11,1,37.81,105
KVL-03,2026-03-05,13,2,15.42,147
KVL-03,2026-03-05,14,2,56.51,174
KVL-03,2026-03-05,16,2,57.03,158
KVL-03,2026-03-05,18,2,30.92,104
KVL-03,2026-03-05,19,1,21.66,58
KVL-03,2026-03-05,21,1,22.01,69
KVL-03,2026-03-05,22,1,7.74,74
KVL-03,2026-03-06,6,1,24.83,61
KVL-03,2026-03-06,7,2,47.39,120
KVL-03,2026-03-06,9,1,23.44,80
KVL-03,2026-03-06,11,2,53.0,181
KVL-03,2026-03-06,13,1,31.68,75
KVL-03,2026-03-06,14,2,45.8,129
KVL-03,2026-03-06,15,1,33.68,91
KVL-03,2026-03-06,16,1,16.78,60
KVL-03,2026-03-06,18,1,20.17,48
KVL-03,2026-03-06,19,1,33.49,109
KVL-03,2026-03-06,20,2,51.05,147
KVL-03,2026-03-06,21,1,9.61,92
KVL-03,2026-03-06,22,2,68.07,193
KVL-03,2026-03-07,0,1,6.26,60
KVL-03,2026-03-07,4,1,23.72,73
KVL-03,2026-03-07,5,2,52.14,127
KVL-03,2026-03-07,6,1,27.09,86
KVL-03,2026-03-07,7,1,18.45,45
KVL-03,2026-03-07,8,2,64.37,168
KVL-03,2026-03-07,9,2,47.97,159
KVL-03,2026-03-07,10,1,7.9,75
KVL-03,2026-03-07,11,1,25.85,64
KVL-03,2026-03-07,12,1,14.89,51
KVL-03,2026-03-07,13,2,60.88,164
KVL-03,2026-03-07,15,2,32.3,96
KVL-03,2026-03-07,16,2,35.06,145
KVL-03,2026-03-07,18,1,18.08,57
KVL-03,2026-03-07,19,2,34.44,145
KVL-03,2026-03-07,20,1,20.48,53
KVL-03,2026-03-07,22,1,20.94,50
KVL-03,2026-03-08,5,1,24.11,69
KVL-03,2026-03-08,6,1,28.43,75
KVL-03,2026-03-08,7,1,26.23,84
KVL-03,2026-03-08,8,2,48.92,127
KVL-03,2026-03-08,9,2,60.42,182
KVL-03,2026-03-08,11,2,51.34,143
KVL-03,2026-03-08,12,2,44.79,116
KVL-03,2026-03-08,13,1,7.99,76
KVL-03,2026-03-08,14,2,40.84,144
KVL-03,2026-03-08,15,1,8.23,79
KVL-03,2026-03-08,16,1,19.51,49
KVL-03,2026-03-08,17,2,44.73,147
KVL-03,2026-03-08,18,1,17.98,45
KVL-03,2026-03-08,20,1,32.75,99
KVL-03,2026-03-09,3,2,33.31,111
KVL-03,2026-03-09,4,1,14.78,36
KVL-03,2026-03-09,6,2,57.74,153
KVL-03,2026-03-09,8,1,18.41,53
KVL-03,2026-03-09,9,2,49.78,141
KVL-03,2026-03-09,11,1,30.42,81
KVL-03,2026-03-09,12,1,27.12,66
KVL-03,2026-03-09,13,2,57.3,144
KVL-03,2026-03-09,14,1,32.09,82
KVL-03,2026-03-09,15,1,27.72,87
KVL-03,2026-03-09,16,2,49.34,154
KVL-03,2026-03-09,17,2,27.18,109
KVL-03,2026-03-09,18,1,36.46,102
KVL-03,2026-03-09,19,1,32.56,81
KVL-03,2026-03-09,20,1,20.79,51
KVL-03,2026-03-10,1,2,54.33,148
KVL-03,2026-03-10,3,1,19.11,46
KVL-03,2026-03-10,4,1,33.52,95
KVL-03,2026-03-10,5,1,37.1,120
KVL-03,2026-03-10,6,1,3.34,71
KVL-03,2026-03-10,7,1,34.23,99
KVL-03,2026-03-10,8,1,27.33,68
KVL-03,2026-03-10,9,2,55.63,161
KVL-03,2026-03-10,10,1,20.12,67
KVL-03,2026-03-10,11,1,30.38,97
KVL-03,2026-03-10,12,2,51.55,137
KVL-03,2026-03-10,13,1,14.99,52
KVL-03,2026-03-10,14,1,37.05,125
KVL-03,2026-03-10,15,1,23.06,77
KVL-03,2026-03-10,17,1,15.67,38
KVL-03,2026-03-10,18,1,31.77,108
KVL-03,2026-03-10,19,1,15.22,48
KVL-03,2026-03-10,20,3,61.07,184
KVL-03,2026-03-11,1,1,6.22,59
KVL-03,2026-03-11,3,1,22.46,78
KVL-03,2026-03-11,4,1,3.15,67
KVL-03,2026-03-11,5,1,31.01,87
KVL-03,2026-03-11,6,1,23.78,74
KVL-03,2026-03-11,7,2,27.05,127
KVL-03,2026-03-11,8,2,54.83,170
KVL-03,2026-03-11,10,2,46.6,129
KVL-03,2026-03-11,11,1,29.43,72
KVL-03,2026-03-11,12,1,29.54,75
KVL-03,2026-03-11,13,1,29.63,106
KVL-03,2026-03-11,15,2,40.59,103
KVL-03,2026-03-11,16,1,37.97,104
KVL-03,2026-03-11,17,1,26.84,83
KVL-03,2026-03-11,18,2,55.81,147
KVL-03,2026-03-11,19,2,30.14,86
KVL-03,2026-03-11,20,2,26.71,129
KVL-03,2026-03-11,21,1,15.57,37
KVL-03,2026-03-11,22,1,19.28,53
KVL-03,2026-03-12,5,1,20.44,74
KVL-03,2026-03-12,6,2,28.06,136
KVL-03,2026-03-12,7,1,17.61,48
KVL-03,2026-03-12,8,2,37.2,157
KVL-03,2026-03-12,9,2,46.71,133
KVL-03,2026-03-12,12,1,31.83,97
KVL-03,2026-03-12,13,1,37.76,97
KVL-03,2026-03-12,14,2,49.46,150
KVL-03,2026-03-12,15,1,18.17,60
KVL-03,2026-03-12,16,2,49.91,154
KVL-03,2026-03-12,17,1,19.87,52
KVL-03,2026-03-12,18,2,44.69,133
KVL-03,2026-03-12,20,1,33.79,97
KVL-03,2026-03-12,21,1,14.01,46
KVL-03,2026-03-13,3,2,56.72,146
KVL-03,2026-03-13,8,1,31.82,103
KVL-03,2026-03-13,9,1,29.33,97
KVL-03,2026-03-13,10,1,23.67,57
KVL-03,2026-03-13,11,2,44.08,114
KVL-03,2026-03-13,12,1,21.37,60
KVL-03,2026-03-13,13,2,56.08,172
KVL-03,2026-03-13,14,1,9.27,88
KVL-03,2026-03-13,15,1,20.65,59
KVL-03,2026-03-13,16,1,2.19,47
KVL-03,2026-03-13,17,1,19.63,63
KVL-03,2026-03-13,18,1,25.93,73
KVL-03,2026-03-13,19,2,70.3,211
KVL-03,2026-03-13,20,1,31.04,92
KVL-03,2026-03-14,0,1,2.76,59
KVL-03,2026-03-14,1,1,14.6,42
KVL-03,2026-03-14,2,2,55.7,150
KVL-03,2026-03-14,5,1,21.9,71
KVL-03,2026-03-14,6,2,22.75,118
KVL-03,2026-03-14,7,2,42.42,150
KVL-03,2026-03-14,8,1,27.98,78
KVL-03,2026-03-14,9,2,42.66,129
KVL-03,2026-03-14,10,1,24.52,61
KVL-03,2026-03-14,11,2,44.72,125
KVL-03,2026-03-14,12,1,26.08,89
KVL-03,2026-03-14,13,1,22.66,55
KVL-03,2026-03-14,14,1,33.87,94
KVL-03,2026-03-14,15,2,60.72,162
KVL-03,2026-03-14,16,1,14.16,35
KVL-03,2026-03-14,17,2,44.69,133
KVL-03,2026-03-14,18,2,33.92,102
KVL-03,2026-03-14,20,2,47.35,151
KVL-03,2026-03-14,22,2,36.35,165
KVL-03,2026-03-14,23,1,33.6,82
KVL-03,2026-03-15,6,1,32.85,79
KVL-03,2026-03-15,7,1,29.21,100
KVL-03,2026-03-15,8,2,36.84,98
KVL-03,2026-03-15,9,2,66.0,179
KVL-03,2026-03-15,10,1,16.93,40
KVL-03,2026-03-15,11,2,16.83,85
KVL-03,2026-03-15,12,2,18.22,97
KVL-03,2026-03-15,13,2,39.77,125
KVL-03,2026-03-15,14,1,34.81,111
KVL-03,2026-03-15,15,1,33.8,115
KVL-03,2026-03-15,16,1,26.09,75
KVL-03,2026-03-15,18,2,42.24,112
KVL-03,2026-03-15,19,1,8.24,79
KVL-03,2026-03-15,20,1,8.11,77
KVL-03,2026-03-15,21,1,30.73,112
KVL-03,2026-03-16,6,1,21.29,66
KVL-03,2026-03-16,8,2,27.41,141
KVL-03,2026-03-16,9,2,50.76,140
KVL-03,2026-03-16,10,1,28.62,103
KVL-03,2026-03-16,11,1,24.6,87
KVL-03,2026-03-16,12,1,9.38,89
KVL-03,2026-03-16,13,1,15.69,54
KVL-03,2026-03-16,14,1,28.2,68
KVL-03,2026-03-16,15,1,35.94,104
KVL-03,2026-03-16,18,1,31.97,97
KVL-03,2026-03-16,19,2,34.79,112
KVL-03,2026-03-16,20,1,17.49,47
KVL-03,2026-03-16,21,3,84.25,220
KVL-03,2026-03-16,22,1,5.84,56
KVL-03,2026-03-16,23,1,22.26,78
KVL-03,2026-03-17,1,1,34.79,121
KVL-03,2026-03-17,2,1,7.04,67
KVL-03,2026-03-17,3,1,15.96,47
KVL-03,2026-03-17,6,1,31.42,110
KVL-03,2026-03-17,7,1,28.33,70
KVL-03,2026-03-17,8,2,34.06,100
KVL-03,2026-03-17,9,2,41.52,124
KVL-03,2026-03-17,10,2,33.06,157
KVL-03,2026-03-17,11,1,37.5,95
KVL-03,2026-03-17,12,1,9.61,92
KVL-03,2026-03-17,13,3,69.93,238
KVL-03,2026-03-17,15,1,27.79,101
KVL-03,2026-03-17,16,2,54.97,169
KVL-03,2026-03-17,17,1,9.89,94
KVL-03,2026-03-17,18,1,22.81,57
KVL-03,2026-03-17,19,2,60.58,198
KVL-03,2026-03-17,22,1,21.45,74
KVL-03,2026-03-18,5,1,26.96,67
KVL-03,2026-03-18,6,2,41.03,162
KVL-03,2026-03-18,7,1,27.3,88
KVL-03,2026-03-18,8,1,30.66,75
KVL-03,2026-03-18,9,1,5.1,49
KVL-03,2026-03-18,10,2,48.01,123
KVL-03,2026-03-18,12,2,47.75,156
KVL-03,2026-03-18,13,1,3.47,74
KVL-03,2026-03-18,14,1,34.86,82
KVL-03,2026-03-18,15,2,58.66,145
KVL-03,2026-03-18,16,1,15.62,46
KVL-03,2026-03-18,17,3,57.23,154
KVL-03,2026-03-18,18,1,35.01,94
KVL-03,2026-03-18,19,1,25.95,69
KVL-03,2026-03-18,20,2,69.62,204
KVL-03,2026-03-18,23,1,24.26,79
KVL-03,2026-03-19,3,1,27.66,78
KVL-03,2026-03-19,4,1,18.32,47
KVL-03,2026-03-19,5,2,62.35,178
KVL-03,2026-03-19,6,1,28.62,83
KVL-03,2026-03-19,7,1,3.49,75
KVL-03,2026-03-19,8,1,18.33,54
KVL-03,2026-03-19,9,1,27.14,87
KVL-03,2026-03-19,10,1,23.04,61
KVL-03,2026-03-19,11,2,55.56,168
KVL-03,2026-03-19,12,1,20.48,52
KVL-03,2026-03-19,13,1,5.12,49
KVL-03,2026-03-19,14,2,59.83,178
KVL-03,2026-03-19,16,2,62.16,194
KVL-03,2026-03-19,18,2,63.15,199
KVL-03,2026-03-19,19,1,36.31,89
KVL-03,2026-03-19,20,1,31.03,110
KVL-03,2026-03-19,21,1,35.95,112
KVL-03,2026-03-19,23,2,35.24,100
KVL-03,2026-03-20,3,1,19.1,50
KVL-03,2026-03-20,7,2,56.51,143
KVL-03,2026-03-20,8,2,51.62,178
KVL-03,2026-03-20,9,1,14.75,36
KVL-03,2026-03-20,10,1,27.72,84
KVL-03,2026-03-20,11,2,44.89,144
KVL-03,2026-03-20,12,2,38.87,115
KVL-03,2026-03-20,13,2,41.88,128
KVL-03,2026-03-20,14,1,18.5,61
KVL-03,2026-03-20,16,1,20.0,64
KVL-03,2026-03-20,17,2,34.54,155
KVL-03,2026-03-20,18,1,28.04,75
KVL-03,2026-03-20,19,2,40.25,105
KVL-03,2026-03-20,20,2,65.9,211
KVL-03,2026-03-20,21,1,20.82,56
KVL-03,2026-03-20,22,1,31.84,76
KVL-03,2026-03-21,2,1,30.07,91
KVL-03,2026-03-21,5,1,21.68,68
KVL-03,2026-03-21,6,2,67.12,213
KVL-03,2026-03-21,7,1,6.3,60
KVL-03,2026-03-21,9,3,78.21,250
KVL-03,2026-03-21,11,2,58.56,148
KVL-03,2026-03-21,12,1,34.84,125
KVL-03,2026-03-21,13,1,8.29,79
KVL-03,2026-03-21,15,1,9.19,88
KVL-03,2026-03-21,16,1,37.6,100
KVL-03,2026-03-21,17,1,37.55,95
KVL-03,2026-03-21,18,2,43.07,128
KVL-03,2026-03-21,19,1,2.52,54
KVL-03,2026-03-21,21,1,35.49,112
KVL-03,2026-03-21,22,1,36.27,94
KVL-03,2026-03-22,6,1,35.86,122
KVL-03,2026-03-22,7,1,37.98,106
KVL-03,2026-03-22,9,2,25.22,127
KVL-03,2026-03-22,10,1,14.53,52
KVL-03,2026-03-22,11,2,40.4,117
KVL-03,2026-03-22,12,2,43.46,122
KVL-03,2026-03-22,13,1,37.63,127
KVL-03,2026-03-22,14,1,27.49,77
KVL-03,2026-03-22,15,2,41.98,104
KVL-03,2026-03-22,16,2,48.36,154
KVL-03,2026-03-22,17,1,22.65,55
KVL-03,2026-03-22,18,2,56.32,147
KVL-03,2026-03-22,19,1,26.15,73
KVL-03,2026-03-22,20,2,23.39,121
KVL-03,2026-03-22,22,2,53.34,172
KVL-03,2026-03-22,23,1,15.51,42
KVL-03,2026-03-23,5,1,9.93,95
KVL-03,2026-03-23,6,1,14.7,38
KVL-03,2026-03-23,7,2,47.8,161
KVL-03,2026-03-23,9,1,28.06,75
KVL-03,2026-03-23,10,1,31.62,105
KVL-03,2026-03-23,11,1,3.43,73
KVL-03,2026-03-23,12,2,35.39,173
KVL-03,2026-03-23,13,1,26.74,80
KVL-03,2026-03-23,14,1,9.21,88
KVL-03,2026-03-23,15,2,36.88,107
KVL-03,2026-03-23,16,1,26.04,65
KVL-03,2026-03-23,17,2,36.45,169
KVL-03,2026-03-23,19,2,45.96,125
KVL-03,2026-03-23,20,1,21.88,57
KVL-03,2026-03-23,22,1,30.07,104
KVL-03,2026-03-24,0,1,32.91,117
KVL-03,2026-03-24,2,1,21.81,58
KVL-03,2026-03-24,3,1,23.9,66
KVL-03,2026-03-24,6,1,17.1,41
KVL-03,2026-03-24,8,2,41.22,112
KVL-03,2026-03-24,9,2,69.45,225
KVL-03,2026-03-24,11,1,29.76,83
KVL-03,2026-03-24,12,1,28.36,92
KVL-03,2026-03-24,13,1,6.68,64
KVL-03,2026-03-24,14,1,35.93,113
KVL-03,2026-03-24,17,2,66.86,190
KVL-03,2026-03-24,18,1,22.04,79
KVL-03,2026-03-24,19,1,19.11,65
KVL-03,2026-03-24,21,1,17.08,44
KVL-03,2026-03-24,22,1,19.88,55
KVL-03,2026-03-24,23,1,14.18,46
KVL-03,2026-03-25,1,1,17.59,56
KVL-03,2026-03-25,4,1,37.3,132
KVL-03,2026-03-25,7,1,35.06,110
KVL-03,2026-03-25,8,1,18.85,46
KVL-03,2026-03-25,9,2,36.66,173
KVL-03,2026-03-25,10,1,5.97,57
KVL-03,2026-03-25,12,2,14.31,136
KVL-03,2026-03-25,13,2,63.48,175
KVL-03,2026-03-25,14,2,57.09,170
KVL-03,2026-03-25,16,2,36.92,118
KVL-03,2026-03-25,17,2,45.18,126
KVL-03,2026-03-25,18,1,25.85,69
KVL-03,2026-03-25,19,1,27.74,86
KVL-03,2026-03-25,20,1,22.91,74
KVL-03,2026-03-25,21,1,36.98,119
KVL-03,2026-03-25,22,1,27.68,74
KVL-03,2026-03-26,4,1,36.64,90
KVL-03,2026-03-26,5,1,26.5,79
KVL-03,2026-03-26,6,2,49.49,173
KVL-03,2026-03-26,7,1,16.59,52
KVL-03,2026-03-26,8,2,26.04,113
KVL-03,2026-03-26,9,1,20.26,59
KVL-03,2026-03-26,10,1,20.2,73
KVL-03,2026-03-26,12,2,67.08,182
KVL-03,2026-03-26,13,1,37.1,94
KVL-03,2026-03-26,14,1,30.92,90
KVL-03,2026-03-26,15,2,52.16,164
KVL-03,2026-03-26,16,1,26.4,94
KVL-03,2026-03-26,18,2,55.63,169
KVL-03,2026-03-26,19,1,24.46,77
KVL-03,2026-03-26,20,1,30.59,100
KVL-03,2026-03-26,21,2,20.98,101
KVL-03,2026-03-26,22,1,17.25,46
KVL-03,2026-03-27,5,2,55.18,141
KVL-03,2026-03-27,6,1,23.86,77
KVL-03,2026-03-27,8,1,21.21,74
KVL-03,2026-03-27,9,1,36.99,96
KVL-03,2026-03-27,10,2,66.09,196
KVL-03,2026-03-27,12,1,21.62,52
KVL-03,2026-03-27,13,1,22.39,59
KVL-03,2026-03-27,14,2,42.72,165
KVL-03,2026-03-27,16,2,52.87,155
KVL-03,2026-03-27,17,2,53.76,169
KVL-03,2026-03-27,18,1,20.6,60
KVL-03,2026-03-27,20,1,33.09,81
KVL-03,2026-03-27,21,1,27.91,82
KVL-03,2026-03-27,22,1,30.79,102
KVL-03,2026-03-28,2,1,32.7,98
KVL-03,2026-03-28,5,2,43.89,147
KVL-03,2026-03-28,6,2,29.36,146
KVL-03,2026-03-28,8,2,45.09,139
KVL-03,2026-03-28,9,2,36.28,105
KVL-03,2026-03-28,10,1,24.4,62
KVL-03,2026-03-28,11,2,12.5,120
KVL-03,2026-03-28,12,1,17.93,48
KVL-03,2026-03-28,13,2,69.12,207
KVL-03,2026-03-28,15,1,26.62,63
KVL-03,2026-03-28,16,2,72.07,239
KVL-03,2026-03-28,18,2,47.23,123
KVL-03,2026-03-28,19,2,43.61,198
KVL-03,2026-03-28,21,2,51.94,135
KVL-03,2026-03-28,22,1,27.33,74
KVL-03,2026-03-29,1,1,33.6,85
KVL-03,2026-03-29,3,1,26.91,79
KVL-03,2026-03-29,6,1,19.34,60
KVL-03,2026-03-29,7,2,37.62,128
KVL-03,2026-03-29,8,2,42.83,183
KVL-03,2026-03-29,9,1,29.3,89
KVL-03,2026-03-29,10,1,7.29,70
KVL-03,2026-03-29,11,1,33.76,80
KVL-03,2026-03-29,12,2,60.98,166
KVL-03,2026-03-29,13,1,19.11,49
KVL-03,2026-03-29,14,2,53.64,173
KVL-03,2026-03-29,16,2,39.78,114
KVL-03,2026-03-29,17,2,53.6,150
KVL-03,2026-03-29,18,2,45.81,120
KVL-03,2026-03-29,19,1,20.95,74
KVL-03,2026-03-29,23,1,35.59,105
KVL-03,2026-03-30,4,2,18.39,176
KVL-03,2026-03-30,5,1,14.24,38
KVL-03,2026-03-30,6,2,40.88,189
KVL-03,2026-03-30,7,1,26.26,68
KVL-03,2026-03-30,9,2,42.29,113
KVL-03,2026-03-30,10,1,25.11,87
KVL-03,2026-03-30,11,1,18.7,57
KVL-03,2026-03-30,12,2,49.52,164
KVL-03,2026-03-30,13,2,63.26,215
KVL-03,2026-03-30,15,2,43.86,118
KVL-03,2026-03-30,16,1,33.25,80
KVL-03,2026-03-30,17,2,50.0,145
KVL-03,2026-03-30,18,1,37.88,132
KVL-03,2026-03-30,19,1,15.43,51
KVL-03,2026-03-30,20,1,15.12,42
KVL-03,2026-03-30,21,1,24.61,63
KVL-03,2026-03-30,22,2,35.16,156
KVL-03,2026-03-31,2,1,2.14,46
KVL-03,2026-03-31,3,1,21.46,73
KVL-03,2026-03-31,5,1,27.48,66
KVL-03,2026-03-31,6,2,34.92,93
KVL-03,2026-03-31,7,1,25.52,90
KVL-03,2026-03-31,8,1,22.99,80
KVL-03,2026-03-31,9,1,34.77,83
KVL-03,2026-03-31,10,1,25.76,66
KVL-03,2026-03-31,11,1,20.6,54
KVL-03,2026-03-31,12,2,60.57,172
KVL-03,2026-03-31,14,2,60.93,209
KVL-03,2026-03-31,16,1,8.51,81
KVL-03,2026-03-31,18,2,58.3,171
KVL-03,2026-03-31,20,1,24.13,61
KVL-03,2026-03-31,21,1,3.03,65
KVL-03,2026-03-31,22,1,33.99,82
KVL-03,2026-04-01,4,1,16.74,52
KVL-03,2026-04-01,6,2,40.32,186
KVL-03,2026-04-01,8,2,28.8,142
KVL-03,2026-04-01,11,2,49.28,152
KVL-03,2026-04-01,12,1,5.38,51
KVL-03,2026-04-01,13,1,19.11,52
KVL-03,2026-04-01,14,2,58.23,176
KVL-03,2026-04-01,15,1,26.71,87
KVL-03,2026-04-01,17,2,61.84,180
KVL-03,2026-04-01,19,2,45.64,144
KVL-03,2026-04-01,21,2,50.32,154
KVL-03,2026-04-02,1,1,32.47,103
KVL-03,2026-04-02,3,1,34.16,96
KVL-03,2026-04-02,4,1,29.7,100
KVL-03,2026-04-02,6,2,65.49,168
KVL-03,2026-04-02,7,1,22.13,60
KVL-03,2026-04-02,9,1,25.24,73
KVL-03,2026-04-02,10,1,14.08,40
KVL-03,2026-04-02,11,1,15.9,44
KVL-03,2026-04-02,12,1,20.54,53
KVL-03,2026-04-02,13,2,49.59,141
KVL-03,2026-04-02,14,2,51.52,137
KVL-03,2026-04-02,15,1,34.42,84
KVL-03,2026-04-02,16,1,17.42,53
KVL-03,2026-04-02,17,2,57.04,185
KVL-03,2026-04-02,18,1,28.52,94
KVL-03,2026-04-02,19,1,16.32,58
KVL-03,2026-04-02,20,2,44.06,117
KVL-03,2026-04-02,22,1,35.89,96
KVL-03,2026-04-02,23,1,23.42,81
KVL-03,2026-04-03,0,1,7.15,68
KVL-03,2026-04-03,6,2,31.76,147
KVL-03,2026-04-03,7,1,32.45,84
KVL-03,2026-04-03,8,1,33.19,120
KVL-03,2026-04-03,9,1,26.15,74
KVL-03,2026-04-03,10,2,45.86,174
KVL-03,2026-04-03,12,2,23.72,140
KVL-03,2026-04-03,14,3,51.82,147
KVL-03,2026-04-03,15,2,48.88,142
KVL-03,2026-04-03,16,1,28.66,80
KVL-03,2026-04-03,17,1,17.01,41
KVL-03,2026-04-03,18,1,34.9,122
KVL-03,2026-04-03,19,1,9.61,92
KVL-03,2026-04-03,21,1,22.75,66
KVL-03,2026-04-04,1,1,22.4,61
KVL-03,2026-04-04,2,1,15.2,38
KVL-03,2026-04-04,5,2,44.54,132
KVL-03,2026-04-04,7,1,34.25,90
KVL-03,2026-04-04,10,2,31.42,133
KVL-03,2026-04-04,11,1,14.89,41
KVL-03,2026-04-04,12,2,64.91,197
KVL-03,2026-04-04,13,1,26.93,78
KVL-03,2026-04-04,14,1,23.73,75
KVL-03,2026-04-04,15,1,7.28,69
KVL-03,2026-04-04,16,1,16.14,58
KVL-03,2026-04-04,17,2,52.18,142
KVL-03,2026-04-04,18,2,37.94,161
KVL-03,2026-04-04,20,3,79.56,230
KVL-03,2026-04-04,22,2,31.78,102
KVL-03,2026-04-05,5,1,18.01,49
KVL-03,2026-04-05,6,2,34.24,157
KVL-03,2026-04-05,7,1,35.57,88
KVL-03,2026-04-05,8,1,25.03,87
KVL-03,2026-04-05,9,2,8.45,111
KVL-03,2026-04-05,10,2,69.74,197
KVL-03,2026-04-05,11,1,17.54,58
KVL-03,2026-04-05,12,1,18.41,55
KVL-03,2026-04-05,13,2,50.87,140
KVL-03,2026-04-05,14,1,17.97,64
KVL-03,2026-04-05,15,2,30.25,151
KVL-03,2026-04-05,16,1,19.07,48
KVL-03,2026-04-05,17,1,29.64,74
KVL-03,2026-04-05,18,1,34.17,104
KVL-03,2026-04-05,19,2,46.29,128
KVL-03,2026-04-05,20,1,14.49,48
KVL-03,2026-04-06,2,1,24.54,65
KVL-03,2026-04-06,5,2,60.04,160
KVL-03,2026-04-06,7,2,63.32,186
KVL-03,2026-04-06,8,1,27.78,86
KVL-03,2026-04-06,9,1,26.64,78
KVL-03,2026-04-06,10,1,23.61,61
KVL-03,2026-04-06,11,1,32.6,85
KVL-03,2026-04-06,12,1,18.61,58
KVL-03,2026-04-06,14,2,68.42,202
KVL-03,2026-04-06,16,2,41.87,146
KVL-03,2026-04-06,17,1,24.69,65
KVL-03,2026-04-06,18,1,34.86,85
KVL-03,2026-04-06,22,2,61.27,165
KVL-03,2026-04-07,4,1,26.86,79
KVL-03,2026-04-07,6,2,64.02,185
KVL-03,2026-04-07,8,2,60.08,165
KVL-03,2026-04-07,10,2,59.31,193
KVL-03,2026-04-07,11,1,32.65,79
KVL-03,2026-04-07,12,2,32.67,104
KVL-03,2026-04-07,13,1,30.83,85
KVL-03,2026-04-07,14,1,32.13,108
KVL-03,2026-04-07,15,1,33.11,109
KVL-03,2026-04-07,16,1,24.56,67
KVL-03,2026-04-07,17,1,29.46,78
KVL-03,2026-04-07,18,1,24.73,74
KVL-03,2026-04-07,19,2,45.41,154
KVL-03,2026-04-07,20,2,40.55,167
KVL-03,2026-04-07,21,1,16.74,54
KVL-03,2026-04-07,23,2,44.68,140
KVL-03,2026-04-08,0,1,6.0,57
KVL-03,2026-04-08,4,1,14.76,40
KVL-03,2026-04-08,5,2,74.53,203
KVL-03,2026-04-08,7,2,30.92,137
KVL-03,2026-04-08,9,2,64.46,195
KVL-03,2026-04-08,11,3,70.27,204
KVL-03,2026-04-08,12,1,34.43,88
KVL-03,2026-04-08,13,2,49.11,147
KVL-03,2026-04-08,15,1,33.89,111
KVL-03,2026-04-08,16,1,32.71,112
KVL-03,2026-04-08,17,1,27.69,67
KVL-03,2026-04-08,18,1,9.28,89
KVL-03,2026-04-08,19,1,37.65,126
KVL-03,2026-04-08,21,1,15.34,46
KVL-03,2026-04-08,22,1,21.95,72
KVL-03,2026-04-08,23,1,36.19,127
KVL-03,2026-04-09,0,2,57.25,180
KVL-03,2026-04-09,3,1,32.12,102
KVL-03,2026-04-09,6,1,35.79,98
KVL-03,2026-04-09,7,1,7.57,72
KVL-03,2026-04-09,8,1,24.19,84
KVL-03,2026-04-09,10,2,42.91,139
KVL-03,2026-04-09,11,1,23.94,61
KVL-03,2026-04-09,12,1,35.0,122
KVL-03,2026-04-09,13,1,21.69,64
KVL-03,2026-04-09,14,2,51.13,145
KVL-03,2026-04-09,15,1,21.34,52
KVL-03,2026-04-09,16,1,33.3,106
KVL-03,2026-04-09,17,2,54.92,154
KVL-03,2026-04-09,18,1,21.49,78
KVL-03,2026-04-09,19,1,15.47,41
KVL-03,2026-04-09,20,1,22.0,59
KVL-03,2026-04-09,21,1,33.94,93
KVL-03,2026-04-09,22,1,31.77,77
KVL-03,2026-04-09,23,1,19.23,56
KVL-03,2026-04-10,2,1,34.4,116
KVL-03,2026-04-10,4,1,34.91,97
KVL-03,2026-04-10,5,1,21.82,59
KVL-03,2026-04-10,6,2,43.89,137
KVL-03,2026-04-10,7,1,31.28,77
KVL-03,2026-04-10,8,1,29.94,88
KVL-03,2026-04-10,9,2,66.54,178
KVL-03,2026-04-10,10,1,37.41,96
KVL-03,2026-04-10,11,1,25.08,59
KVL-03,2026-04-10,12,2,31.11,128
KVL-03,2026-04-10,13,1,6.41,61
KVL-03,2026-04-10,14,2,51.83,145
KVL-03,2026-04-10,15,2,66.11,192
KVL-03,2026-04-10,17,2,60.73,169
KVL-03,2026-04-10,18,2,53.49,140
KVL-03,2026-04-10,20,2,57.0,147
KVL-03,2026-04-11,0,1,28.2,74
KVL-03,2026-04-11,5,1,15.32,49
KVL-03,2026-04-11,6,1,30.08,81
KVL-03,2026-04-11,7,2,32.86,85
KVL-03,2026-04-11,8,1,22.68,64
KVL-03,2026-04-11,9,1,37.32,90
KVL-03,2026-04-11,10,2,25.83,118
KVL-03,2026-04-11,11,1,20.51,56
KVL-03,2026-04-11,12,1,31.86,110
KVL-03,2026-04-11,13,1,20.93,51
KVL-03,2026-04-11,14,2,50.65,129
KVL-03,2026-04-11,15,1,33.16,96
KVL-03,2026-04-11,16,1,24.4,67
KVL-03,2026-04-11,17,1,33.32,86
KVL-03,2026-04-11,18,1,26.29,68
KVL-03,2026-04-11,19,1,22.52,60
KVL-03,2026-04-11,20,1,7.18,68
KVL-03,2026-04-12,0,1,20.68,63
KVL-03,2026-04-12,3,1,37.14,88
KVL-03,2026-04-12,4,1,19.99,55
KVL-03,2026-04-12,5,1,25.11,91
KVL-03,2026-04-12,7,2,64.34,169
KVL-03,2026-04-12,9,2,61.91,175
KVL-03,2026-04-12,10,2,61.16,201
KVL-03,2026-04-12,12,1,26.68,83
KVL-03,2026-04-12,13,1,27.65,85
KVL-03,2026-04-12,14,1,37.21,125
KVL-03,2026-04-12,15,1,28.73,74
KVL-03,2026-04-12,16,1,16.85,48
KVL-03,2026-04-12,17,2,41.42,122
KVL-03,2026-04-12,19,1,26.82,72
KVL-03,2026-04-12,20,2,52.89,146
KVL-03,2026-04-12,22,1,37.36,119
KVL-03,2026-04-12,23,1,32.22,82
KVL-03,2026-04-13,7,1,35.85,96
KVL-03,2026-04-13,8,1,9.16,87
KVL-03,2026-04-13,9,2,23.54,107
KVL-03,2026-04-13,10,2,37.71,168
KVL-03,2026-04-13,11,1,16.31,48
KVL-03,2026-04-13,12,2,34.97,106
KVL-03,2026-04-13,13,1,3.29,70
KVL-03,2026-04-13,14,1,21.34,75
KVL-03,2026-04-13,15,2,31.58,78
KVL-03,2026-04-13,16,2,57.68,167
KVL-03,2026-04-13,17,2,50.33,138
KVL-03,2026-04-13,18,1,37.67,110
KVL-03,2026-04-13,19,1,28.67,72
KVL-03,2026-04-13,20,1,27.95,92
KVL-03,2026-04-13,21,1,37.85,100
KVL-03,2026-04-13,23,1,37.69,91
KVL-03,2026-04-14,0,1,9.38,89
KVL-03,2026-04-14,6,1,27.41,94
KVL-03,2026-04-14,7,2,42.12,124
KVL-03,2026-04-14,8,1,18.64,53
KVL-03,2026-04-14,9,2,47.93,147
KVL-03,2026-04-14,10,2,43.03,103
KVL-03,2026-04-14,11,2,70.15,196
KVL-03,2026-04-14,13,2,64.56,170
KVL-03,2026-04-14,15,2,13.83,132
KVL-03,2026-04-14,16,2,68.13,200
KVL-03,2026-04-14,18,2,55.15,146
KVL-03,2026-04-14,19,1,32.36,112
KVL-03,2026-04-14,20,1,5.89,56
KVL-03,2026-04-14,21,3,69.63,186
KVL-03,2026-04-15,7,2,70.16,185
KVL-03,2026-04-15,9,1,25.69,76
KVL-03,2026-04-15,10,2,48.51,144
KVL-03,2026-04-15,12,1,22.4,60
KVL-03,2026-04-15,13,1,20.39,56
KVL-03,2026-04-15,14,2,53.25,189
KVL-03,2026-04-15,15,1,9.99,95
KVL-03,2026-04-15,16,1,18.95,53
KVL-03,2026-04-15,17,2,20.28,96
KVL-03,2026-04-15,18,2,31.63,149
KVL-03,2026-04-15,19,1,30.97,83
KVL-03,2026-04-15,20,1,34.46,94
KVL-03,2026-04-15,21,2,56.29,153
KVL-03,2026-04-16,5,1,22.49,68
KVL-03,2026-04-16,6,1,14.5,39
KVL-03,2026-04-16,7,2,40.37,141
KVL-03,2026-04-16,8,1,34.07,94
KVL-03,2026-04-16,9,1,25.74,66
KVL-03,2026-04-16,10,1,28.73,85
KVL-03,2026-04-16,11,2,60.06,188
KVL-03,2026-04-16,12,1,17.8,61
KVL-03,2026-04-16,13,1,14.82,49
KVL-03,2026-04-16,14,2,41.08,110
KVL-03,2026-04-16,15,1,20.36,50
KVL-03,2026-04-16,16,2,57.87,172
KVL-03,2026-04-16,17,1,22.58,55
KVL-03,2026-04-16,20,2,40.19,124
KVL-03,2026-04-16,21,2,75.11,204
KVL-03,2026-04-16,22,1,33.65,101
KVL-03,2026-04-17,5,1,20.63,60
KVL-03,2026-04-17,6,1,33.36,113
KVL-03,2026-04-17,8,2,55.74,169
KVL-03,2026-04-17,9,1,14.13,44
KVL-03,2026-04-17,10,1,36.8,109
KVL-03,2026-04-17,12,2,40.13,117
KVL-03,2026-04-17,13,2,45.18,113
KVL-03,2026-04-17,14,2,27.17,146
KVL-03,2026-04-17,15,1,23.73,57
KVL-03,2026-04-17,16,2,56.26,154
KVL-03,2026-04-17,17,1,29.55,81
KVL-03,2026-04-17,18,1,30.65,86
KVL-03,2026-04-17,19,2,67.61,182
KVL-03,2026-04-17,21,1,27.5,85
KVL-03,2026-04-17,22,1,25.57,71
KVL-03,2026-04-18,0,1,23.68,65
KVL-03,2026-04-18,2,1,24.47,58
KVL-03,2026-04-18,3,2,59.47,169
KVL-03,2026-04-18,8,2,48.27,161
KVL-03,2026-04-18,9,1,20.02,65
KVL-03,2026-04-18,10,1,36.66,101
KVL-03,2026-04-18,11,1,24.77,73
KVL-03,2026-04-18,12,1,27.69,84
KVL-03,2026-04-18,13,1,5.3,51
KVL-03,2026-04-18,14,1,2.18,47
KVL-03,2026-04-18,16,2,52.82,142
KVL-03,2026-04-18,17,1,23.82,66
KVL-03,2026-04-18,18,1,5.22,50
KVL-03,2026-04-18,20,2,65.06,182
KVL-03,2026-04-18,22,2,56.33,163
KVL-03,2026-04-19,5,2,43.09,111
KVL-03,2026-04-19,6,2,48.98,128
KVL-03,2026-04-19,7,1,33.76,101
KVL-03,2026-04-19,8,3,84.53,221
KVL-03,2026-04-19,10,2,31.64,148
KVL-03,2026-04-19,11,2,64.21,169
KVL-03,2026-04-19,12,1,32.54,78
KVL-03,2026-04-19,13,1,18.63,61
KVL-03,2026-04-19,14,2,49.24,159
KVL-03,2026-04-19,15,1,35.64,110
KVL-03,2026-04-19,17,2,61.0,164
KVL-03,2026-04-19,18,1,34.11,112
KVL-03,2026-04-19,20,1,14.33,48
KVL-03,2026-04-19,22,2,70.65,194
KVL-03,2026-04-20,6,2,49.03,136
KVL-03,2026-04-20,7,2,68.23,171
KVL-03,2026-04-20,9,2,59.24,154
KVL-03,2026-04-20,10,2,8.19,112
KVL-03,2026-04-20,11,2,31.96,113
KVL-03,2026-04-20,12,1,19.8,54
KVL-03,2026-04-20,13,1,23.47,66
KVL-03,2026-04-20,14,2,39.38,176
KVL-03,2026-04-20,15,2,49.75,130
KVL-03,2026-04-20,16,1,28.65,76
KVL-03,2026-04-20,17,2,48.21,122
KVL-03,2026-04-20,18,1,29.67,85
KVL-03,2026-04-20,19,1,37.1,93
KVL-03,2026-04-20,20,1,35.5,113
KVL-03,2026-04-20,21,1,9.33,89
KVL-03,2026-04-20,23,2,46.21,125
KVL-03,2026-04-21,2,1,37.96,136
KVL-03,2026-04-21,4,1,23.71,66
KVL-03,2026-04-21,5,1,23.05,69
KVL-03,2026-04-21,6,3,80.92,242
KVL-03,2026-04-21,8,1,37.07,134
KVL-03,2026-04-21,10,1,5.28,50
KVL-03,2026-04-21,11,2,32.3,100
KVL-03,2026-04-21,12,2,44.76,141
KVL-03,2026-04-21,13,1,24.28,66
KVL-03,2026-04-21,14,2,51.47,152
KVL-03,2026-04-21,15,1,17.51,46
KVL-03,2026-04-21,16,1,23.13,58
KVL-03,2026-04-21,17,1,27.33,95
KVL-03,2026-04-21,18,1,16.81,50
KVL-03,2026-04-21,19,1,18.38,44
KVL-03,2026-04-21,20,2,61.31,184
KVL-03,2026-04-22,4,2,50.58,162
KVL-03,2026-04-22,5,1,29.67,72
KVL-03,2026-04-22,7,2,6.26,134
KVL-03,2026-04-22,8,1,25.59,65
KVL-03,2026-04-22,9,3,60.55,236
KVL-03,2026-04-22,11,3,58.04,177
KVL-03,2026-04-22,12,1,24.95,62
KVL-03,2026-04-22,13,2,49.47,130
KVL-03,2026-04-22,14,1,33.79,99
KVL-03,2026-04-22,15,1,18.93,63
KVL-03,2026-04-22,16,2,44.95,127
KVL-03,2026-04-22,17,1,6.58,63
KVL-03,2026-04-22,19,1,16.23,47
KVL-03,2026-04-22,21,2,51.49,174
KVL-03,2026-04-23,0,1,9.97,95
KVL-03,2026-04-23,5,2,25.45,141
KVL-03,2026-04-23,6,2,50.4,178
KVL-03,2026-04-23,8,1,36.56,128
KVL-03,2026-04-23,10,1,24.62,80
KVL-03,2026-04-23,11,2,54.21,147
KVL-03,2026-04-23,12,1,29.38,71
KVL-03,2026-04-23,13,2,46.58,145
KVL-03,2026-04-23,15,1,30.75,77
KVL-03,2026-04-23,16,1,6.85,65
KVL-03,2026-04-23,17,1,24.4,59
KVL-03,2026-04-23,18,2,62.85,154
KVL-03,2026-04-23,20,1,19.94,60
KVL-03,2026-04-23,21,1,14.25,50
KVL-03,2026-04-23,22,2,20.12,107
KVL-03,2026-04-23,23,1,6.03,58
KVL-03,2026-04-24,5,2,39.69,174
KVL-03,2026-04-24,7,1,20.97,56
KVL-03,2026-04-24,9,2,16.31,155
KVL-03,2026-04-24,12,1,30.18,89
KVL-03,2026-04-24,13,1,2.57,55
KVL-03,2026-04-24,14,2,48.09,136
KVL-03,2026-04-24,15,1,34.3,82
KVL-03,2026-04-24,16,1,22.25,67
KVL-03,2026-04-24,17,2,37.42,151
KVL-03,2026-04-24,18,2,43.99,121
KVL-03,2026-04-24,19,1,15.85,49
KVL-03,2026-04-24,20,2,38.46,98
KVL-03,2026-04-24,23,1,33.43,90
KVL-03,2026-04-25,1,1,29.67,107
KVL-03,2026-04-25,7,1,29.18,77
KVL-03,2026-04-25,8,1,30.46,102
KVL-03,2026-04-25,10,1,18.03,49
KVL-03,2026-04-25,11,2,49.6,143
KVL-03,2026-04-25,12,2,27.17,120
KVL-03,2026-04-25,13,1,15.86,51
KVL-03,2026-04-25,14,2,50.82,137
KVL-03,2026-04-25,15,1,34.39,86
KVL-03,2026-04-25,16,2,30.76,139
KVL-03,2026-04-25,17,1,7.02,67
KVL-03,2026-04-25,18,1,27.24,84
KVL-03,2026-04-25,19,1,21.44,51
KVL-03,2026-04-25,20,1,15.74,38
KVL-03,2026-04-25,21,1,30.11,74
KVL-03,2026-04-26,2,1,2.99,64
KVL-03,2026-04-26,3,1,19.87,56
KVL-03,2026-04-26,5,3,53.08,142
KVL-03,2026-04-26,6,1,25.5,61
KVL-03,2026-04-26,8,2,35.9,94
KVL-03,2026-04-26,9,1,8.45,81
KVL-03,2026-04-26,10,1,15.28,55
KVL-03,2026-04-26,11,2,52.82,144
KVL-03,2026-04-26,12,2,51.61,139
KVL-03,2026-04-26,13,1,29.17,101
KVL-03,2026-04-26,14,1,8.79,84
KVL-03,2026-04-26,15,2,53.4,149
KVL-03,2026-04-26,16,2,41.92,200
KVL-03,2026-04-26,18,1,34.05,102
KVL-03,2026-04-26,20,1,14.76,41
KVL-03,2026-04-26,21,1,25.57,80
KVL-03,2026-04-27,0,1,34.66,85
KVL-03,2026-04-27,4,1,27.04,73
KVL-03,2026-04-27,5,1,17.33,62
KVL-03,2026-04-27,6,2,55.41,168
KVL-03,2026-04-27,8,2,51.01,131
KVL-03,2026-04-27,10,2,58.8,159
KVL-03,2026-04-27,12,3,80.02,200
KVL-03,2026-04-27,13,1,28.3,84
KVL-03,2026-04-27,14,1,24.88,83
KVL-03,2026-04-27,15,2,45.4,141
KVL-03,2026-04-27,16,2,57.78,177
KVL-03,2026-04-27,17,1,28.88,70
KVL-03,2026-04-27,19,1,20.64,70
KVL-03,2026-04-27,20,2,58.63,191
KVL-03,2026-04-28,0,1,29.08,84
KVL-03,2026-04-28,7,2,44.66,132
KVL-03,2026-04-28,8,1,6.97,66
KVL-03,2026-04-28,9,2,50.14,145
KVL-03,2026-04-28,10,1,18.45,45
KVL-03,2026-04-28,11,2,53.42,151
KVL-03,2026-04-28,12,2,55.48,154
KVL-03,2026-04-28,14,2,49.36,151
KVL-03,2026-04-28,15,2,59.86,168
KVL-03,2026-04-28,17,2,14.19,135
KVL-03,2026-04-28,18,1,27.05,69
KVL-03,2026-04-28,19,1,34.84,83
KVL-03,2026-04-28,20,1,22.35,73
KVL-03,2026-04-28,21,1,36.27,105
KVL-03,2026-04-28,22,1,21.17,61
KVL-03,2026-04-28,23,1,25.64,78
KVL-03,2026-04-29,0,1,9.87,94
KVL-03,2026-04-29,4,1,20.02,60
KVL-03,2026-04-29,6,1,30.96,82
KVL-03,2026-04-29,7,2,41.61,111
KVL-03,2026-04-29,8,2,33.91,99
KVL-03,2026-04-29,10,1,33.82,87
KVL-03,2026-04-29,11,1,14.55,42
KVL-03,2026-04-29,13,1,25.06,75
KVL-03,2026-04-29,14,2,21.96,102
KVL-03,2026-04-29,16,2,51.85,158
KVL-03,2026-04-29,17,1,32.97,89
KVL-03,2026-04-29,18,1,36.47,111
KVL-03,2026-04-29,19,2,49.52,138
KVL-03,2026-04-29,20,2,45.57,132
KVL-03,2026-04-29,22,2,64.04,208
KVL-03,2026-04-30,0,2,59.61,184
KVL-03,2026-04-30,5,1,8.65,83
KVL-03,2026-04-30,6,1,26.13,66
KVL-03,2026-04-30,7,2,49.33,152
KVL-03,2026-04-30,8,1,34.29,83
KVL-03,2026-04-30,9,1,25.35,64
KVL-03,2026-04-30,10,1,36.04,100
KVL-03,2026-04-30,11,1,33.29,116
KVL-03,2026-04-30,13,2,72.54,215
KVL-03,2026-04-30,15,2,56.57,171
KVL-03,2026-04-30,16,1,28.94,82
KVL-03,2026-04-30,17,1,28.62,100
KVL-03,2026-04-30,20,1,17.96,45
KVL-03,2026-05-01,4,1,20.83,59
KVL-03,2026-05-01,6,1,15.07,40
KVL-03,2026-05-01,7,2,54.23,148
KVL-03,2026-05-01,8,1,23.98,69
KVL-03,2026-05-01,9,2,48.7,131
KVL-03,2026-05-01,10,1,24.41,63
KVL-03,2026-05-01,11,2,24.24,135
KVL-03,2026-05-01,12,2,39.38,108
KVL-03,2026-05-01,13,2,33.31,106
KVL-03,2026-05-01,14,2,59.33,185
KVL-03,2026-05-01,16,2,60.19,169
KVL-03,2026-05-01,18,2,56.61,191
KVL-03,2026-05-01,20,1,31.83,105
KVL-03,2026-05-02,4,2,57.39,164
KVL-03,2026-05-02,6,3,65.29,190
KVL-03,2026-05-02,8,1,33.46,96
KVL-03,2026-05-02,9,1,33.61,94
KVL-03,2026-05-02,10,2,40.21,177
KVL-03,2026-05-02,11,1,35.31,115
KVL-03,2026-05-02,12,1,21.53,72
KVL-03,2026-05-02,13,2,39.39,165
KVL-03,2026-05-02,15,2,63.6,193
KVL-03,2026-05-02,17,2,61.78,185
KVL-03,2026-05-02,20,1,16.33,43
KVL-03,2026-05-02,21,1,37.92,102
KVL-03,2026-05-03,3,1,17.48,43
KVL-03,2026-05-03,5,1,8.28,79
KVL-03,2026-05-03,6,2,53.31,148
KVL-03,2026-05-03,8,2,54.6,139
KVL-03,2026-05-03,9,1,22.49,62
KVL-03,2026-05-03,10,2,40.21,169
KVL-03,2026-05-03,11,1,34.24,95
KVL-03,2026-05-03,12,1,35.04,122
KVL-03,2026-05-03,13,1,33.43,100
KVL-03,2026-05-03,14,2,44.12,126
KVL-03,2026-05-03,15,2,33.52,140
KVL-03,2026-05-03,16,1,8.37,80
KVL-03,2026-05-03,17,1,35.39,87
KVL-03,2026-05-03,18,2,50.05,130
KVL-03,2026-05-03,19,1,35.65,118
KVL-03,2026-05-03,20,1,9.6,92
KVL-03,2026-05-03,22,1,16.23,45
KVL-03,2026-05-04,5,1,21.18,69
KVL-03,2026-05-04,7,1,8.55,82
KVL-03,2026-05-04,10,1,33.81,90
KVL-03,2026-05-04,11,1,29.66,70
KVL-03,2026-05-04,12,2,66.96,188
KVL-03,2026-05-04,13,1,26.46,93
KVL-03,2026-05-04,15,2,26.55,140
KVL-03,2026-05-04,16,1,26.59,89
KVL-03,2026-05-04,17,1,28.52,97
KVL-03,2026-05-04,18,1,37.53,92
KVL-03,2026-05-04,19,2,35.44,118
KVL-03,2026-05-04,20,2,49.12,145
KVL-03,2026-05-05,0,1,34.66,97
KVL-03,2026-05-05,4,1,28.52,69
KVL-03,2026-05-05,5,1,14.7,36
KVL-03,2026-05-05,7,1,33.06,94
KVL-03,2026-05-05,8,1,34.53,120
KVL-03,2026-05-05,9,1,20.31,53
KVL-03,2026-05-05,10,2,45.91,123
KVL-03,2026-05-05,11,1,35.82,96
KVL-03,2026-05-05,12,1,26.95,96
KVL-03,2026-05-05,15,2,37.02,108
KVL-03,2026-05-05,16,1,34.19,95
KVL-03,2026-05-05,17,2,52.87,157
KVL-03,2026-05-05,18,1,28.78,69
KVL-03,2026-05-05,19,1,18.7,60
KVL-03,2026-05-05,20,2,42.77,153
KVL-03,2026-05-06,6,1,36.15,89
KVL-03,2026-05-06,7,1,21.92,53
KVL-03,2026-05-06,10,1,17.51,57
KVL-03,2026-05-06,11,2,52.24,132
KVL-03,2026-05-06,12,1,29.25,73
KVL-03,2026-05-06,13,2,68.16,237
KVL-03,2026-05-06,15,2,63.36,159
KVL-03,2026-05-06,16,1,28.68,92
KVL-03,2026-05-06,17,1,32.44,91
KVL-03,2026-05-06,18,2,44.88,132
KVL-03,2026-05-06,20,2,41.62,127
KVL-03,2026-05-06,21,2,41.71,115
KVL-03,2026-05-06,22,1,21.78,58
KVL-03,2026-05-07,0,1,19.84,47
KVL-03,2026-05-07,1,1,20.92,57
KVL-03,2026-05-07,4,2,62.82,183
KVL-03,2026-05-07,5,1,19.57,68
KVL-03,2026-05-07,6,1,22.32,67
KVL-03,2026-05-07,7,2,45.1,134
KVL-03,2026-05-07,8,2,43.11,135
KVL-03,2026-05-07,9,2,53.99,162
KVL-03,2026-05-07,11,2,57.71,164
KVL-03,2026-05-07,13,2,60.0,171
KVL-03,2026-05-07,15,2,50.4,136
KVL-03,2026-05-07,16,2,64.78,202
KVL-03,2026-05-07,18,2,25.12,122
KVL-03,2026-05-07,19,1,7.1,68
KVL-03,2026-05-07,23,1,14.95,37
KVL-03,2026-05-08,0,1,14.99,48
KVL-03,2026-05-08,5,2,54.26,172
KVL-03,2026-05-08,6,1,37.42,105
KVL-03,2026-05-08,7,1,9.28,89
KVL-03,2026-05-08,8,2,57.88,181
KVL-03,2026-05-08,10,1,35.45,122
KVL-03,2026-05-08,11,1,19.23,50
KVL-03,2026-05-08,12,2,16.63,83
KVL-03,2026-05-08,13,1,19.4,53
KVL-03,2026-05-08,14,2,65.06,157
KVL-03,2026-05-08,15,1,36.46,91
KVL-03,2026-05-08,16,1,15.87,57
KVL-03,2026-05-08,17,2,55.87,169
KVL-03,2026-05-08,18,1,30.05,87
KVL-03,2026-05-08,19,1,31.6,108
KVL-03,2026-05-08,20,1,25.48,70
KVL-03,2026-05-08,21,1,34.91,93
KVL-03,2026-05-08,22,1,30.62,108
KVL-03,2026-05-09,1,1,30.04,85
KVL-03,2026-05-09,5,1,14.99,49
KVL-03,2026-05-09,6,2,44.45,124
KVL-03,2026-05-09,7,2,41.31,103
KVL-03,2026-05-09,9,2,47.98,126
KVL-03,2026-05-09,11,2,33.39,131
KVL-03,2026-05-09,12,2,42.66,128
KVL-03,2026-05-09,13,2,54.87,142
KVL-03,2026-05-09,15,2,73.32,200
KVL-03,2026-05-09,16,1,22.93,82
KVL-03,2026-05-09,17,1,24.85,69
KVL-03,2026-05-09,18,2,41.09,169
KVL-03,2026-05-09,19,1,29.92,89
KVL-03,2026-05-09,20,1,16.11,46
KVL-03,2026-05-09,21,1,21.62,53
KVL-03,2026-05-09,22,2,16.91,161
KVL-03,2026-05-10,0,2,69.16,178
KVL-03,2026-05-10,5,2,44.59,198
KVL-03,2026-05-10,7,2,52.42,151
KVL-03,2026-05-10,8,1,35.11,86
KVL-03,2026-05-10,9,1,34.9,88
KVL-03,2026-05-10,10,1,7.1,68
KVL-03,2026-05-10,11,2,61.48,157
KVL-03,2026-05-10,12,1,15.86,48
KVL-03,2026-05-10,13,3,71.12,204
KVL-03,2026-05-10,14,1,24.61,64
KVL-03,2026-05-10,15,1,20.39,53
KVL-03,2026-05-10,16,2,56.46,170
KVL-03,2026-05-10,17,1,2.34,50
KVL-03,2026-05-10,18,2,32.56,150
KVL-03,2026-05-10,19,1,33.07,111
KVL-03,2026-05-10,20,1,23.57,58
KVL-03,2026-05-11,0,1,15.37,44
KVL-03,2026-05-11,1,1,34.81,120
KVL-03,2026-05-11,4,2,28.06,149
KVL-03,2026-05-11,5,1,22.33,72
KVL-03,2026-05-11,6,1,33.1,109
KVL-03,2026-05-11,7,1,16.14,51
KVL-03,2026-05-11,8,2,35.41,98
KVL-03,2026-05-11,9,2,38.91,102
KVL-03,2026-05-11,10,1,36.05,104
KVL-03,2026-05-11,11,1,22.81,55
KVL-03,2026-05-11,12,2,52.71,143
KVL-03,2026-05-11,13,2,62.03,175
KVL-03,2026-05-11,14,1,32.54,88
KVL-03,2026-05-11,15,1,25.91,78
KVL-03,2026-05-11,16,2,36.86,103
KVL-03,2026-05-11,17,2,42.12,117
KVL-03,2026-05-11,18,2,56.95,168
KVL-03,2026-05-11,19,1,37.5,93
KVL-03,2026-05-11,20,2,37.95,108
KVL-03,2026-05-12,2,2,65.35,171
KVL-03,2026-05-12,5,1,37.12,122
KVL-03,2026-05-12,6,1,37.9,122
KVL-03,2026-05-12,7,1,31.93,91
KVL-03,2026-05-12,8,2,29.96,151
KVL-03,2026-05-12,9,1,35.09,110
KVL-03,2026-05-12,11,2,65.8,203
KVL-03,2026-05-12,13,1,24.46,64
KVL-03,2026-05-12,14,1,35.61,92
KVL-03,2026-05-12,15,2,36.35,105
KVL-03,2026-05-12,16,2,57.48,154
KVL-03,2026-05-12,17,1,34.25,111
KVL-03,2026-05-12,18,1,7.76,74
KVL-03,2026-05-12,19,1,27.9,73
KVL-03,2026-05-12,20,1,26.27,92
KVL-03,2026-05-12,21,2,66.01,169
KVL-03,2026-05-13,4,1,26.11,78
KVL-03,2026-05-13,5,1,31.93,112
KVL-03,2026-05-13,7,2,42.55,122
KVL-03,2026-05-13,8,3,87.04,226
KVL-03,2026-05-13,11,2,45.78,163
KVL-03,2026-05-13,12,1,24.09,67
KVL-03,2026-05-13,14,1,23.53,56
KVL-03,2026-05-13,15,2,38.41,112
KVL-03,2026-05-13,16,2,54.8,173
KVL-03,2026-05-13,17,1,36.25,94
KVL-03,2026-05-13,18,1,14.7,37
KVL-03,2026-05-13,19,2,42.83,183
KVL-03,2026-05-13,20,1,26.82,91
KVL-03,2026-05-13,21,1,19.02,66
KVL-03,2026-05-13,22,2,46.61,121
KVL-03,2026-05-14,0,1,37.12,95
KVL-03,2026-05-14,1,1,35.0,111
KVL-03,2026-05-14,5,1,36.39,102
KVL-03,2026-05-14,6,1,25.95,93
KVL-03,2026-05-14,8,3,36.6,162
KVL-03,2026-05-14,9,1,23.94,57
KVL-03,2026-05-14,10,2,69.45,207
KVL-03,2026-05-14,12,1,15.63,51
KVL-03,2026-05-14,13,2,52.55,145
KVL-03,2026-05-14,18,1,26.66,65
KVL-03,2026-05-14,19,3,65.75,226
KVL-03,2026-05-14,21,2,37.38,103
KVL-03,2026-05-14,22,1,34.44,82
KVL-03,2026-05-14,23,1,21.03,69
KVL-03,2026-05-15,6,1,26.66,82
KVL-03,2026-05-15,9,2,45.25,146
KVL-03,2026-05-15,10,1,5.39,51
KVL-03,2026-05-15,11,1,34.2,96
KVL-03,2026-05-15,12,1,36.66,91
KVL-03,2026-05-15,13,1,22.79,69
KVL-03,2026-05-15,14,1,24.14,65
KVL-03,2026-05-15,15,1,36.75,109
KVL-03,2026-05-15,16,1,5.15,49
KVL-03,2026-05-15,18,3,67.74,202
KVL-03,2026-05-15,19,1,17.97,50
KVL-03,2026-05-15,20,1,31.32,110
KVL-03,2026-05-15,22,1,8.45,81
KVL-03,2026-05-16,2,1,33.1,97
KVL-03,2026-05-16,4,1,27.6,92
KVL-03,2026-05-16,7,2,31.05,142
KVL-03,2026-05-16,8,2,36.38,118
KVL-03,2026-05-16,9,2,24.71,123
KVL-03,2026-05-16,10,2,41.87,181
KVL-03,2026-05-16,12,2,49.29,149
KVL-03,2026-05-16,13,1,34.69,88
KVL-03,2026-05-16,14,2,41.01,161
KVL-03,2026-05-16,16,1,28.19,81
KVL-03,2026-05-16,17,2,66.79,193
KVL-03,2026-05-16,19,2,60.58,188
KVL-03,2026-05-16,20,1,16.11,46
KVL-03,2026-05-16,21,2,59.49,161
KVL-03,2026-05-16,22,1,23.06,55
KVL-03,2026-05-16,23,1,14.83,47
KVL-03,2026-05-17,1,1,16.36,42
KVL-03,2026-05-17,4,1,23.06,63
KVL-03,2026-05-17,5,1,29.23,81
KVL-03,2026-05-17,6,2,35.37,140
KVL-03,2026-05-17,7,1,34.45,109
KVL-03,2026-05-17,8,1,30.85,99
KVL-03,2026-05-17,9,2,62.05,160
KVL-03,2026-05-17,10,1,31.9,83
KVL-03,2026-05-17,11,1,2.67,57
KVL-03,2026-05-17,12,2,63.53,172
KVL-03,2026-05-17,13,1,28.7,99
KVL-03,2026-05-17,14,1,26.92,89
KVL-03,2026-05-17,15,1,19.41,49
KVL-03,2026-05-17,16,2,37.02,163
KVL-03,2026-05-17,17,2,56.05,176
KVL-03,2026-05-17,18,1,17.82,55
KVL-03,2026-05-17,19,2,51.53,137
KVL-03,2026-05-17,21,2,30.19,123
KVL-03,2026-05-17,22,2,50.57,127
KVL-03,2026-05-17,23,1,16.88,41
KVL-03,2026-05-18,1,1,27.92,75
KVL-03,2026-05-18,6,2,50.18,124
KVL-03,2026-05-18,7,1,33.77,98
KVL-03,2026-05-18,8,1,37.86,120
KVL-03,2026-05-18,9,1,23.75,58
KVL-03,2026-05-18,10,1,8.64,82
KVL-03,2026-05-18,11,1,33.22,108
KVL-03,2026-05-18,12,1,24.02,84
KVL-03,2026-05-18,13,1,32.69,100
KVL-03,2026-05-18,14,1,23.01,82
KVL-03,2026-05-18,15,2,55.38,148
KVL-03,2026-05-18,16,1,27.66,66
KVL-03,2026-05-18,17,2,31.8,138
KVL-03,2026-05-18,18,2,56.06,158
KVL-03,2026-05-18,19,1,32.55,80
KVL-03,2026-05-18,20,1,35.32,92
KVL-03,2026-05-18,21,1,33.31,110
KVL-03,2026-05-19,4,1,25.31,62
KVL-03,2026-05-19,5,1,7.65,73
KVL-03,2026-05-19,6,2,60.53,195
KVL-03,2026-05-19,7,1,28.32,74
KVL-03,2026-05-19,8,1,30.32,82
KVL-03,2026-05-19,9,1,6.09,58
KVL-03,2026-05-19,10,3,53.79,148
KVL-03,2026-05-19,11,1,35.31,93
KVL-03,2026-05-19,12,1,23.2,72
KVL-03,2026-05-19,13,1,21.97,59
KVL-03,2026-05-19,14,1,29.13,89
KVL-03,2026-05-19,16,1,21.82,62
KVL-03,2026-05-19,17,2,71.13,189
KVL-03,2026-05-19,19,1,21.94,52
KVL-03,2026-05-19,23,1,22.45,54
KVL-03,2026-05-20,3,1,27.64,85
KVL-03,2026-05-20,6,1,19.21,58
KVL-03,2026-05-20,7,2,39.13,185
KVL-03,2026-05-20,9,2,47.06,135
KVL-03,2026-05-20,10,2,56.45,155
KVL-03,2026-05-20,11,1,29.66,98
KVL-03,2026-05-20,15,1,24.43,74
KVL-03,2026-05-20,16,1,21.65,56
KVL-03,2026-05-20,17,2,26.79,134
KVL-03,2026-05-20,18,1,9.72,93
KVL-03,2026-05-20,19,2,62.72,164
KVL-03,2026-05-20,21,1,23.11,62
KVL-03,2026-05-20,22,2,46.09,113
KVL-03,2026-05-21,1,1,9.68,92
KVL-03,2026-05-21,4,1,30.74,75
KVL-03,2026-05-21,6,2,35.94,164
KVL-03,2026-05-21,7,1,9.73,93
KVL-03,2026-05-21,8,1,37.79,95
KVL-03,2026-05-21,9,1,16.87,43
KVL-03,2026-05-21,10,2,48.58,167
KVL-03,2026-05-21,11,1,26.19,65
KVL-03,2026-05-21,12,2,45.05,144
KVL-03,2026-05-21,13,1,24.53,62
KVL-03,2026-05-21,14,1,28.48,70
KVL-03,2026-05-21,15,2,49.22,156
KVL-03,2026-05-21,17,1,37.44,91
KVL-03,2026-05-21,18,1,8.11,77
KVL-03,2026-05-21,20,2,39.39,130
KVL-03,2026-05-21,21,1,31.89,88
KVL-03,2026-05-21,22,1,20.16,48
KVL-03,2026-05-22,0,1,16.9,56
KVL-03,2026-05-22,5,1,35.36,105
KVL-03,2026-05-22,7,2,40.11,141
KVL-03,2026-05-22,9,1,24.06,69
KVL-03,2026-05-22,10,2,30.06,158
KVL-03,2026-05-22,12,2,59.71,177
KVL-03,2026-05-22,13,1,2.97,64
KVL-03,2026-05-22,14,1,21.77,59
KVL-03,2026-05-22,15,1,14.33,41
KVL-03,2026-05-22,16,1,33.3,89
KVL-03,2026-05-22,17,2,45.09,212
KVL-03,2026-05-22,19,2,29.34,123
KVL-03,2026-05-22,21,2,27.2,138
KVL-03,2026-05-23,2,1,33.61,82
KVL-03,2026-05-23,6,1,18.83,45
KVL-03,2026-05-23,8,1,15.21,50
KVL-03,2026-05-23,9,1,7.87,75
KVL-03,2026-05-23,11,2,63.03,184
KVL-03,2026-05-23,13,2,49.59,135
KVL-03,2026-05-23,14,2,39.96,171
KVL-03,2026-05-23,16,2,24.58,107
KVL-03,2026-05-23,17,3,71.32,200
KVL-03,2026-05-23,18,1,35.36,91
KVL-03,2026-05-23,19,2,48.74,127
KVL-03,2026-05-23,20,1,36.57,122
KVL-03,2026-05-23,21,1,28.7,74
KVL-03,2026-05-24,0,1,23.82,77
KVL-03,2026-05-24,2,1,21.22,70
KVL-03,2026-05-24,5,1,26.93,63
KVL-03,2026-05-24,6,2,51.05,141
KVL-03,2026-05-24,7,1,25.4,78
KVL-03,2026-05-24,9,1,19.65,61
KVL-03,2026-05-24,10,2,53.54,146
KVL-03,2026-05-24,11,2,40.04,187
KVL-03,2026-05-24,12,1,31.43,80
KVL-03,2026-05-24,13,1,17.3,51
KVL-03,2026-05-24,14,2,60.57,171
KVL-03,2026-05-24,16,3,66.29,189
KVL-03,2026-05-24,18,2,50.41,129
KVL-03,2026-05-24,19,2,51.09,157
KVL-03,2026-05-24,20,1,20.44,58
KVL-03,2026-05-25,1,1,29.61,77
KVL-03,2026-05-25,3,1,19.79,50
KVL-03,2026-05-25,6,2,58.56,162
KVL-03,2026-05-25,10,1,33.53,95
KVL-03,2026-05-25,11,2,33.49,96
KVL-03,2026-05-25,12,1,8.11,77
KVL-03,2026-05-25,15,1,22.17,53
KVL-03,2026-05-25,16,1,32.26,81
KVL-03,2026-05-25,17,1,16.34,42
KVL-03,2026-05-25,18,1,36.43,97
KVL-03,2026-05-25,19,1,22.49,55
KVL-03,2026-05-25,20,1,22.11,52
KVL-03,2026-05-25,21,1,9.49,91
KVL-03,2026-05-25,22,1,20.38,73
KVL-03,2026-05-25,23,1,33.99,80
KVL-03,2026-05-26,5,1,29.48,71
KVL-03,2026-05-26,8,1,20.64,58
KVL-03,2026-05-26,9,2,42.17,146
KVL-03,2026-05-26,10,1,26.52,92
KVL-03,2026-05-26,11,1,9.91,95
KVL-03,2026-05-26,12,2,58.46,187
KVL-03,2026-05-26,13,1,33.54,94
KVL-03,2026-05-26,14,1,22.8,60
KVL-03,2026-05-26,15,2,58.4,174
KVL-03,2026-05-26,17,3,77.87,231
KVL-03,2026-05-26,19,2,56.63,181
KVL-03,2026-05-26,21,1,24.95,63
KVL-03,2026-05-26,22,1,31.68,106
KVL-03,2026-05-26,23,1,14.66,36
KVL-03,2026-05-27,7,2,67.46,211
KVL-03,2026-05-27,8,2,59.85,163
KVL-03,2026-05-27,10,2,51.53,150
KVL-03,2026-05-27,11,2,54.98,167
KVL-03,2026-05-27,12,1,9.41,90
KVL-03,2026-05-27,13,1,29.99,75
KVL-03,2026-05-27,14,1,37.22,122
KVL-03,2026-05-27,15,1,23.02,66
KVL-03,2026-05-27,16,2,59.94,194
KVL-03,2026-05-27,17,1,37.61,121
KVL-03,2026-05-27,18,1,24.59,71
KVL-03,2026-05-27,20,1,31.8,76
KVL-03,2026-05-27,21,1,19.0,64
KVL-03,2026-05-28,1,1,22.12,73
KVL-03,2026-05-28,2,1,29.51,91
KVL-03,2026-05-28,4,1,33.64,83
KVL-03,2026-05-28,6,2,49.17,140
KVL-03,2026-05-28,7,2,41.13,114
KVL-03,2026-05-28,8,1,15.74,53
KVL-03,2026-05-28,9,3,57.27,208
KVL-03,2026-05-28,10,1,24.53,58
KVL-03,2026-05-28,11,2,57.56,158
KVL-03,2026-05-28,15,2,55.15,143
KVL-03,2026-05-28,16,2,48.23,136
KVL-03,2026-05-28,17,2,47.55,144
KVL-03,2026-05-28,18,1,33.9,90
KVL-03,2026-05-28,19,1,24.9,88
KVL-03,2026-05-28,20,1,18.09,56
KVL-03,2026-05-28,23,2,56.39,171
KVL-03,2026-05-29,2,2,67.48,181
KVL-03,2026-05-29,3,1,25.44,87
KVL-03,2026-05-29,6,2,25.79,112
KVL-03,2026-05-29,7,1,20.29,62
KVL-03,2026-05-29,8,2,57.42,149
KVL-03,2026-05-29,9,1,17.18,59
KVL-03,2026-05-29,10,1,20.27,61
KVL-03,2026-05-29,11,2,53.42,152
KVL-03,2026-05-29,12,1,6.64,63
KVL-03,2026-05-29,13,1,1.64,35
KVL-03,2026-05-29,15,2,46.04,135
KVL-03,2026-05-29,17,2,69.88,194
KVL-03,2026-05-29,19,1,18.45,66
KVL-03,2026-05-29,20,1,31.43,97
KVL-03,2026-05-29,22,1,5.12,49
KVL-03,2026-05-30,1,1,23.89,78
KVL-03,2026-05-30,6,1,30.34,80
KVL-03,2026-05-30,7,1,21.7,69
KVL-03,2026-05-30,8,2,40.76,122
KVL-03,2026-05-30,9,2,60.44,171
KVL-03,2026-05-30,10,2,40.8,166
KVL-03,2026-05-30,12,2,69.46,226
KVL-03,2026-05-30,15,2,35.13,109
KVL-03,2026-05-30,16,1,34.18,110
KVL-03,2026-05-30,17,1,37.75,99
KVL-03,2026-05-30,18,1,30.26,80
KVL-03,2026-05-30,19,2,38.05,120
KVL-03,2026-05-30,21,1,26.06,70
KVL-03,2026-05-30,23,2,34.72,97
KVL-03,2026-05-31,0,1,19.74,63
KVL-03,2026-05-31,2,1,21.45,73
KVL-03,2026-05-31,4,1,27.35,80
KVL-03,2026-05-31,6,1,7.8,74
KVL-03,2026-05-31,7,1,27.61,83
KVL-03,2026-05-31,8,1,20.97,50
KVL-03,2026-05-31,9,2,68.07,180
KVL-03,2026-05-31,10,2,43.95,119
KVL-03,2026-05-31,11,1,24.81,83
KVL-03,2026-05-31,12,1,16.17,53
KVL-03,2026-05-31,13,2,42.7,143
KVL-03,2026-05-31,14,2,38.35,159
KVL-03,2026-05-31,15,1,24.82,82
KVL-03,2026-05-31,16,2,59.61,198
KVL-03,2026-05-31,17,1,26.45,90
KVL-03,2026-05-31,18,1,26.33,85
KVL-03,2026-05-31,19,1,23.09,76
KVL-03,2026-05-31,20,1,21.84,63
KVL-03,2026-06-01,0,2,36.5,116
KVL-03,2026-06-01,7,1,7.36,70
KVL-03,2026-06-01,8,1,18.95,66
KVL-03,2026-06-01,9,2,45.93,199
KVL-03,2026-06-01,11,2,17.5,105
KVL-03,2026-06-01,12,2,63.17,175
KVL-03,2026-06-01,13,1,26.09,76
KVL-03,2026-06-01,14,1,21.11,77
KVL-03,2026-06-01,15,2,72.28,186
KVL-03,2026-06-01,16,1,32.54,83
KVL-03,2026-06-01,17,1,33.96,98
KVL-03,2026-06-01,18,1,16.56,49
KVL-03,2026-06-01,19,2,63.84,193
KVL-03,2026-06-02,3,1,16.43,44
KVL-03,2026-06-02,6,1,36.81,102
KVL-03,2026-06-02,7,1,17.72,43
KVL-03,2026-06-02,8,2,60.82,186
KVL-03,2026-06-02,9,1,27.99,100
KVL-03,2026-06-02,11,1,21.79,70
KVL-03,2026-06-02,12,1,18.89,50
KVL-03,2026-06-02,13,1,2.62,56
KVL-03,2026-06-02,15,1,31.72,82
KVL-03,2026-06-02,16,2,37.23,98
KVL-03,2026-06-02,17,1,23.86,73
KVL-03,2026-06-02,18,2,46.5,117
KVL-03,2026-06-02,19,2,70.63,167
KVL-03,2026-06-02,20,1,8.8,84
KVL-03,2026-06-02,21,1,28.97,88
KVL-03,2026-06-02,22,1,25.45,60
KVL-03,2026-06-02,23,1,25.86,84
KVL-03,2026-06-03,4,1,36.66,126
KVL-03,2026-06-03,6,2,50.7,144
KVL-03,2026-06-03,7,1,9.43,90
KVL-03,2026-06-03,8,1,36.63,88
KVL-03,2026-06-03,10,2,61.94,217
KVL-03,2026-06-03,12,2,23.61,123
KVL-03,2026-06-03,13,2,48.04,155
KVL-03,2026-06-03,14,1,24.79,64
KVL-03,2026-06-03,15,2,35.66,95
KVL-03,2026-06-03,16,2,45.47,121
KVL-03,2026-06-03,17,1,28.19,72
KVL-03,2026-06-03,18,1,8.07,77
KVL-03,2026-06-03,19,2,42.55,115
KVL-03,2026-06-03,20,1,17.21,48
KVL-03,2026-06-03,21,1,24.95,68
KVL-03,2026-06-03,22,1,19.82,47
KVL-03,2026-06-04,2,2,49.65,164
KVL-03,2026-06-04,6,2,64.46,224
KVL-03,2026-06-04,8,2,45.55,126
KVL-03,2026-06-04,9,2,42.86,122
KVL-03,2026-06-04,10,1,29.7,70
KVL-03,2026-06-04,11,2,65.61,222
KVL-03,2026-06-04,13,1,16.5,40
KVL-03,2026-06-04,14,2,52.18,141
KVL-03,2026-06-04,17,2,23.91,117
KVL-03,2026-06-04,18,1,29.22,88
KVL-03,2026-06-04,19,1,31.41,87
KVL-03,2026-06-04,20,2,51.05,146
KVL-03,2026-06-04,21,2,57.1,157
KVL-03,2026-06-04,22,1,22.91,61
KVL-03,2026-06-05,3,1,7.77,74
KVL-03,2026-06-05,5,3,58.02,159
KVL-03,2026-06-05,6,1,26.37,88
KVL-03,2026-06-05,8,3,52.77,164
KVL-03,2026-06-05,9,3,78.28,211
KVL-03,2026-06-05,11,1,15.96,44
KVL-03,2026-06-05,12,2,46.9,149
KVL-03,2026-06-05,13,1,37.3,101
KVL-03,2026-06-05,14,1,26.38,87
KVL-03,2026-06-05,16,1,22.29,80
KVL-03,2026-06-05,17,2,47.62,133
KVL-03,2026-06-05,18,2,42.47,144
KVL-03,2026-06-05,20,1,22.9,69
KVL-03,2026-06-05,21,1,33.21,80
KVL-03,2026-06-05,22,1,27.73,78
KVL-03,2026-06-06,1,1,30.97,112
KVL-03,2026-06-06,5,1,14.68,47
KVL-03,2026-06-06,6,1,25.17,66
KVL-03,2026-06-06,7,2,32.86,154
KVL-03,2026-06-06,8,1,31.25,85
KVL-03,2026-06-06,9,1,7.63,73
KVL-03,2026-06-06,10,2,50.4,173
KVL-03,2026-06-06,12,2,49.58,130
KVL-03,2026-06-06,13,2,53.82,177
KVL-03,2026-06-06,15,2,29.29,153
KVL-03,2026-06-06,16,2,45.06,150
KVL-03,2026-06-06,17,1,30.98,111
KVL-03,2026-06-06,18,1,19.21,53
KVL-03,2026-06-06,19,1,18.18,46
KVL-03,2026-06-06,20,2,63.87,164
KVL-03,2026-06-06,21,2,51.96,134
KVL-03,2026-06-07,3,1,18.54,66
KVL-03,2026-06-07,6,2,62.62,171
KVL-03,2026-06-07,7,2,47.04,196
KVL-03,2026-06-07,9,2,52.51,182
KVL-03,2026-06-07,10,1,34.5,83
KVL-03,2026-06-07,11,1,5.2,50
KVL-03,2026-06-07,12,2,59.43,145
KVL-03,2026-06-07,13,2,35.7,103
KVL-03,2026-06-07,15,1,8.96,85
KVL-03,2026-06-07,16,2,41.72,122
KVL-03,2026-06-07,17,2,42.12,126
KVL-03,2026-06-07,18,2,37.29,97
KVL-03,2026-06-07,19,2,36.08,182
KVL-03,2026-06-07,21,2,52.39,144
KVL-03,2026-06-08,0,1,36.38,124
KVL-03,2026-06-08,5,2,55.6,198
KVL-03,2026-06-08,7,1,28.8,97
KVL-03,2026-06-08,8,1,16.47,46
KVL-03,2026-06-08,9,2,58.21,185
KVL-03,2026-06-08,11,2,54.9,174
KVL-03,2026-06-08,13,1,22.09,58
KVL-03,2026-06-08,14,2,46.98,164
KVL-03,2026-06-08,15,1,19.09,62
KVL-03,2026-06-08,16,2,30.12,138
KVL-03,2026-06-08,17,1,36.78,90
KVL-03,2026-06-08,18,2,11.97,154
KVL-03,2026-06-08,19,1,30.3,93
KVL-03,2026-06-08,22,1,17.1,62
KVL-03,2026-06-09,0,1,14.91,37
KVL-03,2026-06-09,3,1,34.36,104
KVL-03,2026-06-09,5,1,35.9,91
KVL-03,2026-06-09,6,2,62.4,161
KVL-03,2026-06-09,7,1,25.55,83
KVL-03,2026-06-09,8,2,28.5,78
KVL-03,2026-06-09,9,2,58.07,149
KVL-03,2026-06-09,11,1,26.95,72
KVL-03,2026-06-09,12,2,43.7,109
KVL-03,2026-06-09,13,1,26.54,70
KVL-03,2026-06-09,14,2,25.69,119
KVL-03,2026-06-09,15,1,26.91,86
KVL-03,2026-06-09,16,1,22.68,68
KVL-03,2026-06-09,17,1,35.1,117
KVL-03,2026-06-09,19,2,60.88,181
KVL-03,2026-06-09,21,2,68.32,195
KVL-03,2026-06-10,0,1,18.81,67
KVL-03,2026-06-10,4,1,14.3,36
KVL-03,2026-06-10,5,2,54.97,158
KVL-03,2026-06-10,6,1,37.87,114
KVL-03,2026-06-10,7,1,36.3,91
KVL-03,2026-06-10,8,2,64.42,184
KVL-03,2026-06-10,10,1,19.63,61
KVL-03,2026-06-10,11,1,30.69,87
KVL-03,2026-06-10,12,1,35.43,114
KVL-03,2026-06-10,13,1,32.65,85
KVL-03,2026-06-10,14,1,37.8,116
KVL-03,2026-06-10,15,1,23.05,83
KVL-03,2026-06-10,16,1,33.77,90
KVL-03,2026-06-10,17,1,3.16,68
KVL-03,2026-06-10,18,2,50.04,168
KVL-03,2026-06-10,19,1,30.41,80
KVL-03,2026-06-10,20,1,32.24,104
KVL-03,2026-06-10,21,1,15.13,48
KVL-03,2026-06-11,3,1,22.36,79
KVL-03,2026-06-11,4,1,15.67,47
KVL-03,2026-06-11,7,2,56.78,149
KVL-03,2026-06-11,8,1,27.53,80
KVL-03,2026-06-11,9,2,54.53,140
KVL-03,2026-06-11,10,1,16.6,47
KVL-03,2026-06-11,12,2,59.29,191
KVL-03,2026-06-11,13,1,34.17,116
KVL-03,2026-06-11,14,1,17.97,63
KVL-03,2026-06-11,15,1,33.62,97
KVL-03,2026-06-11,16,1,5.19,50
KVL-03,2026-06-11,17,2,36.16,105
KVL-03,2026-06-11,18,3,63.85,207
KVL-03,2026-06-11,19,1,23.95,85
KVL-03,2026-06-11,21,1,36.56,110
KVL-03,2026-06-12,1,1,18.46,66
KVL-03,2026-06-12,3,1,15.17,40
KVL-03,2026-06-12,5,2,63.92,167
KVL-03,2026-06-12,6,1,17.18,46
KVL-03,2026-06-12,7,1,17.6,47
KVL-03,2026-06-12,8,1,30.1,72
KVL-03,2026-06-12,9,1,16.74,52
KVL-03,2026-06-12,10,2,54.47,181
KVL-03,2026-06-12,11,1,28.33,90
KVL-03,2026-06-12,12,1,29.29,87
KVL-03,2026-06-12,13,1,19.13,55
KVL-03,2026-06-12,14,3,58.33,210
KVL-03,2026-06-12,15,1,29.62,99
KVL-03,2026-06-12,16,1,23.08,62
KVL-03,2026-06-12,17,2,42.54,190
KVL-03,2026-06-12,18,1,19.66,51
KVL-03,2026-06-12,21,1,19.77,66
KVL-03,2026-06-12,23,1,26.42,78
KVL-03,2026-06-13,4,1,5.65,54
KVL-03,2026-06-13,6,2,51.07,169
KVL-03,2026-06-13,7,2,57.89,162
KVL-03,2026-06-13,9,1,32.33,83
KVL-03,2026-06-13,10,1,24.58,62
KVL-03,2026-06-13,11,2,43.52,126
KVL-03,2026-06-13,12,1,28.4,73
KVL-03,2026-06-13,13,1,32.64,109
KVL-03,2026-06-13,15,1,31.48,75
KVL-03,2026-06-13,16,2,18.33,99
KVL-03,2026-06-13,17,2,40.92,185
KVL-03,2026-06-13,19,2,64.52,194
KVL-03,2026-06-13,20,1,29.96,84
KVL-03,2026-06-13,21,1,9.16,87
KVL-03,2026-06-13,22,1,25.27,68
KVL-03,2026-06-13,23,1,6.45,62
KVL-03,2026-06-14,1,1,29.28,99
KVL-03,2026-06-14,6,2,29.33,138
KVL-03,2026-06-14,7,2,63.08,174
KVL-03,2026-06-14,8,1,32.93,83
KVL-03,2026-06-14,9,1,20.67,59
KVL-03,2026-06-14,10,2,62.06,176
KVL-03,2026-06-14,11,1,25.45,72
KVL-03,2026-06-14,12,1,25.26,79
KVL-03,2026-06-14,13,2,38.56,136
KVL-03,2026-06-14,14,1,26.88,65
KVL-03,2026-06-14,15,2,50.01,157
KVL-03,2026-06-14,17,2,57.54,173
KVL-03,2026-06-14,18,1,26.36,76
KVL-03,2026-06-14,19,1,29.73,87
KVL-03,2026-06-14,20,2,48.57,129
KVL-03,2026-06-14,22,2,62.32,187
KVL-03,2026-06-15,3,1,32.56,94
KVL-03,2026-06-15,4,2,41.64,118
KVL-03,2026-06-15,6,1,37.27,125
KVL-03,2026-06-15,7,1,22.96,65
KVL-03,2026-06-15,8,1,20.6,64
KVL-03,2026-06-15,10,2,41.06,124
KVL-03,2026-06-15,11,2,44.97,146
KVL-03,2026-06-15,12,1,23.97,65
KVL-03,2026-06-15,13,2,53.6,143
KVL-03,2026-06-15,15,2,36.04,107
KVL-03,2026-06-15,16,2,15.0,143
KVL-03,2026-06-15,18,2,72.19,214
KVL-03,2026-06-15,20,1,16.83,42
KVL-03,2026-06-15,21,1,27.73,75
KVL-03,2026-06-15,22,1,15.68,37
KVL-03,2026-06-15,23,1,18.75,45
KVL-03,2026-06-16,0,1,8.07,77
KVL-03,2026-06-16,2,1,35.49,105
KVL-03,2026-06-16,3,1,31.94,86
KVL-03,2026-06-16,5,2,58.1,163
KVL-03,2026-06-16,6,1,33.56,90
KVL-03,2026-06-16,7,1,18.55,50
KVL-03,2026-06-16,8,2,58.47,205
KVL-03,2026-06-16,10,2,54.24,147
KVL-03,2026-06-16,11,1,24.36,64
KVL-03,2026-06-16,12,1,28.7,86
KVL-03,2026-06-16,13,2,43.11,161
KVL-03,2026-06-16,14,1,21.38,56
KVL-03,2026-06-16,15,2,65.66,213
KVL-03,2026-06-16,17,2,30.55,142
KVL-03,2026-06-16,18,1,27.29,73
KVL-03,2026-06-16,19,1,8.37,80
KVL-03,2026-06-17,0,2,63.14,176
KVL-03,2026-06-17,5,1,30.87,81
KVL-03,2026-06-17,7,2,56.36,139
KVL-03,2026-06-17,8,1,14.91,40
KVL-03,2026-06-17,10,1,3.02,65
KVL-03,2026-06-17,12,2,38.84,136
KVL-03,2026-06-17,13,2,33.78,170
KVL-03,2026-06-17,14,1,36.87,112
KVL-03,2026-06-17,15,1,31.84,102
KVL-03,2026-06-17,17,2,54.41,169
KVL-03,2026-06-17,18,1,26.13,66
KVL-03,2026-06-17,19,1,27.76,78
KVL-03,2026-06-17,20,2,37.53,123
KVL-03,2026-06-17,21,2,21.47,116
KVL-03,2026-06-17,22,2,56.14,161
KVL-03,2026-06-17,23,1,19.42,68
KVL-03,2026-06-18,2,1,8.45,81
KVL-03,2026-06-18,4,1,16.48,39
KVL-03,2026-06-18,5,1,19.68,55
KVL-03,2026-06-18,6,2,34.18,93
KVL-03,2026-06-18,7,2,70.27,214
KVL-03,2026-06-18,9,2,19.0,101
KVL-03,2026-06-18,10,2,11.4,108
KVL-03,2026-06-18,11,1,16.07,49
KVL-03,2026-06-18,12,2,29.39,161
KVL-03,2026-06-18,13,1,22.38,56
KVL-03,2026-06-18,14,1,29.5,81
KVL-03,2026-06-18,15,2,39.99,150
KVL-03,2026-06-18,16,1,35.5,110
KVL-03,2026-06-18,17,1,28.32,83
KVL-03,2026-06-18,19,1,32.96,91
KVL-03,2026-06-18,20,2,42.45,119
KVL-03,2026-06-19,0,1,26.07,70
KVL-03,2026-06-19,2,1,19.32,63
KVL-03,2026-06-19,5,1,6.68,64
KVL-03,2026-06-19,6,1,3.36,72
KVL-03,2026-06-19,7,2,39.61,109
KVL-03,2026-06-19,8,2,63.97,216
KVL-03,2026-06-19,9,1,29.89,77
KVL-03,2026-06-19,10,1,25.1,79
KVL-03,2026-06-19,11,1,22.56,59
KVL-03,2026-06-19,12,2,38.36,179
KVL-03,2026-06-19,13,2,58.33,166
KVL-03,2026-06-19,15,1,9.49,91
KVL-03,2026-06-19,17,2,53.12,149
KVL-03,2026-06-19,18,2,54.17,183
KVL-03,2026-06-19,19,1,19.14,55
KVL-03,2026-06-19,20,1,27.68,92
KVL-03,2026-06-19,21,1,20.87,55
KVL-03,2026-06-19,23,1,7.78,74
KVL-03,2026-06-20,5,2,26.2,115
KVL-03,2026-06-20,6,2,54.38,135
KVL-03,2026-06-20,8,1,6.23,59
KVL-03,2026-06-20,9,2,39.82,115
KVL-03,2026-06-20,10,2,43.75,110
KVL-03,2026-06-20,11,2,37.55,105
KVL-03,2026-06-20,12,1,28.03,81
KVL-03,2026-06-20,13,1,32.86,93
KVL-03,2026-06-20,14,2,33.57,158
KVL-03,2026-06-20,15,1,26.31,77
KVL-03,2026-06-20,16,1,30.21,91
KVL-03,2026-06-20,17,1,8.98,86
KVL-03,2026-06-20,19,2,50.14,151
KVL-03,2026-06-20,20,2,51.36,143
KVL-03,2026-06-20,21,2,61.01,173
KVL-03,2026-06-21,2,1,33.61,121
KVL-03,2026-06-21,6,2,15.1,144
KVL-03,2026-06-21,7,1,18.05,45
KVL-03,2026-06-21,8,2,58.95,171
KVL-03,2026-06-21,9,2,71.2,202
KVL-03,2026-06-21,11,2,61.1,166
KVL-03,2026-06-21,14,1,28.01,83
KVL-03,2026-06-21,15,2,9.74,132
KVL-03,2026-06-21,16,2,32.66,160
KVL-03,2026-06-21,17,1,3.1,66
KVL-03,2026-06-21,18,2,63.55,170
KVL-03,2026-06-21,19,1,23.16,56
KVL-03,2026-06-21,20,2,33.3,97
KVL-03,2026-06-21,21,1,30.89,85
KVL-03,2026-06-22,7,2,45.6,147
KVL-03,2026-06-22,8,1,7.76,74
KVL-03,2026-06-22,9,1,20.31,69
KVL-03,2026-06-22,10,2,23.89,106
KVL-03,2026-06-22,12,1,32.74,112
KVL-03,2026-06-22,13,1,37.45,109
KVL-03,2026-06-22,14,1,23.46,71
KVL-03,2026-06-22,15,1,35.73,97
KVL-03,2026-06-22,16,1,29.88,79
KVL-03,2026-06-22,17,2,28.6,130
KVL-03,2026-06-22,18,2,51.99,151
KVL-03,2026-06-22,20,1,29.29,96
KVL-03,2026-06-22,21,1,37.56,92
KVL-03,2026-06-23,0,1,34.85,96
KVL-03,2026-06-23,7,1,29.54,72
KVL-03,2026-06-23,8,1,31.28,93
KVL-03,2026-06-23,10,2,48.65,159
KVL-03,2026-06-23,11,1,27.37,76
KVL-03,2026-06-23,12,2,34.4,176
KVL-03,2026-06-23,14,1,27.12,81
KVL-03,2026-06-23,15,1,36.9,101
KVL-03,2026-06-23,16,1,9.38,89
KVL-03,2026-06-23,17,2,38.38,166
KVL-03,2026-06-23,19,2,72.16,247
KVL-03,2026-06-23,21,1,36.49,127
KVL-03,2026-06-24,0,1,34.4,83
KVL-03,2026-06-24,4,1,9.11,87
KVL-03,2026-06-24,7,1,18.32,52
KVL-03,2026-06-24,8,2,47.19,155
KVL-03,2026-06-24,9,1,21.5,77
KVL-03,2026-06-24,10,2,19.62,109
KVL-03,2026-06-24,11,2,60.44,166
KVL-03,2026-06-24,12,1,15.4,46
KVL-03,2026-06-24,13,2,51.66,137
KVL-03,2026-06-24,15,1,14.37,37
KVL-03,2026-06-24,16,2,48.34,123
KVL-03,2026-06-24,18,1,24.99,60
KVL-03,2026-06-24,19,2,39.75,102
KVL-03,2026-06-24,21,1,30.89,91
KVL-03,2026-06-25,0,2,61.78,174
KVL-03,2026-06-25,1,1,20.86,49
KVL-03,2026-06-25,6,2,62.88,193
KVL-03,2026-06-25,7,1,22.92,71
KVL-03,2026-06-25,8,1,30.8,104
KVL-03,2026-06-25,9,1,35.16,118
KVL-03,2026-06-25,10,1,33.46,103
KVL-03,2026-06-25,11,1,5.4,52
KVL-03,2026-06-25,13,2,52.26,148
KVL-03,2026-06-25,14,1,29.22,75
KVL-03,2026-06-25,15,1,23.97,57
KVL-03,2026-06-25,16,1,23.91,69
KVL-03,2026-06-25,17,1,22.46,75
KVL-03,2026-06-25,19,1,26.12,67
KVL-03,2026-06-25,20,2,61.72,152
KVL-03,2026-06-25,22,1,6.8,65
KVL-03,2026-06-25,23,1,9.46,90
KVL-03,2026-06-26,5,1,32.13,83
KVL-03,2026-06-26,6,1,14.33,42
KVL-03,2026-06-26,7,2,53.68,160
KVL-03,2026-06-26,8,1,14.54,39
KVL-03,2026-06-26,9,2,48.88,172
KVL-03,2026-06-26,11,1,28.79,99
KVL-03,2026-06-26,12,1,9.18,88
KVL-03,2026-06-26,13,2,59.18,206
KVL-03,2026-06-26,16,2,28.17,139
KVL-03,2026-06-26,17,2,61.79,209
KVL-03,2026-06-26,19,2,30.61,79
KVL-03,2026-06-26,20,2,29.22,142
KVL-03,2026-06-26,21,1,9.55,91
KVL-03,2026-06-26,22,1,14.93,35
KVL-03,2026-06-27,4,1,5.73,55
KVL-03,2026-06-27,6,1,33.18,79
KVL-03,2026-06-27,7,1,21.59,61
KVL-03,2026-06-27,8,1,9.44,90
KVL-03,2026-06-27,9,1,21.75,51
KVL-03,2026-06-27,10,2,38.54,119
KVL-03,2026-06-27,11,2,74.22,217
KVL-03,2026-06-27,14,1,24.39,67
KVL-03,2026-06-27,15,1,16.48,43
KVL-03,2026-06-27,16,1,23.54,57
KVL-03,2026-06-27,17,1,29.21,89
KVL-03,2026-06-27,18,2,28.59,128
KVL-03,2026-06-27,19,2,59.27,186
KVL-03,2026-06-27,21,1,14.98,47
KVL-03,2026-06-27,22,2,70.29,208
KVL-03,2026-06-28,0,1,23.65,64
KVL-03,2026-06-28,6,2,48.79,143
KVL-03,2026-06-28,7,2,41.59,120
KVL-03,2026-06-28,8,1,33.19,117
KVL-03,2026-06-28,9,1,26.66,63
KVL-03,2026-06-28,10,2,60.83,187
KVL-03,2026-06-28,11,1,29.35,83
KVL-03,2026-06-28,12,1,28.91,85
KVL-03,2026-06-28,13,1,20.11,54
KVL-03,2026-06-28,14,2,59.09,170
KVL-03,2026-06-28,15,2,59.03,152
KVL-03,2026-06-28,16,1,25.2,68
KVL-03,2026-06-28,17,1,18.44,62
KVL-03,2026-06-28,18,2,37.26,112
KVL-03,2026-06-28,19,3,55.1,185
KVL-03,2026-06-28,20,1,31.12,88
KVL-03,2026-06-28,21,1,9.64,92
KVL-03,2026-06-28,22,1,26.96,95
KVL-03,2026-06-29,1,1,24.48,87
KVL-03,2026-06-29,2,1,24.47,77
KVL-03,2026-06-29,3,1,30.67,88
KVL-03,2026-06-29,6,2,34.2,105
KVL-03,2026-06-29,7,1,19.24,59
KVL-03,2026-06-29,8,2,54.09,178
KVL-03,2026-06-29,10,2,52.58,156
KVL-03,2026-06-29,11,1,20.54,67
KVL-03,2026-06-29,12,3,62.34,158
KVL-03,2026-06-29,14,1,36.94,92
KVL-03,2026-06-29,15,1,36.8,108
KVL-03,2026-06-29,16,1,22.21,54
KVL-03,2026-06-29,17,2,58.87,167
KVL-03,2026-06-29,18,1,37.45,118
KVL-03,2026-06-29,19,1,22.64,81
KVL-03,2026-06-29,20,2,53.81,171
KVL-03,2026-06-29,22,2,43.8,112
KVL-03,2026-06-30,5,1,27.53,65
KVL-03,2026-06-30,6,2,34.93,156
KVL-03,2026-06-30,7,1,36.07,99
KVL-03,2026-06-30,9,2,34.66,87
KVL-03,2026-06-30,11,1,32.66,83
KVL-03,2026-06-30,12,2,23.35,114
KVL-03,2026-06-30,13,2,53.96,152
KVL-03,2026-06-30,14,1,20.8,52
KVL-03,2026-06-30,15,2,37.65,93
KVL-03,2026-06-30,16,2,53.47,168
KVL-03,2026-06-30,17,1,34.62,107
KVL-03,2026-06-30,19,2,52.51,146
KVL-03,2026-06-30,20,1,32.41,79
KVL-03,2026-06-30,21,1,20.42,56
KVL-03,2026-06-30,22,1,18.59,48
KVL-03,2026-06-30,23,1,16.17,42
KVL-03,2026-07-01,0,1,16.01,50
KVL-03,2026-07-01,6,2,28.47,154
KVL-03,2026-07-01,7,1,33.41,112
KVL-03,2026-07-01,8,1,5.63,54
KVL-03,2026-07-01,9,1,31.82,114
KVL-03,2026-07-01,10,1,9.96,95
KVL-03,2026-07-01,11,2,36.83,103
KVL-03,2026-07-01,14,2,54.98,137
KVL-03,2026-07-01,16,1,34.37,105
KVL-03,2026-07-01,18,2,55.97,169
KVL-03,2026-07-01,20,1,24.41,60
KVL-03,2026-07-01,21,1,14.69,51
KVL-03,2026-07-02,5,1,14.86,36
KVL-03,2026-07-02,6,1,7.99,76
KVL-03,2026-07-02,8,2,46.36,126
KVL-03,2026-07-02,10,2,44.55,128
KVL-03,2026-07-02,11,1,36.24,118
KVL-03,2026-07-02,12,1,1.97,42
KVL-03,2026-07-02,13,2,42.81,119
KVL-03,2026-07-02,14,2,70.54,208
KVL-03,2026-07-02,16,2,53.93,150
KVL-03,2026-07-02,17,1,7.2,69
KVL-03,2026-07-02,18,2,42.49,171
KVL-03,2026-07-03,4,1,36.36,87
KVL-03,2026-07-03,7,2,54.47,159
KVL-03,2026-07-03,8,1,36.11,97
KVL-03,2026-07-03,9,2,52.35,162
KVL-03,2026-07-03,10,2,43.49,116
KVL-03,2026-07-03,11,1,31.0,74
KVL-03,2026-07-03,12,1,37.99,100
KVL-03,2026-07-03,13,2,54.62,149
KVL-03,2026-07-03,15,2,55.76,155
KVL-03,2026-07-03,16,1,24.09,70
KVL-03,2026-07-03,17,1,18.63,45
KVL-03,2026-07-03,18,2,61.9,165
KVL-03,2026-07-03,19,1,18.29,48
KVL-03,2026-07-03,21,2,32.28,149
KVL-03,2026-07-04,2,2,41.46,112
KVL-03,2026-07-04,5,1,33.24,92
KVL-03,2026-07-04,6,1,24.4,65
KVL-03,2026-07-04,8,2,48.68,141
KVL-03,2026-07-04,9,2,63.88,182
KVL-03,2026-07-04,10,1,7.98,76
KVL-03,2026-07-04,12,2,53.76,182
KVL-03,2026-07-04,13,1,16.78,55
KVL-03,2026-07-04,14,2,55.5,172
KVL-03,2026-07-04,15,1,25.86,72
KVL-03,2026-07-04,16,2,49.23,129
KVL-03,2026-07-04,17,1,27.64,88
KVL-03,2026-07-04,19,2,57.19,141
KVL-03,2026-07-04,20,2,53.3,141
KVL-03,2026-07-04,21,1,36.4,110
KVL-03,2026-07-05,2,1,27.21,75
KVL-03,2026-07-05,4,2,39.6,108
KVL-03,2026-07-05,6,2,46.72,136
KVL-03,2026-07-05,7,1,31.94,79
KVL-03,2026-07-05,9,2,49.24,135
KVL-03,2026-07-05,10,2,43.1,119
KVL-03,2026-07-05,11,2,35.82,99
KVL-03,2026-07-05,12,2,58.12,169
KVL-03,2026-07-05,14,2,54.79,153
KVL-03,2026-07-05,15,1,19.39,52
KVL-03,2026-07-05,16,2,47.95,167
KVL-03,2026-07-05,21,2,56.31,164
KVL-03,2026-07-05,23,2,59.96,179
KVL-03,2026-07-06,2,1,27.9,86
KVL-03,2026-07-06,3,1,6.67,64
KVL-03,2026-07-06,6,1,36.45,113
KVL-03,2026-07-06,7,1,7.79,74
KVL-03,2026-07-06,8,2,47.7,145
KVL-03,2026-07-06,9,1,33.42,96
KVL-03,2026-07-06,10,1,15.31,46
KVL-03,2026-07-06,11,2,27.73,115
KVL-03,2026-07-06,12,2,68.16,198
KVL-03,2026-07-06,14,1,20.01,54
KVL-03,2026-07-06,15,2,54.2,135
KVL-03,2026-07-06,16,2,23.49,107
KVL-03,2026-07-06,17,2,38.02,103
KVL-03,2026-07-06,18,2,62.03,155
KVL-03,2026-07-06,19,1,5.73,55
KVL-03,2026-07-06,20,1,18.49,51
KVL-03,2026-07-06,22,1,21.38,76
KVL-03,2026-07-07,4,2,36.6,162
KVL-03,2026-07-07,6,1,32.62,86
KVL-03,2026-07-07,7,1,35.43,90
KVL-03,2026-07-07,8,1,29.0,76
KVL-03,2026-07-07,9,1,35.0,105
KVL-03,2026-07-07,10,1,31.8,86
KVL-03,2026-07-07,11,1,34.32,84
KVL-03,2026-07-07,12,1,23.69,59
KVL-03,2026-07-07,13,1,25.75,72
KVL-03,2026-07-07,14,1,7.84,75
KVL-03,2026-07-07,15,1,25.44,69
KVL-03,2026-07-07,16,2,52.75,166
KVL-03,2026-07-07,17,1,6.92,66
KVL-03,2026-07-07,18,2,58.37,185
KVL-03,2026-07-07,19,1,28.14,80
KVL-03,2026-07-07,20,1,34.47,86
KVL-03,2026-07-07,21,1,16.97,53
KVL-03,2026-07-07,22,1,30.95,82
KVL-03,2026-07-08,0,1,14.89,42
KVL-03,2026-07-08,3,2,41.48,174
KVL-03,2026-07-08,7,1,18.84,54
KVL-03,2026-07-08,8,1,9.23,88
KVL-03,2026-07-08,9,1,14.45,36
KVL-03,2026-07-08,10,1,24.62,66
KVL-03,2026-07-08,12,2,42.86,145
KVL-03,2026-07-08,13,1,14.85,41
KVL-03,2026-07-08,15,2,59.05,199
KVL-03,2026-07-08,18,1,37.59,106
KVL-03,2026-07-08,19,1,25.28,66
KVL-03,2026-07-08,22,2,44.58,135
KVL-03,2026-07-09,4,1,7.29,70
KVL-03,2026-07-09,5,1,35.54,128
KVL-03,2026-07-09,6,1,5.39,51
KVL-03,2026-07-09,8,1,21.12,60
KVL-03,2026-07-09,9,1,22.74,70
KVL-03,2026-07-09,10,2,22.62,104
KVL-03,2026-07-09,11,2,34.02,147
KVL-03,2026-07-09,12,1,16.01,56
KVL-03,2026-07-09,14,2,33.6,152
KVL-03,2026-07-09,15,1,22.66,73
KVL-03,2026-07-09,17,3,47.6,178
KVL-03,2026-07-09,19,2,53.23,140
KVL-03,2026-07-09,20,1,30.08,78
KVL-03,2026-07-09,21,1,18.1,63
KVL-03,2026-07-10,0,2,25.59,115
KVL-03,2026-07-10,1,1,16.8,58
KVL-03,2026-07-10,2,1,31.13,83
KVL-03,2026-07-10,5,1,15.88,43
KVL-03,2026-07-10,6,1,32.59,77
KVL-03,2026-07-10,7,1,30.84,74
KVL-03,2026-07-10,9,2,28.64,137
KVL-03,2026-07-10,10,1,5.71,54
KVL-03,2026-07-10,11,2,33.4,101
KVL-03,2026-07-10,12,1,35.05,90
KVL-03,2026-07-10,13,2,63.94,180
KVL-03,2026-07-10,14,1,35.7,122
KVL-03,2026-07-10,15,1,19.26,60
KVL-03,2026-07-10,16,1,19.56,65
KVL-03,2026-07-10,17,1,14.56,52
KVL-03,2026-07-10,18,2,44.02,137
KVL-03,2026-07-10,19,2,69.59,201
KVL-03,2026-07-10,21,2,62.21,204
KVL-03,2026-07-10,23,1,25.0,78
KVL-03,2026-07-11,2,2,31.38,145
KVL-03,2026-07-11,4,1,35.66,108
KVL-03,2026-07-11,7,2,54.26,159
KVL-03,2026-07-11,8,2,43.92,170
KVL-03,2026-07-11,9,1,17.92,44
KVL-03,2026-07-11,10,2,61.15,172
KVL-03,2026-07-11,11,1,35.71,103
KVL-03,2026-07-11,12,1,17.65,61
KVL-03,2026-07-11,13,2,58.96,160
KVL-03,2026-07-11,15,2,30.04,142
KVL-03,2026-07-11,16,2,68.0,181
KVL-03,2026-07-11,18,2,49.16,134
KVL-03,2026-07-11,19,1,23.39,65
KVL-03,2026-07-11,21,2,69.63,225
KVL-03,2026-07-12,1,1,32.15,76
KVL-03,2026-07-12,5,1,19.63,48
KVL-03,2026-07-12,6,2,70.24,214
KVL-03,2026-07-12,8,2,58.1,181
KVL-03,2026-07-12,10,2,38.61,133
KVL-03,2026-07-12,11,2,53.06,131
KVL-03,2026-07-12,12,1,27.34,81
KVL-03,2026-07-12,13,1,14.19,47
KVL-03,2026-07-12,15,3,60.43,167
KVL-03,2026-07-12,16,1,31.02,87
KVL-03,2026-07-12,17,2,60.14,161
KVL-03,2026-07-12,19,2,50.64,142
KVL-03,2026-07-12,20,2,41.4,157
KVL-03,2026-07-12,22,1,17.79,59
KVL-03,2026-07-13,0,2,30.16,128
KVL-03,2026-07-13,1,1,22.49,80
KVL-03,2026-07-13,6,1,23.73,58
KVL-03,2026-07-13,9,2,31.29,119
KVL-03,2026-07-13,10,3,64.9,196
KVL-03,2026-07-13,11,1,24.83,85
KVL-03,2026-07-13,12,1,22.46,79
KVL-03,2026-07-13,13,1,27.31,86
KVL-03,2026-07-13,15,1,23.21,63
KVL-03,2026-07-13,16,2,62.51,180
KVL-03,2026-07-13,18,2,56.75,170
KVL-03,2026-07-13,19,2,68.81,185
KVL-03,2026-07-13,20,1,32.29,117
KVL-03,2026-07-14,1,1,15.61,48
KVL-03,2026-07-14,3,1,33.14,98
KVL-03,2026-07-14,5,1,22.27,68
KVL-03,2026-07-14,6,1,17.17,61
KVL-03,2026-07-14,8,1,32.41,88
KVL-03,2026-07-14,9,1,28.39,68
KVL-03,2026-07-14,11,1,18.3,61
KVL-03,2026-07-14,12,1,33.5,118
KVL-03,2026-07-14,13,1,34.73,101
KVL-03,2026-07-14,14,2,44.43,118
KVL-03,2026-07-14,16,1,8.05,77
KVL-03,2026-07-14,17,1,25.88,76
KVL-03,2026-07-14,18,1,35.67,127
KVL-03,2026-07-14,19,1,30.48,77
KVL-03,2026-07-14,20,1,24.41,61
KVL-03,2026-07-14,22,1,32.72,108
KVL-03,2026-07-15,0,1,18.62,66
KVL-03,2026-07-15,3,1,24.21,61
KVL-03,2026-07-15,4,2,44.55,180
KVL-03,2026-07-15,5,1,19.09,60
KVL-03,2026-07-15,6,2,50.34,160
KVL-03,2026-07-15,7,1,23.1,59
KVL-03,2026-07-15,8,1,28.01,94
KVL-03,2026-07-15,9,2,64.92,213
KVL-03,2026-07-15,11,1,17.43,59
KVL-03,2026-07-15,12,2,31.89,129
KVL-03,2026-07-15,13,1,32.57,81
KVL-03,2026-07-15,14,1,32.78,103
KVL-03,2026-07-15,15,1,19.2,61
KVL-03,2026-07-15,16,2,25.58,128
KVL-03,2026-07-15,17,2,52.25,156
KVL-03,2026-07-15,18,1,19.64,47
KVL-03,2026-07-15,19,2,55.97,139
KVL-03,2026-07-15,20,1,19.53,61
KVL-03,2026-07-15,21,1,15.75,54
KVL-03,2026-07-15,22,1,36.06,90
KVL-03,2026-07-15,23,1,28.01,81
KVL-03,2026-07-16,0,2,38.07,108
KVL-03,2026-07-16,6,2,54.49,165
KVL-03,2026-07-16,7,1,35.54,128
KVL-03,2026-07-16,8,1,7.91,75
KVL-03,2026-07-16,9,2,46.28,188
KVL-03,2026-07-16,11,2,54.46,170
KVL-03,2026-07-16,12,1,34.07,88
KVL-03,2026-07-16,13,1,14.97,36
KVL-03,2026-07-16,14,2,53.87,160
KVL-03,2026-07-16,17,2,51.11,165
KVL-03,2026-07-16,18,1,24.0,84
KVL-03,2026-07-16,19,2,22.78,108
KVL-03,2026-07-16,21,2,43.3,121
KVL-03,2026-07-17,0,1,36.4,125
KVL-03,2026-07-17,6,1,6.22,59
KVL-03,2026-07-17,7,2,49.19,151
KVL-03,2026-07-17,8,1,18.11,54
KVL-03,2026-07-17,9,1,36.65,99
KVL-03,2026-07-17,11,2,40.33,169
KVL-03,2026-07-17,13,2,49.77,144
KVL-03,2026-07-17,14,1,34.27,90
KVL-03,2026-07-17,15,1,25.54,71
KVL-03,2026-07-17,16,2,35.52,158
KVL-03,2026-07-17,17,1,32.87,111
KVL-03,2026-07-17,18,1,29.72,73
KVL-03,2026-07-17,19,2,39.58,179
KVL-03,2026-07-17,21,2,48.52,128
KVL-03,2026-07-17,23,2,45.2,185
KVL-03,2026-07-18,6,1,31.71,93
KVL-03,2026-07-18,7,1,24.55,83
KVL-03,2026-07-18,8,1,23.94,81
KVL-03,2026-07-18,9,2,71.77,225
KVL-03,2026-07-18,11,1,28.8,79
KVL-03,2026-07-18,12,1,18.32,46
KVL-03,2026-07-18,13,2,35.32,144
KVL-03,2026-07-18,14,1,6.25,60
KVL-03,2026-07-18,15,2,42.02,129
KVL-03,2026-07-18,17,2,56.67,170
KVL-03,2026-07-18,19,2,48.94,167
KVL-03,2026-07-18,20,1,37.81,106
KVL-03,2026-07-18,22,1,34.88,110
KVL-03,2026-07-18,23,1,30.47,78
KVL-03,2026-07-19,0,1,9.3,89
KVL-03,2026-07-19,2,1,34.42,90
KVL-03,2026-07-19,3,1,34.14,109
KVL-03,2026-07-19,4,1,31.1,76
KVL-03,2026-07-19,6,2,35.82,152
KVL-03,2026-07-19,7,1,36.54,128
KVL-03,2026-07-19,8,1,22.88,64
KVL-03,2026-07-19,9,2,31.12,110
KVL-03,2026-07-19,11,1,25.14,87
KVL-03,2026-07-19,12,1,27.68,78
KVL-03,2026-07-19,13,2,47.11,128
KVL-03,2026-07-19,15,2,34.97,91
KVL-03,2026-07-19,16,1,21.35,57
KVL-03,2026-07-19,17,1,23.36,80
KVL-03,2026-07-19,18,1,35.11,112
KVL-03,2026-07-19,19,1,27.27,82
KVL-03,2026-07-19,20,1,8.84,84
KVL-03,2026-07-19,22,1,3.49,75
KVL-03,2026-07-19,23,1,26.08,87
KVL-03,2026-07-20,0,1,37.97,136
KVL-03,2026-07-20,5,1,23.36,78
KVL-03,2026-07-20,6,1,28.91,97
KVL-03,2026-07-20,7,1,16.72,59
KVL-03,2026-07-20,8,2,22.42,123
KVL-03,2026-07-20,9,1,20.13,51
KVL-03,2026-07-20,10,1,37.09,100
KVL-03,2026-07-20,11,1,20.92,54
KVL-03,2026-07-20,12,2,35.24,152
KVL-03,2026-07-20,13,1,30.73,77
KVL-03,2026-07-20,14,2,43.45,125
KVL-03,2026-07-20,15,1,31.11,93
KVL-03,2026-07-20,16,1,32.4,101
KVL-03,2026-07-20,17,1,18.32,47
KVL-03,2026-07-20,18,2,43.54,136
KVL-03,2026-07-20,19,2,37.88,116
KVL-03,2026-07-20,20,1,21.21,60
KVL-03,2026-07-20,23,1,31.95,96
KVL-03,2026-07-21,6,1,27.93,72
KVL-03,2026-07-21,7,1,29.05,90
KVL-03,2026-07-21,9,1,26.34,66
KVL-03,2026-07-21,10,3,82.18,242
KVL-03,2026-07-21,12,2,48.49,129
KVL-03,2026-07-21,14,2,62.57,193
KVL-03,2026-07-21,15,1,28.06,78
KVL-03,2026-07-21,16,1,19.82,51
KVL-03,2026-07-21,17,1,34.12,105
KVL-03,2026-07-21,18,1,22.67,54
KVL-03,2026-07-21,19,2,62.24,209
KVL-03,2026-07-21,21,1,23.7,85
KVL-03,2026-07-22,1,1,27.15,72
KVL-03,2026-07-22,6,1,15.76,40
KVL-03,2026-07-22,7,2,55.16,176
KVL-03,2026-07-22,8,1,20.02,63
KVL-03,2026-07-22,9,2,51.79,159
KVL-03,2026-07-22,10,1,30.45,78
KVL-03,2026-07-22,11,1,28.44,67
KVL-03,2026-07-22,12,1,16.44,59
KVL-03,2026-07-22,15,1,34.37,109
KVL-03,2026-07-22,16,1,5.53,53
KVL-03,2026-07-22,17,2,45.52,142
KVL-03,2026-07-22,18,1,22.26,76
KVL-03,2026-07-22,20,2,53.16,168
KVL-03,2026-07-22,22,2,48.88,137
KVL-03,2026-07-22,23,1,37.1,95
KVL-03,2026-07-23,2,1,27.91,95
KVL-03,2026-07-23,4,1,15.13,38
KVL-03,2026-07-23,5,2,46.86,123
KVL-03,2026-07-23,6,1,29.05,69
KVL-03,2026-07-23,7,1,24.9,61
KVL-03,2026-07-23,8,2,56.09,149
KVL-03,2026-07-23,9,1,37.74,95
KVL-03,2026-07-23,11,1,22.16,69
KVL-03,2026-07-23,12,1,28.18,69
KVL-03,2026-07-23,13,1,14.81,35
KVL-03,2026-07-23,14,2,70.78,202
KVL-03,2026-07-23,16,1,37.99,94
KVL-03,2026-07-23,18,2,66.62,174
KVL-03,2026-07-23,19,1,5.99,57
KVL-03,2026-07-23,20,1,2.48,53
KVL-03,2026-07-23,21,2,60.44,174
KVL-03,2026-07-24,5,1,5.88,56
KVL-03,2026-07-24,6,2,45.2,147
KVL-03,2026-07-24,10,1,20.4,71
KVL-03,2026-07-24,11,2,50.49,131
KVL-03,2026-07-24,12,1,32.23,76
KVL-03,2026-07-24,14,1,31.8,79
KVL-03,2026-07-24,16,1,35.2,108
KVL-03,2026-07-24,19,2,14.32,137
KVL-03,2026-07-24,20,1,29.99,91
KVL-03,2026-07-25,0,1,21.68,53
KVL-03,2026-07-25,1,1,31.75,110
KVL-03,2026-07-25,4,2,59.38,161
KVL-03,2026-07-25,6,2,41.66,153
KVL-03,2026-07-25,7,1,15.59,44
KVL-03,2026-07-25,8,2,37.86,102
KVL-03,2026-07-25,10,1,34.1,114
KVL-03,2026-07-25,12,1,15.73,44
KVL-03,2026-07-25,13,1,24.7,67
KVL-03,2026-07-25,15,2,56.76,156
KVL-03,2026-07-25,16,2,58.46,166
KVL-03,2026-07-25,17,1,9.85,94
KVL-03,2026-07-25,18,1,37.77,130
KVL-03,2026-07-25,19,1,37.79,93
KVL-03,2026-07-25,23,2,67.64,232
KVL-03,2026-07-26,0,2,40.59,158
KVL-03,2026-07-26,3,1,22.56,55
KVL-03,2026-07-26,6,1,29.03,74
KVL-03,2026-07-26,7,2,39.75,171
KVL-03,2026-07-26,8,1,30.25,76
KVL-03,2026-07-26,9,1,6.41,61
KVL-03,2026-07-26,10,1,36.38,110
KVL-03,2026-07-26,11,1,26.52,63
KVL-03,2026-07-26,12,2,46.35,127
KVL-03,2026-07-26,13,1,27.48,96
KVL-03,2026-07-26,14,1,30.87,84
KVL-03,2026-07-26,16,2,42.25,159
KVL-03,2026-07-26,17,2,43.1,141
KVL-03,2026-07-26,18,2,43.22,106
KVL-03,2026-07-26,19,1,20.84,70
KVL-03,2026-07-26,20,2,36.06,104
KVL-03,2026-07-26,21,1,30.63,85
KVL-03,2026-07-26,22,2,57.38,168
KVL-03,2026-07-27,7,1,26.22,64
KVL-03,2026-07-27,8,1,7.05,67
KVL-03,2026-07-27,9,1,5.05,48
KVL-03,2026-07-27,11,1,6.85,65
KVL-03,2026-07-27,12,2,26.58,136
KVL-03,2026-07-27,13,2,53.9,167
KVL-03,2026-07-27,16,2,60.29,166
KVL-03,2026-07-27,17,1,14.29,49
KVL-03,2026-07-27,18,2,32.53,91
KVL-03,2026-07-27,19,2,69.12,170
KVL-03,2026-07-27,21,1,14.18,40
KVL-03,2026-07-28,2,1,9.26,88
KVL-03,2026-07-28,6,1,32.0,104
KVL-03,2026-07-28,7,1,26.14,79
KVL-03,2026-07-28,8,1,7.87,75
KVL-03,2026-07-28,9,1,17.23,49
KVL-03,2026-07-28,11,2,41.19,118
KVL-03,2026-07-28,12,1,24.83,68
KVL-03,2026-07-28,13,1,19.83,56
KVL-03,2026-07-28,14,1,15.29,38
KVL-03,2026-07-28,15,1,32.87,77
KVL-03,2026-07-28,17,2,66.13,161
KVL-03,2026-07-28,18,1,30.15,86
KVL-03,2026-07-28,20,2,21.51,91
KVL-03,2026-07-28,21,1,36.8,109
KVL-03,2026-07-28,23,2,50.69,136
KVL-03,2026-07-29,0,2,51.06,138
KVL-03,2026-07-29,5,1,31.52,81
KVL-03,2026-07-29,6,2,40.0,133
KVL-03,2026-07-29,7,1,29.32,79
KVL-03,2026-07-29,8,1,31.37,110
KVL-03,2026-07-29,9,1,37.78,136
KVL-03,2026-07-29,10,2,49.02,143
KVL-03,2026-07-29,11,1,6.68,64
KVL-03,2026-07-29,12,1,7.42,71
KVL-03,2026-07-29,13,1,15.86,39
KVL-03,2026-07-29,14,1,16.35,45
KVL-03,2026-07-29,15,1,22.88,55
KVL-03,2026-07-29,16,2,48.02,151
KVL-03,2026-07-29,17,1,31.96,75
KVL-03,2026-07-29,18,1,22.7,72
KVL-03,2026-07-29,20,1,21.18,60
KVL-03,2026-07-29,21,2,61.03,170
KVL-03,2026-07-29,23,2,60.13,172
KVL-03,2026-07-30,3,1,30.82,102
KVL-03,2026-07-30,4,1,33.28,80
KVL-03,2026-07-30,6,2,44.29,115
KVL-03,2026-07-30,7,2,68.67,210
KVL-03,2026-07-30,9,2,45.86,120
KVL-03,2026-07-30,10,1,32.59,98
KVL-03,2026-07-30,11,2,56.87,178
KVL-03,2026-07-30,13,2,42.41,132
KVL-03,2026-07-30,15,1,25.31,68
KVL-03,2026-07-30,16,2,61.34,172
KVL-03,2026-07-30,17,1,21.23,76
KVL-03,2026-07-30,18,2,34.34,112
KVL-03,2026-07-30,19,1,14.05,38
KVL-03,2026-07-30,20,2,36.35,105
KVL-03,2026-07-30,21,1,36.2,85
KVL-03,2026-07-31,2,1,19.42,68
KVL-03,2026-07-31,6,1,14.61,41
KVL-03,2026-07-31,7,2,39.09,110
KVL-03,2026-07-31,9,2,61.21,193
KVL-03,2026-07-31,10,1,19.75,54
KVL-03,2026-07-31,12,2,31.5,130
KVL-03,2026-07-31,13,2,30.67,132
KVL-03,2026-07-31,14,1,24.64,71
KVL-03,2026-07-31,15,2,31.01,133
KVL-03,2026-07-31,16,2,66.47,196
KVL-03,2026-07-31,18,2,54.84,167
KVL-03,2026-07-31,19,1,34.47,97
KVL-03,2026-07-31,20,1,25.94,74
KVL-03,2026-07-31,21,1,32.87,83
KVL-03,2026-07-31,22,2,63.17,185
KVL-03,2026-07-31,23,1,27.35,87
KVL-03,2026-08-01,0,1,5.25,50
KVL-03,2026-08-01,2,1,7.54,72
KVL-03,2026-08-01,4,1,36.14,86
KVL-03,2026-08-01,7,2,43.92,119
KVL-03,2026-08-01,8,1,22.97,58
KVL-03,2026-08-01,9,2,50.15,137
KVL-03,2026-08-01,10,1,33.75,101
KVL-03,2026-08-01,12,1,27.2,83
KVL-03,2026-08-01,13,1,28.36,78
KVL-03,2026-08-01,15,1,18.31,60
KVL-03,2026-08-01,16,1,27.35,74
KVL-03,2026-08-01,17,1,18.25,44
KVL-03,2026-08-01,18,2,53.83,141
KVL-03,2026-08-01,19,1,31.3,75
KVL-03,2026-08-01,20,1,21.12,68
KVL-03,2026-08-01,21,1,30.4,92
KVL-03,2026-08-01,23,1,22.19,73
KVL-03,2026-08-02,0,1,23.82,58
KVL-03,2026-08-02,6,1,28.47,83
KVL-03,2026-08-02,7,1,29.5,88
KVL-03,2026-08-02,9,2,64.88,174
KVL-03,2026-08-02,10,2,47.16,152
KVL-03,2026-08-02,11,1,32.81,84
KVL-03,2026-08-02,13,1,23.77,66
KVL-03,2026-08-02,14,1,28.45,85
KVL-03,2026-08-02,15,2,37.46,157
KVL-03,2026-08-02,16,1,27.54,65
KVL-03,2026-08-02,17,2,61.94,152
KVL-03,2026-08-02,19,2,55.04,152
KVL-03,2026-08-02,20,2,40.43,127
KVL-03,2026-08-02,22,1,16.66,43
KVL-03,2026-08-03,5,2,54.58,162
KVL-03,2026-08-03,6,1,22.46,73
KVL-03,2026-08-03,7,2,71.48,192
KVL-03,2026-08-03,9,2,67.25,188
KVL-03,2026-08-03,11,2,42.98,175
KVL-03,2026-08-03,12,2,60.43,178
KVL-03,2026-08-03,13,1,14.61,49
KVL-03,2026-08-03,14,1,34.17,81
KVL-03,2026-08-03,16,1,34.31,112
KVL-03,2026-08-03,17,1,6.7,64
KVL-03,2026-08-03,19,1,34.47,121
KVL-03,2026-08-03,22,1,33.58,95
KVL-03,2026-08-04,2,1,21.81,65
KVL-03,2026-08-04,4,1,22.33,60
KVL-03,2026-08-04,5,2,57.61,169
KVL-03,2026-08-04,6,1,17.5,50
KVL-03,2026-08-04,7,2,35.09,97
KVL-03,2026-08-04,8,2,53.33,153
KVL-03,2026-08-04,9,2,55.19,165
KVL-03,2026-08-04,11,2,53.58,128
KVL-03,2026-08-04,12,1,14.54,48
KVL-03,2026-08-04,13,2,53.37,163
KVL-03,2026-08-04,14,1,30.89,78
KVL-03,2026-08-04,15,1,33.44,86
KVL-03,2026-08-04,16,2,60.74,163
KVL-03,2026-08-04,17,1,8.31,79
KVL-03,2026-08-04,18,1,18.17,56
KVL-03,2026-08-04,19,3,77.44,221
KVL-03,2026-08-04,21,2,66.19,205
KVL-03,2026-08-05,7,2,55.83,151
KVL-03,2026-08-05,8,1,22.03,61
KVL-03,2026-08-05,9,2,51.44,131
KVL-03,2026-08-05,10,2,57.26,165
KVL-03,2026-08-05,12,3,52.08,209
KVL-03,2026-08-05,14,1,33.98,97
KVL-03,2026-08-05,15,2,57.47,173
KVL-03,2026-08-05,17,2,25.88,117
KVL-03,2026-08-05,20,2,67.81,198
KVL-03,2026-08-05,22,1,15.85,41
KVL-03,2026-08-05,23,2,66.48,194
KVL-03,2026-08-06,6,1,27.4,88
KVL-03,2026-08-06,8,2,54.79,142
KVL-03,2026-08-06,9,1,21.53,59
KVL-03,2026-08-06,10,2,58.6,183
KVL-03,2026-08-06,11,1,7.86,75
KVL-03,2026-08-06,12,1,7.99,76
KVL-03,2026-08-06,13,1,34.83,99
KVL-03,2026-08-06,14,2,39.59,170
KVL-03,2026-08-06,15,1,27.14,86
KVL-03,2026-08-06,16,1,27.52,96
KVL-03,2026-08-06,17,1,33.16,85
KVL-03,2026-08-06,18,1,18.94,56
KVL-03,2026-08-06,19,2,53.87,178
KVL-03,2026-08-06,20,1,19.16,59
KVL-03,2026-08-06,23,1,2.81,60
KVL-03,2026-08-07,2,2,28.77,117
KVL-03,2026-08-07,3,1,7.65,73
KVL-03,2026-08-07,6,1,24.31,64
KVL-03,2026-08-07,7,2,52.92,165
KVL-03,2026-08-07,8,2,39.79,133
KVL-03,2026-08-07,11,2,38.59,146
KVL-03,2026-08-07,12,2,50.15,145
KVL-03,2026-08-07,13,1,29.55,77
KVL-03,2026-08-07,14,1,16.64,47
KVL-03,2026-08-07,15,2,61.99,195
KVL-03,2026-08-07,17,2,60.31,182
KVL-03,2026-08-07,18,1,32.23,96
KVL-03,2026-08-07,19,1,37.92,90
KVL-03,2026-08-07,20,1,17.09,48
KVL-03,2026-08-07,21,1,7.42,71
KVL-03,2026-08-08,0,1,24.62,85
KVL-03,2026-08-08,6,2,45.92,144
KVL-03,2026-08-08,7,1,24.59,83
KVL-03,2026-08-08,8,1,21.86,59
KVL-03,2026-08-08,9,1,14.63,46
KVL-03,2026-08-08,10,1,37.77,118
KVL-03,2026-08-08,11,1,31.0,79
KVL-03,2026-08-08,12,2,36.53,160
KVL-03,2026-08-08,13,1,18.17,43
KVL-03,2026-08-08,14,2,63.03,161
KVL-03,2026-08-08,16,2,34.22,97
KVL-03,2026-08-08,17,1,29.57,75
KVL-03,2026-08-08,18,2,51.7,151
KVL-03,2026-08-08,19,2,59.93,176
KVL-03,2026-08-08,21,1,22.7,77
KVL-03,2026-08-08,22,2,44.02,182
KVL-03,2026-08-09,0,1,15.86,44
KVL-03,2026-08-09,3,2,52.53,132
KVL-03,2026-08-09,4,1,8.26,79
KVL-03,2026-08-09,8,2,45.02,205
KVL-03,2026-08-09,10,2,66.03,205
KVL-03,2026-08-09,12,1,25.88,89
KVL-03,2026-08-09,14,1,21.52,64
KVL-03,2026-08-09,15,2,51.13,130
KVL-03,2026-08-09,16,1,33.5,119
KVL-03,2026-08-09,17,1,6.66,64
KVL-03,2026-08-09,18,1,7.05,67
KVL-03,2026-08-09,19,1,19.2,64
KVL-03,2026-08-10,1,2,63.57,177
KVL-03,2026-08-10,3,1,36.74,110
KVL-03,2026-08-10,5,1,18.8,48
KVL-03,2026-08-10,7,1,35.4,87
KVL-03,2026-08-10,8,1,23.19,73
KVL-03,2026-08-10,9,2,55.83,149
KVL-03,2026-08-10,10,1,34.44,124
KVL-03,2026-08-10,11,1,20.55,49
KVL-03,2026-08-10,12,2,48.37,134
KVL-03,2026-08-10,13,2,30.49,125
KVL-03,2026-08-10,14,1,37.79,133
KVL-03,2026-08-10,16,2,46.83,140
KVL-03,2026-08-10,17,1,18.17,49
KVL-03,2026-08-10,19,2,35.99,161
KVL-03,2026-08-10,21,1,24.35,60
KVL-03,2026-08-11,6,1,19.23,56
KVL-03,2026-08-11,7,1,23.46,78
KVL-03,2026-08-11,9,2,47.84,114
KVL-03,2026-08-11,10,2,50.13,172
KVL-03,2026-08-11,12,2,52.63,139
KVL-03,2026-08-11,13,2,27.37,104
KVL-03,2026-08-11,14,1,6.92,66
KVL-03,2026-08-11,15,2,46.96,123
KVL-03,2026-08-11,16,1,30.35,108
KVL-03,2026-08-11,17,1,37.95,119
KVL-03,2026-08-11,18,1,19.03,52
KVL-03,2026-08-11,19,2,57.53,168
KVL-03,2026-08-11,20,1,37.15,112
KVL-03,2026-08-12,0,1,22.26,62
KVL-03,2026-08-12,4,1,28.98,85
KVL-03,2026-08-12,5,1,20.42,54
KVL-03,2026-08-12,6,2,57.52,159
KVL-03,2026-08-12,7,1,26.27,91
KVL-03,2026-08-12,8,1,23.85,75
KVL-03,2026-08-12,9,2,56.1,170
KVL-03,2026-08-12,10,1,19.82,58
KVL-03,2026-08-12,11,1,26.87,67
KVL-03,2026-08-12,12,1,25.4,64
KVL-03,2026-08-12,13,1,35.03,117
KVL-03,2026-08-12,14,1,27.47,74
KVL-03,2026-08-12,15,2,44.7,125
KVL-03,2026-08-12,16,1,36.75,118
KVL-03,2026-08-12,17,1,37.05,96
KVL-03,2026-08-12,18,1,34.2,94
KVL-03,2026-08-12,19,1,6.98,67
KVL-03,2026-08-12,20,1,6.8,65
KVL-03,2026-08-12,21,1,14.37,38
KVL-03,2026-08-12,23,1,14.14,49
KVL-03,2026-08-13,0,1,35.27,89
KVL-03,2026-08-13,1,1,24.31,61
KVL-03,2026-08-13,8,2,55.68,161
KVL-03,2026-08-13,9,2,39.54,142
KVL-03,2026-08-13,10,1,36.55,112
KVL-03,2026-08-13,11,1,22.11,52
KVL-03,2026-08-13,12,2,39.81,167
KVL-03,2026-08-13,13,1,21.54,69
KVL-03,2026-08-13,14,2,58.58,160
KVL-03,2026-08-13,15,2,40.24,109
KVL-03,2026-08-13,17,2,34.3,143
KVL-03,2026-08-13,18,1,36.49,108
KVL-03,2026-08-13,19,1,23.85,58
KVL-03,2026-08-13,20,2,52.59,186
KVL-03,2026-08-14,7,2,41.36,117
KVL-03,2026-08-14,10,2,43.42,134
KVL-03,2026-08-14,11,1,19.25,49
KVL-03,2026-08-14,12,2,11.25,107
KVL-03,2026-08-14,13,2,36.54,99
KVL-03,2026-08-14,15,1,20.34,51
KVL-03,2026-08-14,16,1,21.48,61
KVL-03,2026-08-14,17,2,52.06,145
KVL-03,2026-08-14,18,2,39.87,108
KVL-03,2026-08-14,19,2,36.06,116
KVL-03,2026-08-14,21,1,32.07,101
KVL-03,2026-08-14,23,1,30.86,89
KVL-03,2026-08-15,5,2,35.99,176
KVL-03,2026-08-15,6,2,46.57,122
KVL-03,2026-08-15,7,2,60.46,147
KVL-03,2026-08-15,8,1,34.95,84
KVL-03,2026-08-15,9,1,2.85,61
KVL-03,2026-08-15,10,2,32.03,122
KVL-03,2026-08-15,11,1,23.42,66
KVL-03,2026-08-15,12,1,15.28,48
KVL-03,2026-08-15,13,1,31.12,92
KVL-03,2026-08-15,14,1,15.27,52
KVL-03,2026-08-15,15,1,22.65,62
KVL-03,2026-08-15,16,1,22.95,60
KVL-03,2026-08-15,17,3,63.19,192
KVL-03,2026-08-15,18,1,31.52,81
KVL-03,2026-08-15,19,1,6.81,65
KVL-03,2026-08-15,22,1,33.82,96
KVL-03,2026-08-16,5,2,71.27,257
KVL-03,2026-08-16,7,2,53.39,151
KVL-03,2026-08-16,8,1,33.27,110
KVL-03,2026-08-16,9,1,20.44,63
KVL-03,2026-08-16,10,2,36.04,108
KVL-03,2026-08-16,11,2,41.53,119
KVL-03,2026-08-16,12,2,40.11,177
KVL-03,2026-08-16,14,3,62.62,180
KVL-03,2026-08-16,15,2,35.76,110
KVL-03,2026-08-16,16,1,35.84,104
KVL-03,2026-08-16,17,1,24.73,58
KVL-03,2026-08-16,18,1,37.59,99
KVL-03,2026-08-16,20,2,72.08,205
KVL-03,2026-08-17,2,1,30.21,72
KVL-03,2026-08-17,3,1,17.96,54
KVL-03,2026-08-17,7,1,27.09,85
KVL-03,2026-08-17,10,1,31.59,97
KVL-03,2026-08-17,11,1,37.9,101
KVL-03,2026-08-17,12,1,31.62,110
KVL-03,2026-08-17,13,1,33.19,89
KVL-03,2026-08-17,14,2,40.86,132
KVL-03,2026-08-17,15,2,52.25,165
KVL-03,2026-08-17,17,2,56.02,144
KVL-03,2026-08-17,18,1,30.97,103
KVL-03,2026-08-17,20,1,17.95,43
KVL-03,2026-08-17,22,1,22.15,60
KVL-03,2026-08-18,4,2,51.63,134
KVL-03,2026-08-18,5,1,22.92,68
KVL-03,2026-08-18,6,1,2.18,47
KVL-03,2026-08-18,7,2,52.32,171
KVL-03,2026-08-18,8,1,16.01,55
KVL-03,2026-08-18,9,1,31.09,101
KVL-03,2026-08-18,10,1,30.47,72
KVL-03,2026-08-18,11,1,30.31,73
KVL-03,2026-08-18,13,2,49.59,145
KVL-03,2026-08-18,14,2,71.1,211
KVL-03,2026-08-18,16,1,16.69,60
KVL-03,2026-08-18,17,2,54.58,146
KVL-03,2026-08-18,19,1,26.09,61
KVL-03,2026-08-18,21,1,36.27,121
KVL-03,2026-08-18,22,1,18.46,54
KVL-03,2026-08-19,0,2,40.11,120
KVL-03,2026-08-19,5,1,20.37,57
KVL-03,2026-08-19,6,2,37.28,110
KVL-03,2026-08-19,7,2,55.99,189
KVL-03,2026-08-19,9,2,58.13,154
KVL-03,2026-08-19,10,2,56.43,183
KVL-03,2026-08-19,12,1,22.75,63
KVL-03,2026-08-19,13,1,27.15,86
KVL-03,2026-08-19,14,2,44.41,138
KVL-03,2026-08-19,15,1,18.84,58
KVL-03,2026-08-19,16,2,52.27,176
KVL-03,2026-08-19,17,1,14.27,52
KVL-03,2026-08-19,18,1,9.42,90
KVL-03,2026-08-19,20,2,74.45,225
KVL-03,2026-08-19,22,1,27.84,87
KVL-03,2026-08-19,23,1,34.98,123
KVL-03,2026-08-20,2,1,14.4,42
KVL-03,2026-08-20,5,1,22.26,59
KVL-03,2026-08-20,6,1,25.42,84
KVL-03,2026-08-20,7,2,52.41,170
KVL-03,2026-08-20,8,1,24.6,69
KVL-03,2026-08-20,9,2,55.63,146
KVL-03,2026-08-20,10,1,14.96,37
KVL-03,2026-08-20,11,1,23.8,62
KVL-03,2026-08-20,12,2,56.47,190
KVL-03,2026-08-20,13,1,18.19,61
KVL-03,2026-08-20,14,2,68.1,187
KVL-03,2026-08-20,16,1,16.31,47
KVL-03,2026-08-20,17,1,17.7,59
KVL-03,2026-08-20,18,2,38.17,125
KVL-03,2026-08-20,19,2,43.83,108
KVL-03,2026-08-20,20,2,57.92,177
KVL-03,2026-08-20,22,1,30.77,77
KVL-03,2026-08-20,23,1,18.29,46
KVL-03,2026-08-21,2,1,23.15,76
KVL-03,2026-08-21,6,2,43.61,117
KVL-03,2026-08-21,8,2,39.29,98
KVL-03,2026-08-21,10,2,47.58,133
KVL-03,2026-08-21,11,2,29.77,148
KVL-03,2026-08-21,13,1,33.96,81
KVL-03,2026-08-21,14,1,17.21,56
KVL-03,2026-08-21,16,1,14.7,51
KVL-03,2026-08-21,17,1,31.18,100
KVL-03,2026-08-21,18,1,30.34,72
KVL-03,2026-08-21,19,2,62.93,180
KVL-03,2026-08-21,20,1,30.44,89
KVL-03,2026-08-22,0,1,26.64,85
KVL-03,2026-08-22,5,1,36.51,91
KVL-03,2026-08-22,6,1,8.2,78
KVL-03,2026-08-22,7,1,23.82,57
KVL-03,2026-08-22,8,2,52.01,131
KVL-03,2026-08-22,9,2,58.68,157
KVL-03,2026-08-22,10,1,15.47,40
KVL-03,2026-08-22,12,2,30.58,141
KVL-03,2026-08-22,13,2,45.48,131
KVL-03,2026-08-22,14,1,17.78,45
KVL-03,2026-08-22,15,2,55.34,150
KVL-03,2026-08-22,16,2,71.83,203
KVL-03,2026-08-22,18,2,29.32,115
KVL-03,2026-08-22,19,2,46.4,120
KVL-03,2026-08-22,20,1,26.78,69
KVL-03,2026-08-22,22,2,31.1,89
KVL-03,2026-08-23,0,1,16.42,46
KVL-03,2026-08-23,2,1,29.26,103
KVL-03,2026-08-23,5,1,31.57,77
KVL-03,2026-08-23,6,1,30.98,109
KVL-03,2026-08-23,7,1,7.49,71
KVL-03,2026-08-23,8,2,35.16,185
KVL-03,2026-08-23,10,2,66.7,188
KVL-03,2026-08-23,12,2,45.82,137
KVL-03,2026-08-23,13,1,27.59,70
KVL-03,2026-08-23,15,2,24.57,128
KVL-03,2026-08-23,16,2,58.6,182
KVL-03,2026-08-23,18,1,21.92,72
KVL-03,2026-08-23,19,1,16.69,42
KVL-03,2026-08-23,20,1,17.51,47
KVL-03,2026-08-23,21,2,49.44,139
KVL-03,2026-08-23,22,2,48.89,129
KVL-03,2026-08-24,0,1,28.84,69
KVL-03,2026-08-24,5,1,26.65,67
KVL-03,2026-08-24,6,1,28.61,96
KVL-03,2026-08-24,7,2,54.82,146
KVL-03,2026-08-24,8,2,41.84,188
KVL-03,2026-08-24,10,2,55.23,164
KVL-03,2026-08-24,11,1,22.11,59
KVL-03,2026-08-24,12,2,57.09,196
KVL-03,2026-08-24,13,1,15.42,49
KVL-03,2026-08-24,14,1,36.99,104
KVL-03,2026-08-24,16,2,42.89,112
KVL-03,2026-08-24,17,2,54.86,148
KVL-03,2026-08-24,18,1,28.96,74
KVL-03,2026-08-24,19,1,21.68,61
KVL-03,2026-08-24,20,1,21.11,63
KVL-03,2026-08-24,22,2,10.79,127
KVL-03,2026-08-24,23,1,22.8,63
KVL-03,2026-08-25,4,1,21.98,56
KVL-03,2026-08-25,6,2,44.82,128
KVL-03,2026-08-25,7,1,23.8,85
KVL-03,2026-08-25,8,2,59.28,181
KVL-03,2026-08-25,9,1,17.02,62
KVL-03,2026-08-25,10,1,33.09,107
KVL-03,2026-08-25,11,1,23.69,56
KVL-03,2026-08-25,12,1,34.48,98
KVL-03,2026-08-25,13,1,31.18,82
KVL-03,2026-08-25,14,1,17.23,43
KVL-03,2026-08-25,15,1,28.28,80
KVL-03,2026-08-25,16,1,27.66,76
KVL-03,2026-08-25,17,2,28.72,134
KVL-03,2026-08-25,18,1,24.42,59
KVL-03,2026-08-25,19,1,24.14,57
KVL-03,2026-08-26,0,1,27.21,70
KVL-03,2026-08-26,1,2,63.82,196
KVL-03,2026-08-26,5,2,41.02,117
KVL-03,2026-08-26,7,1,23.02,63
KVL-03,2026-08-26,8,2,68.67,182
KVL-03,2026-08-26,9,1,2.67,57
KVL-03,2026-08-26,10,2,51.73,158
KVL-03,2026-08-26,11,1,33.26,82
KVL-03,2026-08-26,14,1,34.0,89
KVL-03,2026-08-26,15,1,24.68,79
KVL-03,2026-08-26,16,2,23.04,93
KVL-03,2026-08-26,17,2,51.48,142
KVL-03,2026-08-26,18,1,18.69,50
KVL-03,2026-08-26,19,3,83.15,257
KVL-03,2026-08-26,22,1,28.52,103
KVL-03,2026-08-26,23,1,29.73,77
KVL-03,2026-08-27,2,1,18.37,64
KVL-03,2026-08-27,5,1,25.95,66
KVL-03,2026-08-27,8,2,39.27,106
KVL-03,2026-08-27,9,1,31.29,100
KVL-03,2026-08-27,10,1,5.06,48
KVL-03,2026-08-27,12,2,53.53,165
KVL-03,2026-08-27,13,1,33.11,116
KVL-03,2026-08-27,14,1,30.92,76
KVL-03,2026-08-27,15,2,37.79,122
KVL-03,2026-08-27,17,2,61.74,194
KVL-03,2026-08-27,21,1,34.21,123
KVL-03,2026-08-27,22,1,5.61,54
KVL-03,2026-08-27,23,1,33.62,121
KVL-03,2026-08-28,0,1,7.81,74
KVL-03,2026-08-28,1,1,34.83,116
KVL-03,2026-08-28,6,2,42.08,176
KVL-03,2026-08-28,7,1,27.79,81
KVL-03,2026-08-28,10,2,41.44,127
KVL-03,2026-08-28,12,1,16.68,45
KVL-03,2026-08-28,13,1,15.32,37
KVL-03,2026-08-28,14,2,39.32,97
KVL-03,2026-08-28,16,1,27.39,68
KVL-03,2026-08-28,17,1,20.42,60
KVL-03,2026-08-28,20,1,26.53,66
KVL-03,2026-08-28,21,1,5.66,54
KVL-03,2026-08-28,23,1,16.1,52
KVL-03,2026-08-29,4,1,29.66,101
KVL-03,2026-08-29,6,1,30.1,102
KVL-03,2026-08-29,7,1,26.36,70
KVL-03,2026-08-29,8,1,9.29,89
KVL-03,2026-08-29,9,1,29.83,86
KVL-03,2026-08-29,10,1,6.91,66
KVL-03,2026-08-29,11,2,50.48,125
KVL-03,2026-08-29,13,2,49.73,138
KVL-03,2026-08-29,15,2,50.65,147
KVL-03,2026-08-29,16,2,38.72,98
KVL-03,2026-08-29,17,2,53.77,163
KVL-03,2026-08-29,18,2,46.81,122
KVL-03,2026-08-29,19,1,24.33,82
KVL-03,2026-08-29,22,2,46.57,161
KVL-03,2026-08-30,2,1,31.01,86
KVL-03,2026-08-30,6,2,32.18,87
KVL-03,2026-08-30,7,1,28.89,75
KVL-03,2026-08-30,8,2,46.92,143
KVL-03,2026-08-30,9,1,25.01,73
KVL-03,2026-08-30,10,2,63.68,195
KVL-03,2026-08-30,11,1,9.01,86
KVL-03,2026-08-30,12,1,27.16,95
KVL-03,2026-08-30,14,2,35.91,153
KVL-03,2026-08-30,15,1,37.16,120
KVL-03,2026-08-30,17,2,43.26,148
KVL-03,2026-08-30,18,1,7.46,71
KVL-03,2026-08-30,20,2,18.55,90
KVL-03,2026-08-31,5,1,24.23,84
KVL-03,2026-08-31,7,1,35.73,100
KVL-03,2026-08-31,8,1,37.05,87
KVL-03,2026-08-31,9,1,28.83,87
KVL-03,2026-08-31,10,1,26.62,70
KVL-03,2026-08-31,11,2,43.93,200
KVL-03,2026-08-31,13,2,45.42,144
KVL-03,2026-08-31,14,1,17.7,50
KVL-03,2026-08-31,15,2,53.35,164
KVL-03,2026-08-31,16,1,9.34,89
KVL-03,2026-08-31,17,1,27.15,70
KVL-03,2026-08-31,18,2,39.72,120
KVL-03,2026-08-31,19,1,19.53,52
KVL-03,2026-08-31,20,2,42.07,121
KVL-03,2026-09-01,5,1,35.28,88
KVL-03,2026-09-01,6,1,18.08,62
KVL-03,2026-09-01,7,2,43.64,134
KVL-03,2026-09-01,8,1,30.72,101
KVL-03,2026-09-01,9,2,37.17,146
KVL-03,2026-09-01,10,2,53.41,141
KVL-03,2026-09-01,11,1,14.55,36
KVL-03,2026-09-01,12,1,28.37,79
KVL-03,2026-09-01,13,1,18.94,52
KVL-03,2026-09-01,14,2,57.32,155
KVL-03,2026-09-01,15,1,16.84,41
KVL-03,2026-09-01,16,3,83.73,214
KVL-03,2026-09-01,17,1,22.01,52
KVL-03,2026-09-01,19,2,48.29,146
KVL-03,2026-09-02,3,1,5.18,49
KVL-03,2026-09-02,4,1,18.04,56
KVL-03,2026-09-02,7,1,6.87,66
KVL-03,2026-09-02,8,2,19.05,96
KVL-03,2026-09-02,9,1,34.05,108
KVL-03,2026-09-02,10,1,24.97,79
KVL-03,2026-09-02,11,2,45.38,152
KVL-03,2026-09-02,12,1,31.64,101
KVL-03,2026-09-02,13,1,19.17,45
KVL-03,2026-09-02,15,2,50.69,154
KVL-03,2026-09-02,16,1,30.53,99
KVL-03,2026-09-02,17,1,14.99,41
KVL-03,2026-09-02,18,1,5.56,53
KVL-03,2026-09-02,19,1,29.92,71
KVL-03,2026-09-02,20,1,21.17,54
KVL-03,2026-09-03,8,2,9.91,124
KVL-03,2026-09-03,9,1,37.92,92
KVL-03,2026-09-03,10,1,31.84,80
KVL-03,2026-09-03,11,2,54.04,158
KVL-03,2026-09-03,12,1,7.36,70
KVL-03,2026-09-03,14,2,41.72,194
KVL-03,2026-09-03,15,1,37.54,98
KVL-03,2026-09-03,16,1,30.26,72
KVL-03,2026-09-03,17,2,42.55,127
KVL-03,2026-09-03,18,1,5.83,56
KVL-03,2026-09-03,20,2,62.79,168
KVL-03,2026-09-03,21,1,16.54,45
KVL-03,2026-09-03,22,2,41.99,181
KVL-03,2026-09-03,23,1,34.78,85
KVL-03,2026-09-04,3,1,16.91,54
KVL-03,2026-09-04,5,1,22.97,67
KVL-03,2026-09-04,7,1,25.07,63
KVL-03,2026-09-04,8,1,6.25,60
KVL-03,2026-09-04,9,2,45.31,129
KVL-03,2026-09-04,10,1,19.07,59
KVL-03,2026-09-04,11,1,35.44,87
KVL-03,2026-09-04,12,2,58.42,173
KVL-03,2026-09-04,14,1,8.36,80
KVL-03,2026-09-04,15,1,29.15,75
KVL-03,2026-09-04,16,1,29.37,77
KVL-03,2026-09-04,18,2,53.94,148
KVL-03,2026-09-04,20,1,15.09,39
KVL-03,2026-09-05,0,2,60.54,194
KVL-03,2026-09-05,4,1,24.31,87
KVL-03,2026-09-05,6,2,43.29,157
KVL-03,2026-09-05,7,1,14.56,44
KVL-03,2026-09-05,8,1,36.89,97
KVL-03,2026-09-05,9,1,24.28,85
KVL-03,2026-09-05,10,2,66.68,181
KVL-03,2026-09-05,11,1,14.48,38
KVL-03,2026-09-05,12,2,43.82,168
KVL-03,2026-09-05,13,1,19.88,47
KVL-03,2026-09-05,14,2,20.11,103
KVL-03,2026-09-05,15,2,33.1,143
KVL-03,2026-09-05,16,1,22.2,81
KVL-03,2026-09-05,17,1,27.02,91
KVL-03,2026-09-05,18,2,29.03,142
KVL-03,2026-09-05,19,1,17.5,46
KVL-03,2026-09-05,20,1,14.23,49
KVL-03,2026-09-06,0,1,22.06,66
KVL-03,2026-09-06,4,2,44.88,151
KVL-03,2026-09-06,5,2,43.91,151
KVL-03,2026-09-06,6,1,25.49,69
KVL-03,2026-09-06,7,2,51.73,180
KVL-03,2026-09-06,8,1,25.28,68
KVL-03,2026-09-06,9,2,49.8,148
KVL-03,2026-09-06,10,1,29.77,100
KVL-03,2026-09-06,11,1,25.93,67
KVL-03,2026-09-06,12,1,18.37,51
KVL-03,2026-09-06,13,2,45.88,126
KVL-03,2026-09-06,14,1,25.55,91
KVL-03,2026-09-06,15,3,63.21,181
KVL-03,2026-09-06,17,2,44.55,121
KVL-03,2026-09-06,18,1,21.62,58
KVL-03,2026-09-06,19,2,61.63,159
KVL-03,2026-09-06,21,2,25.03,104
KVL-03,2026-09-06,23,1,30.78,74
KVL-03,2026-09-07,5,1,18.99,56
KVL-03,2026-09-07,6,2,67.52,188
KVL-03,2026-09-07,7,1,36.73,88
KVL-03,2026-09-07,8,1,37.43,131
KVL-03,2026-09-07,9,1,22.1,67
KVL-03,2026-09-07,11,1,14.67,41
KVL-03,2026-09-07,12,2,49.11,144
KVL-03,2026-09-07,13,2,46.9,136
KVL-03,2026-09-07,14,1,37.88,132
KVL-03,2026-09-07,15,1,25.28,62
KVL-03,2026-09-07,16,1,26.81,64
KVL-03,2026-09-07,17,1,9.42,90
KVL-03,2026-09-07,18,1,14.06,34
KVL-03,2026-09-07,20,1,19.03,48
KVL-03,2026-09-07,21,1,22.32,67
KVL-03,2026-09-08,0,1,34.63,112
KVL-03,2026-09-08,7,1,23.61,69
KVL-03,2026-09-08,8,1,26.2,75
KVL-03,2026-09-08,9,2,58.65,165
KVL-03,2026-09-08,10,1,21.19,61
KVL-03,2026-09-08,11,2,42.56,169
KVL-03,2026-09-08,12,1,28.48,70
KVL-03,2026-09-08,13,3,61.7,175
KVL-03,2026-09-08,14,1,21.08,64
KVL-03,2026-09-08,15,1,25.97,75
KVL-03,2026-09-08,16,1,1.77,38
KVL-03,2026-09-08,17,2,28.31,118
KVL-03,2026-09-08,18,2,32.64,153
KVL-03,2026-09-08,19,2,44.09,139
KVL-03,2026-09-08,20,1,17.42,60
KVL-03,2026-09-08,21,1,20.5,57
KVL-03,2026-09-08,22,1,28.71,98
KVL-03,2026-09-09,0,1,1.81,39
KVL-03,2026-09-09,3,1,24.04,65
KVL-03,2026-09-09,4,2,52.88,157
KVL-03,2026-09-09,6,2,29.07,136
KVL-03,2026-09-09,7,2,31.15,161
KVL-03,2026-09-09,8,1,34.09,94
KVL-03,2026-09-09,9,1,19.06,49
KVL-03,2026-09-09,10,3,63.97,192
KVL-03,2026-09-09,12,2,40.64,121
KVL-03,2026-09-09,13,1,7.69,73
KVL-03,2026-09-09,14,2,32.05,103
KVL-03,2026-09-09,15,1,32.76,101
KVL-03,2026-09-09,16,1,9.91,95
KVL-03,2026-09-09,18,2,36.83,109
KVL-03,2026-09-09,20,1,15.59,45
KVL-03,2026-09-09,23,1,35.78,85
KVL-03,2026-09-10,0,1,29.24,85
KVL-03,2026-09-10,6,1,19.17,56
KVL-03,2026-09-10,7,2,56.94,179
KVL-03,2026-09-10,9,2,54.77,164
KVL-03,2026-09-10,10,1,27.5,79
KVL-03,2026-09-10,11,1,24.18,81
KVL-03,2026-09-10,12,2,61.18,210
KVL-03,2026-09-10,15,2,38.97,122
KVL-03,2026-09-10,16,2,28.49,140
KVL-03,2026-09-10,17,2,43.16,199
KVL-03,2026-09-10,19,1,32.2,98
KVL-03,2026-09-10,20,1,7.95,76
KVL-03,2026-09-10,21,2,36.23,109
KVL-03,2026-09-10,22,1,35.24,99
KVL-03,2026-09-11,0,1,27.62,86
KVL-03,2026-09-11,3,1,15.02,38
KVL-03,2026-09-11,5,1,7.32,70
KVL-03,2026-09-11,7,2,50.54,129
KVL-03,2026-09-11,9,2,43.37,125
KVL-03,2026-09-11,10,1,21.99,74
KVL-03,2026-09-11,11,1,24.07,57
KVL-03,2026-09-11,13,1,16.39,47
KVL-03,2026-09-11,14,1,16.95,50
KVL-03,2026-09-11,15,2,35.4,111
KVL-03,2026-09-11,16,2,50.42,124
KVL-03,2026-09-11,17,1,37.4,110
KVL-03,2026-09-11,18,1,26.08,66
KVL-03,2026-09-11,19,2,30.82,124
KVL-03,2026-09-11,20,1,24.84,61
KVL-03,2026-09-11,21,2,43.97,151
KVL-03,2026-09-12,0,1,27.96,71
KVL-03,2026-09-12,6,2,47.1,143
KVL-03,2026-09-12,7,2,51.84,154
KVL-03,2026-09-12,8,2,41.01,177
KVL-03,2026-09-12,9,1,30.08,79
KVL-03,2026-09-12,10,1,26.01,80
KVL-03,2026-09-12,11,1,23.05,57
KVL-03,2026-09-12,12,2,65.7,201
KVL-03,2026-09-12,13,1,32.9,113
KVL-03,2026-09-12,14,1,31.89,114
KVL-03,2026-09-12,17,1,8.47,81
KVL-03,2026-09-12,18,1,5.79,55
KVL-03,2026-09-12,19,1,28.68,87
KVL-03,2026-09-12,20,1,25.6,63
KVL-03,2026-09-12,21,3,42.48,184
KVL-03,2026-09-13,4,2,59.16,164
KVL-03,2026-09-13,6,1,28.14,100
KVL-03,2026-09-13,7,1,29.63,71
KVL-03,2026-09-13,8,1,22.11,52
KVL-03,2026-09-13,9,2,24.06,100
KVL-03,2026-09-13,10,2,37.02,111
KVL-03,2026-09-13,11,1,14.57,46
KVL-03,2026-09-13,13,2,55.0,147
KVL-03,2026-09-13,14,2,52.96,159
KVL-03,2026-09-13,15,1,33.97,113
KVL-03,2026-09-13,16,1,25.89,90
KVL-03,2026-09-13,18,2,57.97,177
KVL-03,2026-09-13,22,1,35.04,92
KVL-03,2026-09-13,23,1,26.28,63
KVL-03,2026-09-14,2,1,16.78,41
KVL-03,2026-09-14,5,1,37.77,136
KVL-03,2026-09-14,6,1,33.63,118
KVL-03,2026-09-14,8,3,67.08,202
KVL-03,2026-09-14,9,1,18.66,52
KVL-03,2026-09-14,10,1,23.57,62
KVL-03,2026-09-14,11,1,1.68,36
KVL-03,2026-09-14,12,1,14.15,34
KVL-03,2026-09-14,13,3,73.04,191
KVL-03,2026-09-14,14,1,14.55,52
KVL-03,2026-09-14,15,2,56.68,166
KVL-03,2026-09-14,16,1,28.34,101
KVL-03,2026-09-14,17,1,32.67,98
KVL-03,2026-09-14,19,2,53.25,169
KVL-03,2026-09-14,21,1,31.13,101
KVL-03,2026-09-14,22,1,28.0,90
KVL-03,2026-09-14,23,1,30.0,106
KVL-03,2026-09-15,6,1,22.8,69
KVL-03,2026-09-15,7,1,2.1,45
KVL-03,2026-09-15,8,2,61.51,198
KVL-03,2026-09-15,11,3,42.04,145
KVL-03,2026-09-15,12,2,70.79,217
KVL-03,2026-09-15,14,2,48.51,153
KVL-03,2026-09-15,15,1,29.96,76
KVL-03,2026-09-15,17,2,62.21,171
KVL-03,2026-09-15,19,2,54.11,136
KVL-03,2026-09-15,20,2,23.23,113
KVL-03,2026-09-15,21,1,26.43,66
KVL-03,2026-09-15,23,1,18.93,57
KVL-03,2026-09-16,0,1,15.25,39
KVL-03,2026-09-16,1,1,15.8,43
KVL-03,2026-09-16,2,1,23.68,72
KVL-03,2026-09-16,3,1,25.25,82
KVL-03,2026-09-16,6,2,71.68,211
KVL-03,2026-09-16,8,2,33.82,131
KVL-03,2026-09-16,9,1,21.17,51
KVL-03,2026-09-16,11,1,29.76,101
KVL-03,2026-09-16,13,1,19.85,47
KVL-03,2026-09-16,14,1,16.33,49
KVL-03,2026-09-16,15,2,54.43,184
KVL-03,2026-09-16,16,1,28.54,90
KVL-03,2026-09-16,17,1,28.96,105
KVL-03,2026-09-16,18,1,15.99,40
KVL-03,2026-09-16,19,1,7.69,73
KVL-03,2026-09-16,20,2,39.63,172
KVL-03,2026-09-16,21,1,23.71,85
KVL-03,2026-09-17,4,1,22.11,78
KVL-03,2026-09-17,5,1,17.48,44
KVL-03,2026-09-17,6,2,62.39,191
KVL-03,2026-09-17,7,1,14.51,39
KVL-03,2026-09-17,8,2,49.49,155
KVL-03,2026-09-17,9,1,7.93,76
KVL-03,2026-09-17,10,1,8.91,85
KVL-03,2026-09-17,11,1,23.2,55
KVL-03,2026-09-17,12,2,66.2,176
KVL-03,2026-09-17,13,1,25.24,73
KVL-03,2026-09-17,14,1,35.92,97
KVL-03,2026-09-17,15,1,21.6,54
KVL-03,2026-09-17,17,1,15.35,50
KVL-03,2026-09-17,18,2,59.06,202
KVL-03,2026-09-18,6,1,28.9,83
KVL-03,2026-09-18,7,2,50.3,147
KVL-03,2026-09-18,9,2,25.82,129
KVL-03,2026-09-18,10,2,28.97,115
KVL-03,2026-09-18,12,2,33.35,127
KVL-03,2026-09-18,13,1,31.29,93
KVL-03,2026-09-18,14,1,14.81,54
KVL-03,2026-09-18,15,2,61.05,176
KVL-03,2026-09-18,16,2,19.11,114
KVL-03,2026-09-18,17,2,34.41,123
KVL-03,2026-09-18,18,1,28.39,101
KVL-03,2026-09-18,20,1,16.18,47
KVL-03,2026-09-18,22,1,36.18,122
KVL-03,2026-09-19,0,1,35.22,91
KVL-03,2026-09-19,5,1,26.2,65
KVL-03,2026-09-19,6,1,33.11,83
KVL-03,2026-09-19,7,2,49.48,150
KVL-03,2026-09-19,8,2,51.66,149
KVL-03,2026-09-19,9,1,15.65,53
KVL-03,2026-09-19,10,1,24.58,58
KVL-03,2026-09-19,12,2,46.04,150
KVL-03,2026-09-19,13,2,52.74,159
KVL-03,2026-09-19,14,1,28.53,103
KVL-03,2026-09-19,15,1,34.0,102
KVL-03,2026-09-19,16,1,28.96,69
KVL-03,2026-09-19,17,1,33.34,85
KVL-03,2026-09-19,18,1,31.79,93
KVL-03,2026-09-19,19,2,38.29,153
KVL-03,2026-09-19,21,1,30.73,81
KVL-03,2026-09-19,22,1,30.21,87
KVL-03,2026-09-19,23,1,20.09,56
KVL-03,2026-09-20,0,1,17.61,45
KVL-03,2026-09-20,4,2,36.23,118
KVL-03,2026-09-20,6,2,53.32,179
KVL-03,2026-09-20,8,1,19.15,51
KVL-03,2026-09-20,9,2,61.77,201
KVL-03,2026-09-20,11,2,33.82,126
KVL-03,2026-09-20,12,1,33.61,96
KVL-03,2026-09-20,13,2,38.98,113
KVL-03,2026-09-20,15,2,59.73,199
KVL-03,2026-09-20,16,1,35.98,92
KVL-03,2026-09-20,17,1,9.6,92
KVL-03,2026-09-20,18,1,30.61,74
KVL-03,2026-09-20,19,2,49.3,168
KVL-03,2026-09-20,20,1,24.31,78
KVL-03,2026-09-20,21,1,7.75,74
KVL-03,2026-09-20,23,1,21.43,73
KVL-03,2026-09-21,3,1,21.27,52
KVL-03,2026-09-21,6,2,38.7,164
KVL-03,2026-09-21,7,1,36.57,119
KVL-03,2026-09-21,8,1,37.3,120
KVL-03,2026-09-21,12,2,63.66,159
KVL-03,2026-09-21,13,1,27.24,88
KVL-03,2026-09-21,14,1,34.29,122
KVL-03,2026-09-21,15,1,32.47,80
KVL-03,2026-09-21,16,2,35.04,99
KVL-03,2026-09-21,17,2,58.76,181
KVL-03,2026-09-21,18,1,9.71,93
KVL-03,2026-09-21,19,1,26.02,79
KVL-03,2026-09-21,20,2,44.08,125
KVL-03,2026-09-22,1,1,14.71,36
KVL-03,2026-09-22,2,1,35.99,88
KVL-03,2026-09-22,4,2,22.87,123
KVL-03,2026-09-22,6,1,27.87,98
KVL-03,2026-09-22,7,1,14.5,47
KVL-03,2026-09-22,8,3,75.35,198
KVL-03,2026-09-22,9,1,34.84,83
KVL-03,2026-09-22,10,1,31.81,77
KVL-03,2026-09-22,11,2,43.09,126
KVL-03,2026-09-22,12,3,45.83,206
KVL-03,2026-09-22,14,1,25.57,77
KVL-03,2026-09-22,15,1,7.75,74
KVL-03,2026-09-22,16,2,31.85,96
KVL-03,2026-09-22,17,1,36.58,92
KVL-03,2026-09-22,19,2,41.04,146
KVL-03,2026-09-22,20,1,29.55,85
KVL-03,2026-09-23,0,1,23.39,73
KVL-03,2026-09-23,3,2,55.54,135
KVL-03,2026-09-23,4,1,25.88,72
KVL-03,2026-09-23,5,1,19.61,51
KVL-03,2026-09-23,7,3,78.23,265
KVL-03,2026-09-23,10,2,24.32,125
KVL-03,2026-09-23,11,1,17.26,55
KVL-03,2026-09-23,12,2,70.0,186
KVL-03,2026-09-23,14,2,39.94,121
KVL-03,2026-09-23,15,2,39.41,160
KVL-03,2026-09-23,16,1,6.84,65
KVL-03,2026-09-23,17,1,27.18,75
KVL-03,2026-09-23,18,1,20.13,66
KVL-03,2026-09-23,19,1,20.01,59
KVL-03,2026-09-23,22,2,66.42,180
KVL-03,2026-09-23,23,1,25.08,70
KVL-03,2026-09-24,0,2,64.22,200
KVL-03,2026-09-24,1,1,30.97,78
KVL-03,2026-09-24,4,1,35.51,90
KVL-03,2026-09-24,6,1,2.06,44
KVL-03,2026-09-24,7,1,23.58,57
KVL-03,2026-09-24,8,2,44.17,145
KVL-03,2026-09-24,11,1,34.72,121
KVL-03,2026-09-24,12,1,35.94,104
KVL-03,2026-09-24,13,2,63.09,203
KVL-03,2026-09-24,15,1,33.35,93
KVL-03,2026-09-24,16,1,21.84,53
KVL-03,2026-09-24,17,2,53.18,150
KVL-03,2026-09-24,18,1,2.09,45
KVL-03,2026-09-24,19,2,53.04,162
KVL-03,2026-09-24,20,1,16.43,57
KVL-03,2026-09-24,23,1,28.03,83
KVL-03,2026-09-25,2,1,32.04,79
KVL-03,2026-09-25,4,1,18.38,53
KVL-03,2026-09-25,7,1,18.0,61
KVL-03,2026-09-25,9,1,9.86,94
KVL-03,2026-09-25,12,2,52.67,153
KVL-03,2026-09-25,13,2,43.43,145
KVL-03,2026-09-25,14,1,34.66,83
KVL-03,2026-09-25,15,2,47.43,137
KVL-03,2026-09-25,16,1,18.42,46
KVL-03,2026-09-25,17,1,8.56,82
KVL-03,2026-09-25,18,1,15.4,47
KVL-03,2026-09-25,21,1,17.77,43
KVL-03,2026-09-26,4,1,19.98,59
KVL-03,2026-09-26,6,2,43.68,171
KVL-03,2026-09-26,7,2,30.56,160
KVL-03,2026-09-26,9,2,55.84,143
KVL-03,2026-09-26,10,1,28.24,79
KVL-03,2026-09-26,11,1,32.26,85
KVL-03,2026-09-26,12,2,53.49,147
KVL-03,2026-09-26,13,2,40.59,120
KVL-03,2026-09-26,14,1,34.28,121
KVL-03,2026-09-26,15,1,7.45,71
KVL-03,2026-09-26,16,1,21.26,63
KVL-03,2026-09-26,17,2,40.68,143
KVL-03,2026-09-26,18,2,55.01,134
KVL-03,2026-09-26,19,1,7.13,68
KVL-03,2026-09-26,20,1,23.64,61
KVL-03,2026-09-26,21,2,45.91,122
KVL-03,2026-09-26,22,2,45.35,128
KVL-03,2026-09-27,5,2,49.1,160
KVL-03,2026-09-27,6,1,20.2,64
KVL-03,2026-09-27,7,1,15.25,49
KVL-03,2026-09-27,8,1,31.13,108
KVL-03,2026-09-27,9,1,17.14,44
KVL-03,2026-09-27,10,1,6.64,63
KVL-03,2026-09-27,11,2,32.1,106
KVL-03,2026-09-27,12,2,41.01,176
KVL-03,2026-09-27,15,1,37.39,126
KVL-03,2026-09-27,16,1,30.55,90
KVL-03,2026-09-27,17,1,23.17,65
KVL-03,2026-09-27,18,1,8.91,85
KVL-03,2026-09-27,19,1,27.75,68
KVL-03,2026-09-27,21,2,57.26,185
KVL-03,2026-09-27,23,1,17.68,61
KVL-03,2026-09-28,2,1,32.35,114
KVL-03,2026-09-28,4,1,22.38,64
KVL-03,2026-09-28,5,1,32.86,93
KVL-03,2026-09-28,7,2,44.96,134
KVL-03,2026-09-28,8,2,36.83,91
KVL-03,2026-09-28,10,2,44.25,146
KVL-03,2026-09-28,11,2,51.93,177
KVL-03,2026-09-28,14,1,30.5,91
KVL-03,2026-09-28,15,1,31.83,88
KVL-03,2026-09-28,17,2,35.88,155
KVL-03,2026-09-28,18,1,15.66,55
KVL-03,2026-09-28,19,1,21.45,77
KVL-03,2026-09-28,20,2,64.83,233
KVL-03,2026-09-28,22,1,31.5,102
KVL-03,2026-09-28,23,1,25.19,81
KVL-03,2026-09-29,0,2,36.51,107
KVL-03,2026-09-29,4,2,65.26,165
KVL-03,2026-09-29,7,2,57.15,196
KVL-03,2026-09-29,9,1,16.04,46
KVL-03,2026-09-29,11,1,35.58,127
KVL-03,2026-09-29,13,2,31.97,153
KVL-03,2026-09-29,14,2,57.02,159
KVL-03,2026-09-29,17,1,24.86,81
KVL-03,2026-09-29,18,1,34.85,91
KVL-03,2026-09-29,19,1,33.06,101
KVL-03,2026-09-29,20,1,9.39,90
KVL-03,2026-09-29,21,1,37.99,122
KVL-03,2026-09-29,23,1,35.77,108
KVL-03,2026-09-30,5,1,25.94,78
KVL-03,2026-09-30,6,1,9.57,91
KVL-03,2026-09-30,7,1,25.58,63
KVL-03,2026-09-30,8,2,49.87,158
KVL-03,2026-09-30,9,1,37.38,124
KVL-03,2026-09-30,10,1,7.98,76
KVL-03,2026-09-30,11,2,35.68,106
KVL-03,2026-09-30,12,2,33.81,90
KVL-03,2026-09-30,13,1,16.21,55
KVL-03,2026-09-30,14,2,51.75,153
KVL-03,2026-09-30,15,1,28.24,89
KVL-03,2026-09-30,16,1,36.93,89
KVL-03,2026-09-30,17,1,30.04,100
KVL-03,2026-09-30,18,2,47.3,142
KVL-04,2025-10-01,6,2,6.0,128
KVL-04,2025-10-01,7,2,4.7,101
KVL-04,2025-10-01,11,1,2.26,48
KVL-04,2025-10-01,12,1,3.4,73
KVL-04,2025-10-01,14,1,2.16,46
KVL-04,2025-10-01,15,1,29.66,634
KVL-04,2025-10-01,19,1,2.77,59
KVL-04,2025-10-01,20,1,6.01,129
KVL-04,2025-10-02,2,1,25.16,538
KVL-04,2025-10-02,5,1,3.09,66
KVL-04,2025-10-02,7,1,3.1,66
KVL-04,2025-10-02,8,1,14.89,319
KVL-04,2025-10-02,11,2,10.59,227
KVL-04,2025-10-02,14,1,9.0,193
KVL-04,2025-10-02,15,1,2.74,59
KVL-04,2025-10-02,16,1,2.53,54
KVL-04,2025-10-02,17,1,2.3,49
KVL-04,2025-10-02,18,2,9.4,201
KVL-04,2025-10-02,19,1,2.29,49
KVL-04,2025-10-02,20,2,21.44,459
KVL-04,2025-10-02,22,1,21.11,452
KVL-04,2025-10-03,5,1,8.11,173
KVL-04,2025-10-03,7,1,6.06,130
KVL-04,2025-10-03,8,1,2.78,59
KVL-04,2025-10-03,9,1,20.74,444
KVL-04,2025-10-03,10,2,8.72,187
KVL-04,2025-10-03,13,1,2.95,63
KVL-04,2025-10-03,14,1,8.0,171
KVL-04,2025-10-03,16,1,22.23,476
KVL-04,2025-10-03,20,1,9.23,197
KVL-04,2025-10-04,6,1,3.26,70
KVL-04,2025-10-04,7,1,2.04,44
KVL-04,2025-10-04,8,1,7.48,160
KVL-04,2025-10-04,9,1,37.13,794
KVL-04,2025-10-04,11,1,2.69,58
KVL-04,2025-10-04,12,1,1.7,36
KVL-04,2025-10-04,13,1,2.63,56
KVL-04,2025-10-04,15,1,2.35,50
KVL-04,2025-10-04,16,2,22.57,483
KVL-04,2025-10-05,6,1,7.62,163
KVL-04,2025-10-05,7,1,9.8,210
KVL-04,2025-10-05,9,1,37.62,805
KVL-04,2025-10-05,13,1,7.37,158
KVL-04,2025-10-05,16,1,2.32,50
KVL-04,2025-10-05,18,1,3.08,66
KVL-04,2025-10-05,19,1,35.2,753
KVL-04,2025-10-06,4,1,2.96,63
KVL-04,2025-10-06,5,1,2.52,54
KVL-04,2025-10-06,6,1,31.59,676
KVL-04,2025-10-06,8,1,1.94,41
KVL-04,2025-10-06,9,1,31.62,676
KVL-04,2025-10-06,18,1,23.08,494
KVL-04,2025-10-06,20,1,2.74,59
KVL-04,2025-10-06,21,1,2.89,62
KVL-04,2025-10-07,7,2,8.28,177
KVL-04,2025-10-07,8,1,9.38,201
KVL-04,2025-10-07,9,1,2.24,48
KVL-04,2025-10-07,10,1,1.62,35
KVL-04,2025-10-07,13,2,5.02,108
KVL-04,2025-10-07,14,1,2.57,55
KVL-04,2025-10-07,16,1,2.68,57
KVL-04,2025-10-07,17,1,3.32,71
KVL-04,2025-10-07,18,1,2.36,50
KVL-04,2025-10-07,19,1,25.0,535
KVL-04,2025-10-07,20,1,1.75,37
KVL-04,2025-10-07,23,1,2.95,63
KVL-04,2025-10-08,8,2,5.58,119
KVL-04,2025-10-08,9,2,4.43,95
KVL-04,2025-10-08,11,1,2.14,46
KVL-04,2025-10-08,15,2,23.35,499
KVL-04,2025-10-08,16,1,2.02,43
KVL-04,2025-10-08,20,1,2.74,59
KVL-04,2025-10-09,5,1,3.41,73
KVL-04,2025-10-09,6,1,7.33,157
KVL-04,2025-10-09,7,1,8.68,186
KVL-04,2025-10-09,8,1,2.43,52
KVL-04,2025-10-09,10,1,8.22,176
KVL-04,2025-10-09,15,1,2.24,48
KVL-04,2025-10-09,17,1,7.16,153
KVL-04,2025-10-09,18,1,1.92,41
KVL-04,2025-10-09,19,1,1.63,35
KVL-04,2025-10-10,0,1,30.13,644
KVL-04,2025-10-10,6,1,30.27,647
KVL-04,2025-10-10,10,1,22.75,487
KVL-04,2025-10-10,17,1,3.37,72
KVL-04,2025-10-10,18,2,4.8,103
KVL-04,2025-10-10,19,1,2.08,44
KVL-04,2025-10-10,20,1,2.61,56
KVL-04,2025-10-10,23,1,6.94,148
KVL-04,2025-10-11,1,1,3.21,69
KVL-04,2025-10-11,5,1,1.5,32
KVL-04,2025-10-11,10,2,16.25,348
KVL-04,2025-10-11,13,2,67.02,1433
KVL-04,2025-10-12,5,1,1.91,41
KVL-04,2025-10-12,7,1,1.54,33
KVL-04,2025-10-12,9,2,15.99,342
KVL-04,2025-10-12,14,1,1.62,35
KVL-04,2025-10-12,17,1,2.36,50
KVL-04,2025-10-12,20,2,16.89,361
KVL-04,2025-10-13,7,1,23.25,497
KVL-04,2025-10-13,10,1,2.54,54
KVL-04,2025-10-13,14,1,9.54,204
KVL-04,2025-10-13,17,1,7.14,153
KVL-04,2025-10-13,18,2,32.56,697
KVL-04,2025-10-13,20,1,2.56,55
KVL-04,2025-10-13,21,1,2.45,52
KVL-04,2025-10-14,4,1,1.78,38
KVL-04,2025-10-14,6,1,2.12,45
KVL-04,2025-10-14,8,2,26.09,558
KVL-04,2025-10-14,9,1,2.1,45
KVL-04,2025-10-14,11,1,3.26,70
KVL-04,2025-10-14,15,1,2.42,52
KVL-04,2025-10-14,16,1,2.61,56
KVL-04,2025-10-14,18,2,45.01,962
KVL-04,2025-10-15,6,1,7.0,150
KVL-04,2025-10-15,10,1,3.05,65
KVL-04,2025-10-15,11,1,2.18,47
KVL-04,2025-10-15,13,1,2.09,45
KVL-04,2025-10-15,18,2,8.06,172
KVL-04,2025-10-15,19,1,27.61,591
KVL-04,2025-10-15,20,1,2.68,57
KVL-04,2025-10-15,23,1,2.39,51
KVL-04,2025-10-16,1,1,1.97,42
KVL-04,2025-10-16,7,1,2.95,63
KVL-04,2025-10-16,8,2,4.88,105
KVL-04,2025-10-16,9,2,43.15,923
KVL-04,2025-10-16,13,1,2.68,57
KVL-04,2025-10-16,16,1,3.2,68
KVL-04,2025-10-16,17,1,2.73,58
KVL-04,2025-10-16,19,1,18.56,397
KVL-04,2025-10-17,4,1,2.16,46
KVL-04,2025-10-17,7,1,9.32,199
KVL-04,2025-10-17,8,1,1.79,38
KVL-04,2025-10-17,10,2,33.22,710
KVL-04,2025-10-17,15,1,2.22,47
KVL-04,2025-10-17,16,1,8.33,178
KVL-04,2025-10-17,19,1,2.18,47
KVL-04,2025-10-17,23,1,27.98,599
KVL-04,2025-10-18,3,1,2.75,59
KVL-04,2025-10-18,6,3,7.15,153
KVL-04,2025-10-18,9,1,3.32,71
KVL-04,2025-10-18,10,2,5.55,119
KVL-04,2025-10-18,11,1,2.89,62
KVL-04,2025-10-18,12,1,29.77,637
KVL-04,2025-10-18,13,1,3.24,69
KVL-04,2025-10-18,15,1,2.53,54
KVL-04,2025-10-18,16,1,2.66,57
KVL-04,2025-10-18,17,1,3.24,69
KVL-04,2025-10-18,18,1,2.67,57
KVL-04,2025-10-18,19,1,1.64,35
KVL-04,2025-10-19,6,2,4.62,99
KVL-04,2025-10-19,8,1,9.29,199
KVL-04,2025-10-19,9,1,5.05,108
KVL-04,2025-10-19,11,2,33.47,716
KVL-04,2025-10-19,12,1,35.44,758
KVL-04,2025-10-19,23,1,34.13,730
KVL-04,2025-10-20,7,1,2.93,63
KVL-04,2025-10-20,8,1,35.14,752
KVL-04,2025-10-20,9,1,2.78,59
KVL-04,2025-10-20,11,1,7.47,160
KVL-04,2025-10-20,14,1,9.6,205
KVL-04,2025-10-20,17,1,2.05,44
KVL-04,2025-10-20,19,1,3.39,73
KVL-04,2025-10-21,5,1,2.25,48
KVL-04,2025-10-21,6,1,32.91,704
KVL-04,2025-10-21,7,1,3.27,70
KVL-04,2025-10-21,9,1,20.12,430
KVL-04,2025-10-21,16,1,7.38,158
KVL-04,2025-10-21,18,1,22.82,488
KVL-04,2025-10-21,19,2,4.74,102
KVL-04,2025-10-22,7,1,3.4,73
KVL-04,2025-10-22,8,1,3.14,67
KVL-04,2025-10-22,10,1,8.53,182
KVL-04,2025-10-22,11,1,20.59,440
KVL-04,2025-10-22,13,1,2.76,59
KVL-04,2025-10-22,15,1,1.51,32
KVL-04,2025-10-22,16,1,2.02,43
KVL-04,2025-10-22,17,1,3.09,66
KVL-04,2025-10-22,18,2,15.68,336
KVL-04,2025-10-22,21,1,2.56,55
KVL-04,2025-10-22,22,1,3.12,67
KVL-04,2025-10-23,5,1,9.1,195
KVL-04,2025-10-23,6,1,35.1,751
KVL-04,2025-10-23,9,1,8.0,171
KVL-04,2025-10-23,14,1,3.21,69
KVL-04,2025-10-23,17,2,32.68,699
KVL-04,2025-10-23,19,1,33.84,724
KVL-04,2025-10-24,5,1,8.86,190
KVL-04,2025-10-24,6,1,1.72,37
KVL-04,2025-10-24,8,1,1.59,34
KVL-04,2025-10-24,13,1,26.18,560
KVL-04,2025-10-24,14,2,4.84,104
KVL-04,2025-10-24,16,2,3.83,82
KVL-04,2025-10-24,17,1,30.11,644
KVL-04,2025-10-25,5,1,8.71,186
KVL-04,2025-10-25,8,1,20.45,437
KVL-04,2025-10-25,9,2,3.78,81
KVL-04,2025-10-25,10,1,7.73,165
KVL-04,2025-10-25,13,1,2.47,53
KVL-04,2025-10-25,14,1,5.98,128
KVL-04,2025-10-25,16,2,33.54,717
KVL-04,2025-10-25,17,1,7.32,157
KVL-04,2025-10-25,20,1,2.68,57
KVL-04,2025-10-25,21,1,1.59,34
KVL-04,2025-10-25,22,1,2.58,55
KVL-04,2025-10-26,7,1,7.96,170
KVL-04,2025-10-26,9,1,3.29,70
KVL-04,2025-10-26,10,1,2.58,55
KVL-04,2025-10-26,11,1,3.01,64
KVL-04,2025-10-26,12,1,2.3,49
KVL-04,2025-10-26,14,2,10.67,228
KVL-04,2025-10-26,15,1,3.35,72
KVL-04,2025-10-26,16,1,2.75,59
KVL-04,2025-10-26,19,2,22.13,474
KVL-04,2025-10-26,21,1,2.24,48
KVL-04,2025-10-27,5,1,6.04,129
KVL-04,2025-10-27,7,1,3.28,70
KVL-04,2025-10-27,8,2,3.33,71
KVL-04,2025-10-27,9,1,5.81,124
KVL-04,2025-10-27,10,1,6.4,137
KVL-04,2025-10-27,12,1,3.39,73
KVL-04,2025-10-27,13,1,2.56,55
KVL-04,2025-10-27,14,2,41.37,885
KVL-04,2025-10-27,20,1,2.73,58
KVL-04,2025-10-27,22,1,23.97,513
KVL-04,2025-10-28,7,2,9.58,205
KVL-04,2025-10-28,8,1,6.64,142
KVL-04,2025-10-28,9,1,34.52,738
KVL-04,2025-10-28,12,1,7.8,167
KVL-04,2025-10-28,15,1,2.7,58
KVL-04,2025-10-28,16,1,1.86,40
KVL-04,2025-10-28,17,1,1.92,41
KVL-04,2025-10-28,18,1,1.55,33
KVL-04,2025-10-28,19,1,35.13,751
KVL-04,2025-10-28,22,1,28.07,600
KVL-04,2025-10-29,5,1,6.01,129
KVL-04,2025-10-29,7,2,9.41,201
KVL-04,2025-10-29,8,1,3.19,68
KVL-04,2025-10-29,9,1,2.74,59
KVL-04,2025-10-29,12,1,3.42,73
KVL-04,2025-10-29,13,1,3.22,69
KVL-04,2025-10-29,15,2,8.19,175
KVL-04,2025-10-29,17,1,2.67,57
KVL-04,2025-10-29,19,1,7.48,160
KVL-04,2025-10-30,6,1,2.67,57
KVL-04,2025-10-30,7,1,7.78,166
KVL-04,2025-10-30,9,1,7.59,162
KVL-04,2025-10-30,11,1,3.4,73
KVL-04,2025-10-30,12,1,2.92,62
KVL-04,2025-10-30,13,1,2.55,55
KVL-04,2025-10-30,14,1,3.38,72
KVL-04,2025-10-30,15,2,10.25,219
KVL-04,2025-10-30,16,1,3.45,74
KVL-04,2025-10-30,18,1,2.05,44
KVL-04,2025-10-30,19,1,19.65,420
KVL-04,2025-10-30,21,1,7.78,166
KVL-04,2025-10-31,7,2,17.8,380
KVL-04,2025-10-31,9,1,1.87,40
KVL-04,2025-10-31,10,1,2.6,56
KVL-04,2025-10-31,12,1,2.35,50
KVL-04,2025-10-31,15,1,1.63,35
KVL-04,2025-10-31,18,2,23.72,507
KVL-04,2025-10-31,19,1,8.06,172
KVL-04,2025-10-31,23,1,3.22,69
KVL-04,2025-11-01,8,2,25.9,554
KVL-04,2025-11-01,11,1,3.37,72
KVL-04,2025-11-01,13,1,8.96,192
KVL-04,2025-11-01,16,1,5.85,125
KVL-04,2025-11-01,19,2,6.84,147
KVL-04,2025-11-01,21,1,29.61,633
KVL-04,2025-11-01,22,1,8.63,185
KVL-04,2025-11-02,0,1,20.34,435
KVL-04,2025-11-02,2,1,2.99,64
KVL-04,2025-11-02,8,2,15.98,342
KVL-04,2025-11-02,11,1,1.89,40
KVL-04,2025-11-02,12,1,1.94,41
KVL-04,2025-11-02,14,1,2.5,53
KVL-04,2025-11-02,15,1,1.54,33
KVL-04,2025-11-02,16,2,4.96,106
KVL-04,2025-11-02,19,1,2.86,61
KVL-04,2025-11-02,20,2,5.9,126
KVL-04,2025-11-02,21,1,1.89,40
KVL-04,2025-11-03,5,1,34.96,748
KVL-04,2025-11-03,7,1,35.0,749
KVL-04,2025-11-03,18,1,1.95,42
KVL-04,2025-11-03,19,1,2.44,52
KVL-04,2025-11-03,21,1,34.33,734
KVL-04,2025-11-03,22,1,1.78,38
KVL-04,2025-11-04,6,1,3.15,67
KVL-04,2025-11-04,7,1,23.07,493
KVL-04,2025-11-04,10,1,26.74,572
KVL-04,2025-11-04,16,1,26.44,566
KVL-04,2025-11-04,21,1,3.2,68
KVL-04,2025-11-05,8,1,2.2,47
KVL-04,2025-11-05,11,1,6.24,133
KVL-04,2025-11-05,14,2,4.7,101
KVL-04,2025-11-05,15,1,3.16,68
KVL-04,2025-11-05,16,1,3.41,73
KVL-04,2025-11-05,17,1,1.71,37
KVL-04,2025-11-05,18,2,5.19,111
KVL-04,2025-11-05,19,3,8.29,177
KVL-04,2025-11-05,21,1,1.58,34
KVL-04,2025-11-05,22,1,1.82,39
KVL-04,2025-11-06,9,2,5.39,115
KVL-04,2025-11-06,10,2,5.8,124
KVL-04,2025-11-06,11,1,2.7,58
KVL-04,2025-11-06,14,2,12.82,275
KVL-04,2025-11-06,17,2,12.38,265
KVL-04,2025-11-06,18,1,7.21,154
KVL-04,2025-11-06,21,1,3.05,65
KVL-04,2025-11-07,7,1,1.72,37
KVL-04,2025-11-07,8,2,8.67,185
KVL-04,2025-11-07,9,1,1.71,37
KVL-04,2025-11-07,11,1,2.44,52
KVL-04,2025-11-07,12,1,26.41,565
KVL-04,2025-11-07,13,2,3.61,77
KVL-04,2025-11-07,14,1,30.0,642
KVL-04,2025-11-07,23,1,3.21,69
KVL-04,2025-11-08,0,1,7.66,164
KVL-04,2025-11-08,5,1,3.4,73
KVL-04,2025-11-08,6,1,2.76,59
KVL-04,2025-11-08,7,1,3.04,65
KVL-04,2025-11-08,8,1,2.89,62
KVL-04,2025-11-08,9,1,2.76,59
KVL-04,2025-11-08,10,1,10.0,214
KVL-04,2025-11-08,12,2,5.05,108
KVL-04,2025-11-08,13,1,6.88,147
KVL-04,2025-11-08,14,1,29.73,636
KVL-04,2025-11-08,17,1,25.96,555
KVL-04,2025-11-09,7,1,2.98,64
KVL-04,2025-11-09,8,2,25.93,555
KVL-04,2025-11-09,11,1,3.2,68
KVL-04,2025-11-09,12,1,1.75,37
KVL-04,2025-11-09,13,1,3.09,66
KVL-04,2025-11-09,16,2,10.94,234
KVL-04,2025-11-09,17,1,3.38,72
KVL-04,2025-11-09,18,1,2.05,44
KVL-04,2025-11-09,20,2,31.21,668
KVL-04,2025-11-09,22,1,5.05,108
KVL-04,2025-11-10,5,1,34.38,735
KVL-04,2025-11-10,7,1,3.29,70
KVL-04,2025-11-10,8,1,9.14,196
KVL-04,2025-11-10,11,1,2.75,59
KVL-04,2025-11-10,12,1,2.67,57
KVL-04,2025-11-10,17,1,1.98,42
KVL-04,2025-11-10,18,2,42.13,901
KVL-04,2025-11-11,7,2,5.8,124
KVL-04,2025-11-11,8,2,21.22,454
KVL-04,2025-11-11,9,1,2.84,61
KVL-04,2025-11-11,10,1,2.66,57
KVL-04,2025-11-11,11,1,7.74,166
KVL-04,2025-11-11,14,1,7.29,156
KVL-04,2025-11-11,16,1,8.26,177
KVL-04,2025-11-11,18,1,1.72,37
KVL-04,2025-11-11,20,1,1.73,37
KVL-04,2025-11-11,21,2,6.82,145
KVL-04,2025-11-12,8,2,9.9,211
KVL-04,2025-11-12,11,1,7.55,161
KVL-04,2025-11-12,12,1,22.16,474
KVL-04,2025-11-12,14,1,2.65,57
KVL-04,2025-11-12,16,1,26.99,577
KVL-04,2025-11-12,20,1,1.7,36
KVL-04,2025-11-12,22,1,2.71,58
KVL-04,2025-11-13,3,1,5.57,119
KVL-04,2025-11-13,8,2,4.26,91
KVL-04,2025-11-13,9,1,2.91,62
KVL-04,2025-11-13,11,1,7.58,162
KVL-04,2025-11-13,12,1,3.18,68
KVL-04,2025-11-13,13,1,9.98,213
KVL-04,2025-11-13,15,1,3.19,68
KVL-04,2025-11-13,16,1,6.71,144
KVL-04,2025-11-13,17,1,1.52,33
KVL-04,2025-11-13,18,1,2.35,50
KVL-04,2025-11-13,19,2,11.45,245
KVL-04,2025-11-13,22,1,2.7,58
KVL-04,2025-11-14,5,1,2.79,60
KVL-04,2025-11-14,6,1,3.17,68
KVL-04,2025-11-14,9,2,31.95,683
KVL-04,2025-11-14,10,1,2.31,49
KVL-04,2025-11-14,12,1,9.26,198
KVL-04,2025-11-14,15,1,25.96,555
KVL-04,2025-11-14,20,1,30.84,660
KVL-04,2025-11-15,6,1,15.93,341
KVL-04,2025-11-15,7,1,6.08,130
KVL-04,2025-11-15,9,1,2.64,56
KVL-04,2025-11-15,11,1,8.05,172
KVL-04,2025-11-15,12,1,3.03,65
KVL-04,2025-11-15,13,1,1.9,41
KVL-04,2025-11-15,15,1,21.83,467
KVL-04,2025-11-15,16,1,1.56,33
KVL-04,2025-11-15,17,1,7.25,155
KVL-04,2025-11-15,20,1,2.44,52
KVL-04,2025-11-16,1,2,4.88,105
KVL-04,2025-11-16,4,1,1.58,34
KVL-04,2025-11-16,6,2,5.08,109
KVL-04,2025-11-16,7,2,9.11,194
KVL-04,2025-11-16,9,1,2.45,52
KVL-04,2025-11-16,10,1,6.54,140
KVL-04,2025-11-16,11,2,4.33,92
KVL-04,2025-11-16,13,1,3.37,72
KVL-04,2025-11-16,14,1,2.34,50
KVL-04,2025-11-16,15,1,25.75,551
KVL-04,2025-11-16,16,1,5.05,108
KVL-04,2025-11-16,18,1,1.71,37
KVL-04,2025-11-16,19,1,7.81,167
KVL-04,2025-11-17,6,1,34.06,729
KVL-04,2025-11-17,7,1,3.1,66
KVL-04,2025-11-17,11,1,2.76,59
KVL-04,2025-11-17,12,1,2.0,43
KVL-04,2025-11-17,13,1,2.51,54
KVL-04,2025-11-17,15,1,2.8,60
KVL-04,2025-11-17,18,1,7.0,150
KVL-04,2025-11-17,20,1,3.19,68
KVL-04,2025-11-18,4,1,3.31,71
KVL-04,2025-11-18,6,1,2.46,53
KVL-04,2025-11-18,8,1,2.17,46
KVL-04,2025-11-18,9,1,16.76,359
KVL-04,2025-11-18,12,1,32.66,699
KVL-04,2025-11-18,17,1,2.44,52
KVL-04,2025-11-18,18,1,3.05,65
KVL-04,2025-11-18,19,1,5.29,113
KVL-04,2025-11-19,1,1,2.49,53
KVL-04,2025-11-19,6,1,1.53,33
KVL-04,2025-11-19,9,3,14.18,304
KVL-04,2025-11-19,10,1,2.93,63
KVL-04,2025-11-19,12,2,34.72,742
KVL-04,2025-11-19,13,1,9.13,195
KVL-04,2025-11-19,17,1,1.9,41
KVL-04,2025-11-19,18,1,6.63,142
KVL-04,2025-11-19,21,1,3.05,65
KVL-04,2025-11-19,23,1,1.55,33
KVL-04,2025-11-20,6,1,6.48,139
KVL-04,2025-11-20,7,1,1.88,40
KVL-04,2025-11-20,8,1,9.42,201
KVL-04,2025-11-20,9,1,2.41,52
KVL-04,2025-11-20,10,1,22.11,473
KVL-04,2025-11-20,12,1,2.92,62
KVL-04,2025-11-20,13,1,1.85,40
KVL-04,2025-11-20,16,1,2.23,48
KVL-04,2025-11-20,17,2,33.16,710
KVL-04,2025-11-20,19,1,1.96,42
KVL-04,2025-11-20,21,1,2.47,53
KVL-04,2025-11-20,22,1,20.1,430
KVL-04,2025-11-21,6,1,6.41,137
KVL-04,2025-11-21,9,1,1.73,37
KVL-04,2025-11-21,11,2,4.86,104
KVL-04,2025-11-21,13,2,20.36,436
KVL-04,2025-11-21,14,1,2.46,53
KVL-04,2025-11-21,15,1,1.68,36
KVL-04,2025-11-21,16,1,2.65,57
KVL-04,2025-11-21,17,1,9.49,203
KVL-04,2025-11-21,21,2,4.04,87
KVL-04,2025-11-21,22,2,28.1,601
KVL-04,2025-11-22,1,1,2.31,49
KVL-04,2025-11-22,4,1,9.07,194
KVL-04,2025-11-22,8,1,1.71,37
KVL-04,2025-11-22,10,1,3.05,65
KVL-04,2025-11-22,11,1,2.75,59
KVL-04,2025-11-22,15,2,5.12,110
KVL-04,2025-11-22,17,2,41.56,889
KVL-04,2025-11-22,23,1,1.62,35
KVL-04,2025-11-23,6,2,35.15,752
KVL-04,2025-11-23,8,1,8.5,182
KVL-04,2025-11-23,15,1,2.96,63
KVL-04,2025-11-23,16,2,10.84,232
KVL-04,2025-11-23,17,1,2.99,64
KVL-04,2025-11-23,19,1,2.95,63
KVL-04,2025-11-23,20,1,15.82,338
KVL-04,2025-11-23,21,1,2.15,46
KVL-04,2025-11-23,22,1,1.77,38
KVL-04,2025-11-24,6,1,31.65,677
KVL-04,2025-11-24,8,1,5.49,117
KVL-04,2025-11-24,10,1,3.41,73
KVL-04,2025-11-24,12,1,7.73,165
KVL-04,2025-11-24,16,1,3.06,65
KVL-04,2025-11-24,17,1,21.09,451
KVL-04,2025-11-24,18,1,2.44,52
KVL-04,2025-11-24,19,1,8.1,173
KVL-04,2025-11-25,7,2,5.7,122
KVL-04,2025-11-25,8,1,3.06,65
KVL-04,2025-11-25,9,1,19.83,424
KVL-04,2025-11-25,12,1,7.54,161
KVL-04,2025-11-25,15,1,1.77,38
KVL-04,2025-11-25,17,2,5.99,128
KVL-04,2025-11-25,18,1,6.14,131
KVL-04,2025-11-25,20,1,2.66,57
KVL-04,2025-11-25,21,1,2.14,46
KVL-04,2025-11-25,22,2,22.33,477
KVL-04,2025-11-26,7,2,11.86,254
KVL-04,2025-11-26,9,1,3.35,72
KVL-04,2025-11-26,10,1,9.79,209
KVL-04,2025-11-26,14,1,2.41,52
KVL-04,2025-11-26,15,2,37.89,811
KVL-04,2025-11-26,16,1,30.49,652
KVL-04,2025-11-27,5,1,1.97,42
KVL-04,2025-11-27,6,2,24.84,532
KVL-04,2025-11-27,8,1,2.99,64
KVL-04,2025-11-27,9,1,1.61,34
KVL-04,2025-11-27,11,1,6.87,147
KVL-04,2025-11-27,13,1,2.75,59
KVL-04,2025-11-27,14,1,9.92,212
KVL-04,2025-11-27,15,1,2.5,53
KVL-04,2025-11-27,17,2,23.69,507
KVL-04,2025-11-27,20,1,2.83,61
KVL-04,2025-11-27,21,1,36.5,781
KVL-04,2025-11-28,6,1,16.65,356
KVL-04,2025-11-28,7,1,36.17,774
KVL-04,2025-11-28,12,1,2.88,62
KVL-04,2025-11-28,13,1,3.03,65
KVL-04,2025-11-28,15,1,3.4,73
KVL-04,2025-11-28,16,1,23.82,510
KVL-04,2025-11-28,20,1,2.22,47
KVL-04,2025-11-29,4,1,2.07,44
KVL-04,2025-11-29,7,1,2.35,50
KVL-04,2025-11-29,8,2,5.53,119
KVL-04,2025-11-29,9,1,2.14,46
KVL-04,2025-11-29,10,1,7.35,157
KVL-04,2025-11-29,13,1,2.9,62
KVL-04,2025-11-29,14,2,12.83,275
KVL-04,2025-11-29,16,1,17.76,380
KVL-04,2025-11-29,17,1,2.97,64
KVL-04,2025-11-29,19,1,2.66,57
KVL-04,2025-11-29,20,1,6.15,132
KVL-04,2025-11-29,22,1,2.7,58
KVL-04,2025-11-30,7,1,3.21,69
KVL-04,2025-11-30,8,1,9.57,205
KVL-04,2025-11-30,12,3,11.91,255
KVL-04,2025-11-30,14,1,3.22,69
KVL-04,2025-11-30,15,2,9.63,206
KVL-04,2025-11-30,16,1,2.58,55
KVL-04,2025-11-30,17,1,2.03,43
KVL-04,2025-11-30,18,1,37.82,809
KVL-04,2025-11-30,19,1,2.96,63
KVL-04,2025-11-30,20,1,3.29,70
KVL-04,2025-12-01,6,1,5.06,108
KVL-04,2025-12-01,7,1,2.52,54
KVL-04,2025-12-01,9,3,34.32,734
KVL-04,2025-12-01,11,1,1.66,36
KVL-04,2025-12-01,12,1,3.31,71
KVL-04,2025-12-01,15,1,1.77,38
KVL-04,2025-12-01,17,1,15.87,339
KVL-04,2025-12-01,20,1,2.9,62
KVL-04,2025-12-02,0,1,6.15,132
KVL-04,2025-12-02,5,1,3.44,74
KVL-04,2025-12-02,6,3,11.2,239
KVL-04,2025-12-02,7,1,1.74,37
KVL-04,2025-12-02,9,1,3.46,74
KVL-04,2025-12-02,13,2,33.26,711
KVL-04,2025-12-02,16,1,3.32,71
KVL-04,2025-12-02,17,1,2.31,49
KVL-04,2025-12-02,19,1,2.25,48
KVL-04,2025-12-02,20,1,1.8,39
KVL-04,2025-12-02,21,1,3.42,73
KVL-04,2025-12-02,22,1,9.74,208
KVL-04,2025-12-03,6,2,9.07,194
KVL-04,2025-12-03,7,1,2.85,61
KVL-04,2025-12-03,8,1,32.75,701
KVL-04,2025-12-03,9,1,2.74,59
KVL-04,2025-12-03,10,1,3.21,69
KVL-04,2025-12-03,14,1,36.93,790
KVL-04,2025-12-03,20,1,2.55,55
KVL-04,2025-12-03,21,1,17.39,372
KVL-04,2025-12-04,8,1,2.88,62
KVL-04,2025-12-04,10,1,2.31,49
KVL-04,2025-12-04,12,2,16.23,347
KVL-04,2025-12-04,14,1,2.8,60
KVL-04,2025-12-04,15,1,3.47,74
KVL-04,2025-12-04,17,2,26.86,575
KVL-04,2025-12-04,19,1,7.21,154
KVL-04,2025-12-05,7,1,3.2,68
KVL-04,2025-12-05,8,1,2.84,61
KVL-04,2025-12-05,9,2,5.9,126
KVL-04,2025-12-05,11,2,14.05,301
KVL-04,2025-12-05,14,1,5.45,117
KVL-04,2025-12-05,17,1,5.99,128
KVL-04,2025-12-05,18,1,2.33,50
KVL-04,2025-12-05,19,2,5.62,120
KVL-04,2025-12-05,20,2,10.64,228
KVL-04,2025-12-06,5,1,3.31,71
KVL-04,2025-12-06,6,1,2.01,43
KVL-04,2025-12-06,7,2,11.19,239
KVL-04,2025-12-06,8,1,3.04,65
KVL-04,2025-12-06,9,1,2.27,49
KVL-04,2025-12-06,10,1,2.13,46
KVL-04,2025-12-06,12,1,2.63,56
KVL-04,2025-12-06,16,2,5.03,108
KVL-04,2025-12-06,17,2,11.29,241
KVL-04,2025-12-06,18,1,27.95,598
KVL-04,2025-12-06,20,1,7.03,150
KVL-04,2025-12-07,8,2,56.72,1214
KVL-04,2025-12-07,15,1,2.59,55
KVL-04,2025-12-07,16,1,16.46,352
KVL-04,2025-12-08,5,2,4.39,94
KVL-04,2025-12-08,10,1,1.97,42
KVL-04,2025-12-08,11,2,38.51,824
KVL-04,2025-12-08,12,1,2.24,48
KVL-04,2025-12-08,13,1,7.69,164
KVL-04,2025-12-08,21,1,3.24,69
KVL-04,2025-12-09,7,3,14.76,316
KVL-04,2025-12-09,9,1,2.75,59
KVL-04,2025-12-09,10,1,35.02,749
KVL-04,2025-12-09,11,1,2.85,61
KVL-04,2025-12-09,13,1,2.58,55
KVL-04,2025-12-09,14,1,2.21,47
KVL-04,2025-12-09,18,1,2.38,51
KVL-04,2025-12-09,19,1,15.67,335
KVL-04,2025-12-10,3,1,2.55,55
KVL-04,2025-12-10,7,1,2.13,46
KVL-04,2025-12-10,8,1,2.18,47
KVL-04,2025-12-10,9,2,5.54,118
KVL-04,2025-12-10,12,1,3.49,75
KVL-04,2025-12-10,13,1,1.96,42
KVL-04,2025-12-10,14,1,6.53,140
KVL-04,2025-12-10,15,1,3.15,67
KVL-04,2025-12-10,16,1,2.18,47
KVL-04,2025-12-10,17,2,15.74,336
KVL-04,2025-12-10,20,1,26.64,570
KVL-04,2025-12-11,0,1,2.95,63
KVL-04,2025-12-11,6,2,5.64,120
KVL-04,2025-12-11,7,2,4.13,88
KVL-04,2025-12-11,8,1,2.31,49
KVL-04,2025-12-11,9,1,3.33,71
KVL-04,2025-12-11,11,3,13.73,293
KVL-04,2025-12-11,12,1,15.4,329
KVL-04,2025-12-11,14,1,2.18,47
KVL-04,2025-12-11,15,1,3.09,66
KVL-04,2025-12-11,17,1,6.97,149
KVL-04,2025-12-11,18,1,24.72,529
KVL-04,2025-12-11,20,1,14.82,317
KVL-04,2025-12-12,4,1,2.0,43
KVL-04,2025-12-12,6,1,22.94,491
KVL-04,2025-12-12,8,1,1.71,37
KVL-04,2025-12-12,9,1,7.69,164
KVL-04,2025-12-12,12,1,26.12,559
KVL-04,2025-12-12,14,1,6.04,129
KVL-04,2025-12-12,17,1,25.45,544
KVL-04,2025-12-12,21,1,1.75,37
KVL-04,2025-12-13,5,1,1.66,36
KVL-04,2025-12-13,8,2,21.16,452
KVL-04,2025-12-13,9,1,6.36,136
KVL-04,2025-12-13,12,1,3.21,69
KVL-04,2025-12-13,13,1,37.14,794
KVL-04,2025-12-13,15,1,2.3,49
KVL-04,2025-12-13,16,1,18.19,389
KVL-04,2025-12-14,8,1,2.23,48
KVL-04,2025-12-14,9,2,12.68,271
KVL-04,2025-12-14,11,1,8.37,179
KVL-04,2025-12-14,18,2,9.66,207
KVL-04,2025-12-14,19,1,14.56,311
KVL-04,2025-12-14,20,1,1.71,37
KVL-04,2025-12-14,21,1,5.13,110
KVL-04,2025-12-15,6,2,4.73,102
KVL-04,2025-12-15,7,1,9.94,213
KVL-04,2025-12-15,9,1,2.11,45
KVL-04,2025-12-15,10,2,4.68,100
KVL-04,2025-12-15,13,2,4.71,100
KVL-04,2025-12-15,14,1,2.79,60
KVL-04,2025-12-15,15,2,5.18,111
KVL-04,2025-12-15,16,1,2.07,44
KVL-04,2025-12-15,17,1,35.45,758
KVL-04,2025-12-15,18,1,10.0,214
KVL-04,2025-12-16,5,1,2.62,56
KVL-04,2025-12-16,6,1,2.04,44
KVL-04,2025-12-16,7,2,5.36,114
KVL-04,2025-12-16,8,1,3.46,74
KVL-04,2025-12-16,10,2,5.08,108
KVL-04,2025-12-16,11,1,2.72,58
KVL-04,2025-12-16,14,2,4.2,90
KVL-04,2025-12-16,17,2,28.24,605
KVL-04,2025-12-16,18,1,3.23,69
KVL-04,2025-12-16,23,1,3.28,70
KVL-04,2025-12-17,6,1,2.58,55
KVL-04,2025-12-17,7,1,2.58,55
KVL-04,2025-12-17,8,2,5.52,118
KVL-04,2025-12-17,9,2,4.36,93
KVL-04,2025-12-17,10,1,32.23,689
KVL-04,2025-12-17,11,1,1.52,33
KVL-04,2025-12-17,13,1,24.97,534
KVL-04,2025-12-17,21,1,36.02,770
KVL-04,2025-12-17,22,1,8.9,190
KVL-04,2025-12-18,5,1,37.19,796
KVL-04,2025-12-18,7,1,24.52,524
KVL-04,2025-12-18,16,1,1.56,33
KVL-04,2025-12-18,17,1,6.68,143
KVL-04,2025-12-18,19,2,5.89,126
KVL-04,2025-12-18,20,1,8.62,184
KVL-04,2025-12-18,22,1,21.2,453
KVL-04,2025-12-19,2,1,9.73,208
KVL-04,2025-12-19,9,2,8.4,180
KVL-04,2025-12-19,10,1,3.25,70
KVL-04,2025-12-19,11,1,3.21,69
KVL-04,2025-12-19,12,1,2.5,53
KVL-04,2025-12-19,14,1,2.82,60
KVL-04,2025-12-19,18,1,9.2,197
KVL-04,2025-12-20,7,1,9.37,200
KVL-04,2025-12-20,8,1,2.02,43
KVL-04,2025-12-20,9,1,2.01,43
KVL-04,2025-12-20,10,1,1.71,37
KVL-04,2025-12-20,11,2,59.14,1265
KVL-04,2025-12-20,20,1,27.32,584
KVL-04,2025-12-21,0,1,6.16,132
KVL-04,2025-12-21,5,1,3.47,74
KVL-04,2025-12-21,6,1,1.65,35
KVL-04,2025-12-21,7,1,1.67,36
KVL-04,2025-12-21,8,1,7.37,158
KVL-04,2025-12-21,9,1,26.36,564
KVL-04,2025-12-21,12,1,6.84,146
KVL-04,2025-12-21,15,1,2.58,55
KVL-04,2025-12-21,16,1,9.59,205
KVL-04,2025-12-21,19,1,8.14,174
KVL-04,2025-12-21,20,1,1.88,40
KVL-04,2025-12-22,7,1,1.95,42
KVL-04,2025-12-22,8,2,29.17,624
KVL-04,2025-12-22,12,1,2.85,61
KVL-04,2025-12-22,13,1,2.37,51
KVL-04,2025-12-22,14,1,5.77,123
KVL-04,2025-12-22,16,1,6.32,135
KVL-04,2025-12-22,17,1,3.49,75
KVL-04,2025-12-22,18,1,26.74,572
KVL-04,2025-12-22,19,1,37.07,793
KVL-04,2025-12-23,0,1,5.77,123
KVL-04,2025-12-23,7,1,2.33,50
KVL-04,2025-12-23,10,1,23.63,505
KVL-04,2025-12-23,13,1,2.45,52
KVL-04,2025-12-23,15,1,3.08,66
KVL-04,2025-12-23,17,1,2.82,60
KVL-04,2025-12-23,19,1,3.24,69
KVL-04,2025-12-23,20,1,2.2,47
KVL-04,2025-12-23,21,1,2.81,60
KVL-04,2025-12-23,22,1,1.85,40
KVL-04,2025-12-24,7,1,2.49,53
KVL-04,2025-12-24,9,2,8.22,176
KVL-04,2025-12-24,10,1,2.89,62
KVL-04,2025-12-24,11,1,1.98,42
KVL-04,2025-12-24,12,2,4.82,103
KVL-04,2025-12-24,15,2,5.22,112
KVL-04,2025-12-24,17,2,10.97,235
KVL-04,2025-12-24,18,1,2.77,59
KVL-04,2025-12-24,19,1,1.91,41
KVL-04,2025-12-24,20,1,1.53,33
KVL-04,2025-12-24,21,1,37.41,800
KVL-04,2025-12-24,23,1,3.28,70
KVL-04,2025-12-25,7,1,2.17,46
KVL-04,2025-12-25,8,1,7.79,167
KVL-04,2025-12-25,10,1,2.34,50
KVL-04,2025-12-25,11,2,33.46,716
KVL-04,2025-12-25,14,1,3.42,73
KVL-04,2025-12-25,15,1,28.96,619
KVL-04,2025-12-25,21,1,3.22,69
KVL-04,2025-12-25,22,1,5.83,125
KVL-04,2025-12-26,6,2,18.58,398
KVL-04,2025-12-26,8,1,2.18,47
KVL-04,2025-12-26,9,1,5.74,123
KVL-04,2025-12-26,11,1,7.47,160
KVL-04,2025-12-26,12,1,9.49,203
KVL-04,2025-12-26,16,2,5.07,108
KVL-04,2025-12-26,17,2,8.45,180
KVL-04,2025-12-26,19,2,5.96,127
KVL-04,2025-12-26,20,2,40.43,865
KVL-04,2025-12-26,21,1,1.78,38
KVL-04,2025-12-27,7,1,3.08,66
KVL-04,2025-12-27,8,1,32.64,698
KVL-04,2025-12-27,9,1,1.71,37
KVL-04,2025-12-27,10,2,4.32,93
KVL-04,2025-12-27,12,1,19.57,419
KVL-04,2025-12-27,19,1,2.42,52
KVL-04,2025-12-27,20,1,3.31,71
KVL-04,2025-12-28,5,1,2.81,60
KVL-04,2025-12-28,6,1,3.32,71
KVL-04,2025-12-28,7,2,4.74,102
KVL-04,2025-12-28,8,1,7.19,154
KVL-04,2025-12-28,9,1,7.24,155
KVL-04,2025-12-28,11,1,1.62,35
KVL-04,2025-12-28,12,3,10.87,232
KVL-04,2025-12-28,13,1,2.4,51
KVL-04,2025-12-28,14,1,1.93,41
KVL-04,2025-12-28,15,1,14.36,307
KVL-04,2025-12-28,18,1,3.01,64
KVL-04,2025-12-28,19,1,1.86,40
KVL-04,2025-12-28,20,2,3.87,83
KVL-04,2025-12-29,5,1,24.94,533
KVL-04,2025-12-29,6,1,3.26,70
KVL-04,2025-12-29,7,1,5.58,119
KVL-04,2025-12-29,9,1,18.83,403
KVL-04,2025-12-29,14,1,18.92,405
KVL-04,2025-12-29,16,1,2.5,53
KVL-04,2025-12-29,17,1,18.22,390
KVL-04,2025-12-29,21,1,2.4,51
KVL-04,2025-12-30,5,1,26.7,571
KVL-04,2025-12-30,8,1,31.76,679
KVL-04,2025-12-30,15,1,2.4,51
KVL-04,2025-12-30,18,1,3.4,73
KVL-04,2025-12-30,19,2,8.84,189
KVL-04,2025-12-30,20,1,2.77,59
KVL-04,2025-12-30,21,1,6.2,133
KVL-04,2025-12-30,23,1,1.75,37
KVL-04,2025-12-31,5,1,31.01,663
KVL-04,2025-12-31,7,1,2.67,57
KVL-04,2025-12-31,9,1,2.54,54
KVL-04,2025-12-31,10,1,2.07,44
KVL-04,2025-12-31,11,1,1.99,43
KVL-04,2025-12-31,13,1,6.43,138
KVL-04,2025-12-31,16,1,5.71,122
KVL-04,2025-12-31,17,1,7.5,160
KVL-04,2025-12-31,18,1,5.62,120
KVL-04,2026-01-01,0,1,2.57,55
KVL-04,2026-01-01,6,1,3.34,71
KVL-04,2026-01-01,8,2,3.36,72
KVL-04,2026-01-01,9,2,12.72,272
KVL-04,2026-01-01,11,1,3.16,68
KVL-04,2026-01-01,12,1,1.9,41
KVL-04,2026-01-01,13,2,4.85,104
KVL-04,2026-01-01,14,1,2.85,61
KVL-04,2026-01-01,15,2,24.13,517
KVL-04,2026-01-01,17,1,8.91,191
KVL-04,2026-01-01,20,1,3.1,66
KVL-04,2026-01-01,21,1,17.68,378
KVL-04,2026-01-01,22,1,7.86,168
KVL-04,2026-01-02,10,2,11.75,251
KVL-04,2026-01-02,11,1,2.82,60
KVL-04,2026-01-02,13,2,9.24,198
KVL-04,2026-01-02,14,1,17.28,370
KVL-04,2026-01-02,17,1,9.34,200
KVL-04,2026-01-02,22,2,32.19,689
KVL-04,2026-01-03,8,2,9.12,195
KVL-04,2026-01-03,11,1,2.25,48
KVL-04,2026-01-03,12,1,8.78,188
KVL-04,2026-01-03,13,1,1.9,41
KVL-04,2026-01-03,15,1,16.9,361
KVL-04,2026-01-03,16,1,7.87,168
KVL-04,2026-01-03,19,1,3.26,70
KVL-04,2026-01-04,3,1,2.4,51
KVL-04,2026-01-04,7,3,62.64,1341
KVL-04,2026-01-04,17,1,2.01,43
KVL-04,2026-01-04,18,1,3.45,74
KVL-04,2026-01-04,20,1,2.2,47
KVL-04,2026-01-04,21,2,34.68,742
KVL-04,2026-01-05,5,1,2.67,57
KVL-04,2026-01-05,6,1,7.01,150
KVL-04,2026-01-05,7,1,25.51,546
KVL-04,2026-01-05,10,1,2.63,56
KVL-04,2026-01-05,11,1,1.97,42
KVL-04,2026-01-05,12,1,2.55,55
KVL-04,2026-01-05,13,1,2.23,48
KVL-04,2026-01-05,17,2,6.14,132
KVL-04,2026-01-05,18,2,30.67,656
KVL-04,2026-01-05,20,1,3.35,72
KVL-04,2026-01-05,21,1,1.7,36
KVL-04,2026-01-06,6,1,2.92,62
KVL-04,2026-01-06,7,1,1.69,36
KVL-04,2026-01-06,8,2,11.96,256
KVL-04,2026-01-06,10,1,2.08,44
KVL-04,2026-01-06,13,1,8.21,176
KVL-04,2026-01-06,14,1,2.18,47
KVL-04,2026-01-06,15,1,1.8,39
KVL-04,2026-01-06,16,2,40.13,859
KVL-04,2026-01-06,17,1,6.1,130
KVL-04,2026-01-06,20,1,6.17,132
KVL-04,2026-01-07,7,2,29.57,632
KVL-04,2026-01-07,8,1,33.37,714
KVL-04,2026-01-07,17,1,5.1,109
KVL-04,2026-01-07,20,1,7.13,153
KVL-04,2026-01-07,21,1,9.47,203
KVL-04,2026-01-08,6,1,1.52,33
KVL-04,2026-01-08,9,1,1.86,40
KVL-04,2026-01-08,11,1,30.24,647
KVL-04,2026-01-08,12,1,2.37,51
KVL-04,2026-01-08,13,1,15.57,333
KVL-04,2026-01-08,18,1,2.96,63
KVL-04,2026-01-08,19,1,5.75,123
KVL-04,2026-01-08,21,1,1.76,38
KVL-04,2026-01-09,7,2,16.94,363
KVL-04,2026-01-09,10,2,10.28,219
KVL-04,2026-01-09,14,2,4.08,87
KVL-04,2026-01-09,16,2,5.72,123
KVL-04,2026-01-09,18,1,3.42,73
KVL-04,2026-01-09,20,1,2.84,61
KVL-04,2026-01-10,5,1,27.05,579
KVL-04,2026-01-10,6,1,17.19,368
KVL-04,2026-01-10,12,1,2.64,56
KVL-04,2026-01-10,15,1,2.86,61
KVL-04,2026-01-10,18,2,8.55,183
KVL-04,2026-01-10,19,1,31.9,682
KVL-04,2026-01-10,20,1,26.68,571
KVL-04,2026-01-11,6,2,4.2,90
KVL-04,2026-01-11,7,2,3.87,83
KVL-04,2026-01-11,9,2,11.96,256
KVL-04,2026-01-11,12,1,1.94,41
KVL-04,2026-01-11,13,2,19.3,412
KVL-04,2026-01-11,14,1,5.03,108
KVL-04,2026-01-11,16,1,15.08,323
KVL-04,2026-01-11,19,1,26.86,575
KVL-04,2026-01-11,21,1,2.12,45
KVL-04,2026-01-11,22,1,3.1,66
KVL-04,2026-01-12,2,1,2.51,54
KVL-04,2026-01-12,7,1,16.23,347
KVL-04,2026-01-12,8,1,3.2,68
KVL-04,2026-01-12,9,1,36.27,776
KVL-04,2026-01-12,13,1,6.75,144
KVL-04,2026-01-12,16,1,2.73,58
KVL-04,2026-01-12,17,1,8.89,190
KVL-04,2026-01-12,22,1,1.63,35
KVL-04,2026-01-13,4,1,26.68,571
KVL-04,2026-01-13,5,1,2.8,60
KVL-04,2026-01-13,6,1,2.21,47
KVL-04,2026-01-13,7,1,2.63,56
KVL-04,2026-01-13,8,1,17.31,370
KVL-04,2026-01-13,14,1,2.26,48
KVL-04,2026-01-13,15,2,32.86,703
KVL-04,2026-01-13,19,1,2.63,56
KVL-04,2026-01-13,20,1,3.35,72
KVL-04,2026-01-13,21,1,1.95,42
KVL-04,2026-01-14,1,1,3.23,69
KVL-04,2026-01-14,2,1,1.55,33
KVL-04,2026-01-14,7,2,4.86,104
KVL-04,2026-01-14,8,3,10.72,229
KVL-04,2026-01-14,9,2,10.54,225
KVL-04,2026-01-14,12,1,3.39,73
KVL-04,2026-01-14,13,1,32.49,695
KVL-04,2026-01-14,14,1,36.14,773
KVL-04,2026-01-15,6,2,5.63,120
KVL-04,2026-01-15,7,2,35.48,759
KVL-04,2026-01-15,10,1,2.3,49
KVL-04,2026-01-15,11,1,2.84,61
KVL-04,2026-01-15,12,1,9.92,212
KVL-04,2026-01-15,17,1,2.6,56
KVL-04,2026-01-15,18,1,2.67,57
KVL-04,2026-01-15,19,1,31.41,672
KVL-04,2026-01-15,20,2,10.9,233
KVL-04,2026-01-16,0,1,1.75,37
KVL-04,2026-01-16,7,2,4.9,104
KVL-04,2026-01-16,9,1,17.03,364
KVL-04,2026-01-16,11,1,31.99,684
KVL-04,2026-01-16,15,1,9.3,199
KVL-04,2026-01-16,19,2,4.69,101
KVL-04,2026-01-16,21,1,8.33,178
KVL-04,2026-01-17,8,2,23.83,509
KVL-04,2026-01-17,12,1,6.66,142
KVL-04,2026-01-17,13,1,3.23,69
KVL-04,2026-01-17,16,1,26.06,557
KVL-04,2026-01-17,18,1,2.53,54
KVL-04,2026-01-17,19,1,7.06,151
KVL-04,2026-01-18,6,1,3.38,72
KVL-04,2026-01-18,7,1,1.89,40
KVL-04,2026-01-18,8,2,35.28,755
KVL-04,2026-01-18,10,1,3.29,70
KVL-04,2026-01-18,12,1,2.32,50
KVL-04,2026-01-18,13,1,1.65,35
KVL-04,2026-01-18,14,1,19.83,424
KVL-04,2026-01-18,19,1,5.72,122
KVL-04,2026-01-19,7,1,2.53,54
KVL-04,2026-01-19,8,1,7.1,152
KVL-04,2026-01-19,9,1,3.38,72
KVL-04,2026-01-19,10,1,1.61,34
KVL-04,2026-01-19,11,1,1.88,40
KVL-04,2026-01-19,13,2,36.96,791
KVL-04,2026-01-19,16,2,4.91,105
KVL-04,2026-01-19,18,1,24.95,534
KVL-04,2026-01-20,6,2,22.3,477
KVL-04,2026-01-20,9,2,7.48,160
KVL-04,2026-01-20,14,1,2.19,47
KVL-04,2026-01-20,15,2,3.9,83
KVL-04,2026-01-20,16,2,14.54,311
KVL-04,2026-01-20,18,1,2.43,52
KVL-04,2026-01-20,21,2,4.5,97
KVL-04,2026-01-21,1,1,2.87,61
KVL-04,2026-01-21,6,2,9.26,199
KVL-04,2026-01-21,7,1,24.06,515
KVL-04,2026-01-21,9,1,2.91,62
KVL-04,2026-01-21,11,1,3.2,68
KVL-04,2026-01-21,12,1,26.87,575
KVL-04,2026-01-21,17,2,37.73,807
KVL-04,2026-01-21,22,1,34.51,738
KVL-04,2026-01-22,5,1,2.81,60
KVL-04,2026-01-22,8,2,22.26,476
KVL-04,2026-01-22,9,1,2.82,60
KVL-04,2026-01-22,10,1,3.22,69
KVL-04,2026-01-22,12,1,2.57,55
KVL-04,2026-01-22,13,1,6.11,131
KVL-04,2026-01-22,15,2,11.76,252
KVL-04,2026-01-22,17,1,3.4,73
KVL-04,2026-01-22,19,2,51.46,1100
KVL-04,2026-01-23,6,2,3.86,82
KVL-04,2026-01-23,7,2,14.95,320
KVL-04,2026-01-23,10,1,2.33,50
KVL-04,2026-01-23,11,1,36.84,788
KVL-04,2026-01-23,12,1,32.11,687
KVL-04,2026-01-23,23,1,21.8,466
KVL-04,2026-01-24,6,1,1.7,36
KVL-04,2026-01-24,7,2,36.81,788
KVL-04,2026-01-24,11,1,14.64,313
KVL-04,2026-01-24,16,1,2.09,45
KVL-04,2026-01-24,17,2,8.0,171
KVL-04,2026-01-24,20,1,3.44,74
KVL-04,2026-01-24,21,1,16.49,353
KVL-04,2026-01-25,3,1,8.9,190
KVL-04,2026-01-25,5,1,9.99,214
KVL-04,2026-01-25,6,1,2.11,45
KVL-04,2026-01-25,7,1,2.97,64
KVL-04,2026-01-25,8,1,1.71,37
KVL-04,2026-01-25,9,2,40.61,869
KVL-04,2026-01-25,16,1,3.31,71
KVL-04,2026-01-25,17,1,2.77,59
KVL-04,2026-01-25,18,1,2.32,50
KVL-04,2026-01-25,19,2,4.69,100
KVL-04,2026-01-25,20,2,10.2,218
KVL-04,2026-01-26,7,1,20.75,444
KVL-04,2026-01-26,11,1,5.91,126
KVL-04,2026-01-26,16,1,33.23,711
KVL-04,2026-01-26,17,2,4.25,91
KVL-04,2026-01-26,18,1,1.98,42
KVL-04,2026-01-26,19,1,8.2,175
KVL-04,2026-01-27,0,1,21.78,466
KVL-04,2026-01-27,6,1,2.5,53
KVL-04,2026-01-27,7,1,2.8,60
KVL-04,2026-01-27,9,1,3.41,73
KVL-04,2026-01-27,11,2,31.71,678
KVL-04,2026-01-27,16,1,1.89,40
KVL-04,2026-01-27,17,1,8.24,176
KVL-04,2026-01-27,20,2,8.52,182
KVL-04,2026-01-27,22,1,2.49,53
KVL-04,2026-01-28,6,1,30.2,646
KVL-04,2026-01-28,8,1,2.23,48
KVL-04,2026-01-28,9,1,2.71,58
KVL-04,2026-01-28,10,1,2.05,44
KVL-04,2026-01-28,11,1,6.8,145
KVL-04,2026-01-28,15,1,6.84,146
KVL-04,2026-01-28,17,1,2.42,52
KVL-04,2026-01-28,18,2,33.0,706
KVL-04,2026-01-28,20,1,3.46,74
KVL-04,2026-01-28,22,1,2.7,58
KVL-04,2026-01-29,5,1,2.82,60
KVL-04,2026-01-29,7,1,2.15,46
KVL-04,2026-01-29,8,2,35.32,755
KVL-04,2026-01-29,9,1,3.15,67
KVL-04,2026-01-29,10,1,3.05,65
KVL-04,2026-01-29,15,1,3.05,65
KVL-04,2026-01-29,21,1,1.55,33
KVL-04,2026-01-29,22,1,2.9,62
KVL-04,2026-01-30,3,1,2.18,47
KVL-04,2026-01-30,8,2,6.51,139
KVL-04,2026-01-30,10,2,7.53,161
KVL-04,2026-01-30,12,2,4.05,87
KVL-04,2026-01-30,13,2,47.15,1008
KVL-04,2026-01-30,17,1,1.51,32
KVL-04,2026-01-30,18,1,2.92,62
KVL-04,2026-01-30,19,1,2.69,58
KVL-04,2026-01-30,21,1,3.3,71
KVL-04,2026-01-30,23,1,6.57,141
KVL-04,2026-01-31,5,1,7.48,160
KVL-04,2026-01-31,6,1,34.02,728
KVL-04,2026-01-31,8,1,1.89,40
KVL-04,2026-01-31,9,1,2.52,54
KVL-04,2026-01-31,10,1,8.0,171
KVL-04,2026-01-31,13,1,7.22,154
KVL-04,2026-01-31,16,1,3.36,72
KVL-04,2026-01-31,17,1,7.5,160
KVL-04,2026-01-31,18,1,1.58,34
KVL-04,2026-01-31,20,1,2.45,52
KVL-04,2026-02-01,6,1,2.58,55
KVL-04,2026-02-01,7,1,32.02,685
KVL-04,2026-02-01,8,1,2.65,57
KVL-04,2026-02-01,9,1,2.81,60
KVL-04,2026-02-01,10,1,1.69,36
KVL-04,2026-02-01,11,1,2.73,58
KVL-04,2026-02-01,13,1,1.63,35
KVL-04,2026-02-01,14,1,8.21,176
KVL-04,2026-02-01,18,1,2.23,48
KVL-04,2026-02-01,19,1,3.29,70
KVL-04,2026-02-01,20,2,4.63,99
KVL-04,2026-02-01,21,1,2.97,64
KVL-04,2026-02-01,22,2,4.55,97
KVL-04,2026-02-02,3,1,3.35,72
KVL-04,2026-02-02,4,1,1.99,43
KVL-04,2026-02-02,6,1,3.12,67
KVL-04,2026-02-02,8,1,2.4,51
KVL-04,2026-02-02,10,1,2.44,52
KVL-04,2026-02-02,12,2,5.52,118
KVL-04,2026-02-02,13,1,1.5,32
KVL-04,2026-02-02,14,1,5.67,121
KVL-04,2026-02-02,17,2,5.69,122
KVL-04,2026-02-02,18,1,3.09,66
KVL-04,2026-02-02,19,1,33.07,707
KVL-04,2026-02-02,20,1,3.19,68
KVL-04,2026-02-02,21,1,5.9,126
KVL-04,2026-02-03,6,1,1.84,39
KVL-04,2026-02-03,10,1,2.71,58
KVL-04,2026-02-03,11,1,1.8,39
KVL-04,2026-02-03,13,2,6.02,128
KVL-04,2026-02-03,14,1,1.94,41
KVL-04,2026-02-03,16,2,5.36,115
KVL-04,2026-02-03,17,2,12.56,269
KVL-04,2026-02-03,18,1,36.39,778
KVL-04,2026-02-04,4,1,3.2,68
KVL-04,2026-02-04,6,2,36.81,788
KVL-04,2026-02-04,9,1,17.9,383
KVL-04,2026-02-04,15,1,8.69,186
KVL-04,2026-02-04,18,1,2.18,47
KVL-04,2026-02-04,20,2,10.12,217
KVL-04,2026-02-04,21,1,25.4,543
KVL-04,2026-02-05,6,1,1.65,35
KVL-04,2026-02-05,7,2,11.66,250
KVL-04,2026-02-05,9,2,9.97,213
KVL-04,2026-02-05,10,1,8.09,173
KVL-04,2026-02-05,13,1,2.07,44
KVL-04,2026-02-05,14,1,6.21,133
KVL-04,2026-02-05,15,1,2.77,59
KVL-04,2026-02-05,16,2,4.6,98
KVL-04,2026-02-05,17,1,8.89,190
KVL-04,2026-02-05,18,1,6.96,149
KVL-04,2026-02-05,20,1,1.89,40
KVL-04,2026-02-05,21,1,28.69,614
KVL-04,2026-02-06,3,1,21.88,468
KVL-04,2026-02-06,6,1,6.42,137
KVL-04,2026-02-06,8,1,18.12,388
KVL-04,2026-02-06,11,1,1.97,42
KVL-04,2026-02-06,12,1,18.21,390
KVL-04,2026-02-06,15,2,5.23,112
KVL-04,2026-02-06,17,1,3.3,71
KVL-04,2026-02-06,18,2,31.46,673
KVL-04,2026-02-06,19,1,1.59,34
KVL-04,2026-02-06,20,1,15.21,325
KVL-04,2026-02-07,5,1,36.45,780
KVL-04,2026-02-07,8,1,3.24,69
KVL-04,2026-02-07,10,1,32.2,689
KVL-04,2026-02-07,18,1,3.02,65
KVL-04,2026-02-07,20,1,34.51,738
KVL-04,2026-02-08,8,1,2.14,46
KVL-04,2026-02-08,10,2,4.75,102
KVL-04,2026-02-08,11,1,6.41,137
KVL-04,2026-02-08,12,1,26.73,572
KVL-04,2026-02-08,13,1,2.07,44
KVL-04,2026-02-08,14,1,2.46,53
KVL-04,2026-02-08,16,1,3.34,71
KVL-04,2026-02-08,17,1,1.51,32
KVL-04,2026-02-08,18,1,2.66,57
KVL-04,2026-02-08,19,1,2.34,50
KVL-04,2026-02-08,21,1,2.97,64
KVL-04,2026-02-09,6,1,15.04,322
KVL-04,2026-02-09,8,1,2.89,62
KVL-04,2026-02-09,10,2,3.26,70
KVL-04,2026-02-09,11,1,7.31,156
KVL-04,2026-02-09,12,1,3.19,68
KVL-04,2026-02-09,13,1,2.58,55
KVL-04,2026-02-09,14,1,2.35,50
KVL-04,2026-02-09,15,1,2.45,52
KVL-04,2026-02-09,17,1,2.24,48
KVL-04,2026-02-09,18,3,6.38,136
KVL-04,2026-02-10,6,2,22.71,485
KVL-04,2026-02-10,8,1,3.5,75
KVL-04,2026-02-10,9,1,2.62,56
KVL-04,2026-02-10,11,1,1.57,34
KVL-04,2026-02-10,12,1,5.02,107
KVL-04,2026-02-10,15,1,23.55,504
KVL-04,2026-02-10,16,1,19.77,423
KVL-04,2026-02-11,6,1,5.25,112
KVL-04,2026-02-11,7,1,2.64,56
KVL-04,2026-02-11,8,1,2.42,52
KVL-04,2026-02-11,9,1,21.09,451
KVL-04,2026-02-11,11,1,35.37,757
KVL-04,2026-02-11,17,1,3.07,66
KVL-04,2026-02-11,18,1,21.77,466
KVL-04,2026-02-12,7,2,5.31,114
KVL-04,2026-02-12,8,2,23.98,513
KVL-04,2026-02-12,9,2,31.39,671
KVL-04,2026-02-12,16,1,1.84,39
KVL-04,2026-02-12,17,1,7.15,153
KVL-04,2026-02-12,19,1,2.22,47
KVL-04,2026-02-12,21,1,3.28,70
KVL-04,2026-02-13,6,1,1.66,36
KVL-04,2026-02-13,7,1,6.51,139
KVL-04,2026-02-13,8,1,6.22,133
KVL-04,2026-02-13,9,1,2.35,50
KVL-04,2026-02-13,10,1,1.73,37
KVL-04,2026-02-13,13,1,2.52,54
KVL-04,2026-02-13,14,1,14.98,320
KVL-04,2026-02-13,15,1,3.4,73
KVL-04,2026-02-13,16,1,1.96,42
KVL-04,2026-02-13,17,1,2.63,56
KVL-04,2026-02-13,18,1,2.28,49
KVL-04,2026-02-13,20,2,33.06,707
KVL-04,2026-02-13,21,1,2.37,51
KVL-04,2026-02-13,22,1,22.71,486
KVL-04,2026-02-14,5,1,2.63,56
KVL-04,2026-02-14,6,2,32.24,690
KVL-04,2026-02-14,9,1,3.09,66
KVL-04,2026-02-14,11,1,3.37,72
KVL-04,2026-02-14,12,1,5.84,125
KVL-04,2026-02-14,14,1,1.66,36
KVL-04,2026-02-14,15,1,16.17,346
KVL-04,2026-02-14,16,1,2.65,57
KVL-04,2026-02-14,18,1,3.06,65
KVL-04,2026-02-14,19,2,33.67,721
KVL-04,2026-02-14,21,1,30.35,649
KVL-04,2026-02-15,6,1,2.51,54
KVL-04,2026-02-15,7,1,1.98,42
KVL-04,2026-02-15,8,1,3.42,73
KVL-04,2026-02-15,9,1,20.28,434
KVL-04,2026-02-15,11,1,21.3,456
KVL-04,2026-02-15,16,1,7.1,152
KVL-04,2026-02-15,19,2,38.41,822
KVL-04,2026-02-16,6,1,2.59,55
KVL-04,2026-02-16,7,1,2.57,55
KVL-04,2026-02-16,8,2,9.42,201
KVL-04,2026-02-16,11,1,2.47,53
KVL-04,2026-02-16,12,1,5.21,111
KVL-04,2026-02-16,15,2,5.22,111
KVL-04,2026-02-16,16,2,6.02,129
KVL-04,2026-02-16,17,1,2.76,59
KVL-04,2026-02-16,19,1,1.53,33
KVL-04,2026-02-16,22,1,3.49,75
KVL-04,2026-02-16,23,1,6.77,145
KVL-04,2026-02-17,6,1,1.86,40
KVL-04,2026-02-17,8,2,5.34,114
KVL-04,2026-02-17,9,2,5.2,111
KVL-04,2026-02-17,10,1,6.2,133
KVL-04,2026-02-17,11,1,2.46,53
KVL-04,2026-02-17,13,1,7.75,166
KVL-04,2026-02-17,14,1,6.81,146
KVL-04,2026-02-17,16,2,5.92,126
KVL-04,2026-02-17,17,2,10.91,234
KVL-04,2026-02-17,18,1,5.45,117
KVL-04,2026-02-17,21,1,2.29,49
KVL-04,2026-02-17,22,1,2.27,49
KVL-04,2026-02-18,6,1,2.17,46
KVL-04,2026-02-18,8,1,1.78,38
KVL-04,2026-02-18,10,1,9.65,206
KVL-04,2026-02-18,13,2,4.77,102
KVL-04,2026-02-18,16,2,34.82,745
KVL-04,2026-02-18,19,1,2.33,50
KVL-04,2026-02-19,6,1,8.75,187
KVL-04,2026-02-19,7,1,2.0,43
KVL-04,2026-02-19,9,1,2.53,54
KVL-04,2026-02-19,11,1,2.2,47
KVL-04,2026-02-19,13,2,28.55,611
KVL-04,2026-02-19,15,1,3.1,66
KVL-04,2026-02-19,17,1,8.15,174
KVL-04,2026-02-19,21,1,2.44,52
KVL-04,2026-02-19,23,1,8.24,176
KVL-04,2026-02-20,2,1,1.98,42
KVL-04,2026-02-20,7,1,1.55,33
KVL-04,2026-02-20,8,2,39.44,844
KVL-04,2026-02-20,10,1,2.96,63
KVL-04,2026-02-20,11,1,9.12,195
KVL-04,2026-02-20,17,1,9.48,203
KVL-04,2026-02-20,21,2,5.49,118
KVL-04,2026-02-21,8,1,2.23,48
KVL-04,2026-02-21,9,1,2.42,52
KVL-04,2026-02-21,10,2,3.62,78
KVL-04,2026-02-21,11,1,3.02,65
KVL-04,2026-02-21,12,1,1.75,37
KVL-04,2026-02-21,13,1,27.1,580
KVL-04,2026-02-21,15,2,8.5,182
KVL-04,2026-02-21,18,1,9.33,200
KVL-04,2026-02-21,21,1,9.35,200
KVL-04,2026-02-22,8,2,39.64,848
KVL-04,2026-02-22,10,1,21.47,459
KVL-04,2026-02-22,17,1,3.48,74
KVL-04,2026-02-22,19,1,21.22,454
KVL-04,2026-02-23,6,1,1.63,35
KVL-04,2026-02-23,10,1,8.25,176
KVL-04,2026-02-23,16,1,1.55,33
KVL-04,2026-02-23,18,1,3.33,71
KVL-04,2026-02-23,19,2,3.96,85
KVL-04,2026-02-23,21,2,34.78,744
KVL-04,2026-02-23,22,1,7.63,163
KVL-04,2026-02-24,0,1,2.99,64
KVL-04,2026-02-24,7,1,1.61,34
KVL-04,2026-02-24,8,2,4.66,100
KVL-04,2026-02-24,10,1,9.46,202
KVL-04,2026-02-24,11,1,8.01,171
KVL-04,2026-02-24,13,1,3.26,70
KVL-04,2026-02-24,15,2,4.07,87
KVL-04,2026-02-24,17,1,33.82,723
KVL-04,2026-02-24,18,1,7.74,166
KVL-04,2026-02-25,7,1,1.54,33
KVL-04,2026-02-25,8,3,54.64,1169
KVL-04,2026-02-25,17,2,8.69,185
KVL-04,2026-02-25,21,1,2.96,63
KVL-04,2026-02-25,22,1,2.68,57
KVL-04,2026-02-26,7,1,1.82,39
KVL-04,2026-02-26,8,1,2.98,64
KVL-04,2026-02-26,10,1,3.29,70
KVL-04,2026-02-26,11,1,3.22,69
KVL-04,2026-02-26,12,1,1.79,38
KVL-04,2026-02-26,13,1,5.28,113
KVL-04,2026-02-26,14,1,8.55,183
KVL-04,2026-02-26,16,1,2.06,44
KVL-04,2026-02-26,17,2,4.53,97
KVL-04,2026-02-26,18,2,9.73,208
KVL-04,2026-02-26,20,1,1.67,36
KVL-04,2026-02-27,6,1,16.88,361
KVL-04,2026-02-27,7,1,3.36,72
KVL-04,2026-02-27,9,2,4.69,100
KVL-04,2026-02-27,10,1,6.34,136
KVL-04,2026-02-27,12,1,2.4,51
KVL-04,2026-02-27,13,1,2.49,53
KVL-04,2026-02-27,14,2,5.18,110
KVL-04,2026-02-27,15,1,3.19,68
KVL-04,2026-02-27,16,1,14.02,300
KVL-04,2026-02-27,17,1,2.83,61
KVL-04,2026-02-27,18,2,4.26,92
KVL-04,2026-02-27,19,1,2.88,62
KVL-04,2026-02-27,20,1,9.22,197
KVL-04,2026-02-27,21,1,29.17,624
KVL-04,2026-02-28,6,2,5.4,115
KVL-04,2026-02-28,7,1,35.37,757
KVL-04,2026-02-28,8,1,2.63,56
KVL-04,2026-02-28,9,1,2.36,50
KVL-04,2026-02-28,13,1,14.75,316
KVL-04,2026-02-28,20,2,10.16,217
KVL-04,2026-02-28,21,1,2.48,53
KVL-04,2026-03-01,4,1,30.29,648
KVL-04,2026-03-01,6,1,26.91,576
KVL-04,2026-03-01,15,1,1.62,35
KVL-04,2026-03-01,16,1,8.77,188
KVL-04,2026-03-01,17,1,2.74,59
KVL-04,2026-03-01,18,2,4.93,105
KVL-04,2026-03-01,20,1,1.74,37
KVL-04,2026-03-01,22,1,2.8,60
KVL-04,2026-03-02,7,2,9.02,193
KVL-04,2026-03-02,8,1,20.54,439
KVL-04,2026-03-02,11,1,7.27,156
KVL-04,2026-03-02,14,1,3.36,72
KVL-04,2026-03-02,15,1,2.57,55
KVL-04,2026-03-02,16,2,4.99,107
KVL-04,2026-03-02,18,1,3.17,68
KVL-04,2026-03-02,19,2,34.19,731
KVL-04,2026-03-02,20,2,3.43,74
KVL-04,2026-03-02,22,1,1.69,36
KVL-04,2026-03-02,23,1,2.57,55
KVL-04,2026-03-03,8,2,33.59,718
KVL-04,2026-03-03,11,1,2.84,61
KVL-04,2026-03-03,14,1,9.57,205
KVL-04,2026-03-03,17,2,9.57,205
KVL-04,2026-03-03,18,1,5.05,108
KVL-04,2026-03-03,20,2,11.75,251
KVL-04,2026-03-04,7,1,28.05,600
KVL-04,2026-03-04,8,1,20.48,438
KVL-04,2026-03-04,15,1,5.32,114
KVL-04,2026-03-04,18,2,28.42,608
KVL-04,2026-03-04,19,1,7.85,168
KVL-04,2026-03-04,23,1,2.86,61
KVL-04,2026-03-05,6,2,5.94,127
KVL-04,2026-03-05,8,1,3.47,74
KVL-04,2026-03-05,9,2,8.6,184
KVL-04,2026-03-05,10,1,30.71,657
KVL-04,2026-03-05,12,1,9.58,205
KVL-04,2026-03-05,15,1,1.51,32
KVL-04,2026-03-05,17,1,28.76,615
KVL-04,2026-03-05,21,1,2.89,62
KVL-04,2026-03-05,22,1,9.68,207
KVL-04,2026-03-06,0,1,1.9,41
KVL-04,2026-03-06,6,1,20.57,440
KVL-04,2026-03-06,7,1,2.79,60
KVL-04,2026-03-06,8,1,2.58,55
KVL-04,2026-03-06,9,1,9.4,201
KVL-04,2026-03-06,12,1,3.12,67
KVL-04,2026-03-06,14,1,16.46,352
KVL-04,2026-03-06,15,1,1.52,33
KVL-04,2026-03-06,16,1,3.39,73
KVL-04,2026-03-06,17,1,8.42,180
KVL-04,2026-03-07,5,1,15.15,324
KVL-04,2026-03-07,7,1,5.07,108
KVL-04,2026-03-07,9,1,2.26,48
KVL-04,2026-03-07,11,1,18.01,385
KVL-04,2026-03-07,13,1,18.21,390
KVL-04,2026-03-07,17,1,19.95,427
KVL-04,2026-03-07,20,1,8.67,185
KVL-04,2026-03-08,6,1,3.35,72
KVL-04,2026-03-08,8,1,8.51,182
KVL-04,2026-03-08,9,1,2.19,47
KVL-04,2026-03-08,10,1,1.65,35
KVL-04,2026-03-08,12,2,7.59,163
KVL-04,2026-03-08,13,1,6.52,139
KVL-04,2026-03-08,14,2,11.27,241
KVL-04,2026-03-08,16,2,3.27,70
KVL-04,2026-03-08,18,2,16.26,348
KVL-04,2026-03-08,21,1,1.55,33
KVL-04,2026-03-09,5,1,2.75,59
KVL-04,2026-03-09,7,2,5.32,114
KVL-04,2026-03-09,8,1,3.22,69
KVL-04,2026-03-09,9,1,2.94,63
KVL-04,2026-03-09,12,2,5.38,115
KVL-04,2026-03-09,13,1,6.39,137
KVL-04,2026-03-09,14,1,24.34,521
KVL-04,2026-03-09,15,1,1.76,38
KVL-04,2026-03-09,16,1,2.19,47
KVL-04,2026-03-09,17,1,3.01,64
KVL-04,2026-03-09,18,1,9.97,213
KVL-04,2026-03-10,8,2,23.04,493
KVL-04,2026-03-10,11,1,2.5,53
KVL-04,2026-03-10,12,1,7.44,159
KVL-04,2026-03-10,14,1,3.35,72
KVL-04,2026-03-10,15,1,1.63,35
KVL-04,2026-03-10,16,1,8.16,175
KVL-04,2026-03-10,17,1,9.86,211
KVL-04,2026-03-10,20,1,2.57,55
KVL-04,2026-03-11,7,2,59.12,1265
KVL-04,2026-03-11,15,1,1.75,37
KVL-04,2026-03-11,16,1,1.59,34
KVL-04,2026-03-11,17,1,15.06,322
KVL-04,2026-03-11,21,1,3.42,73
KVL-04,2026-03-12,5,2,6.01,129
KVL-04,2026-03-12,6,2,50.17,1073
KVL-04,2026-03-12,13,1,29.16,624
KVL-04,2026-03-12,18,1,1.93,41
KVL-04,2026-03-12,19,1,2.75,59
KVL-04,2026-03-13,0,1,1.99,43
KVL-04,2026-03-13,4,1,3.14,67
KVL-04,2026-03-13,7,2,4.55,97
KVL-04,2026-03-13,8,1,9.41,201
KVL-04,2026-03-13,9,1,3.05,65
KVL-04,2026-03-13,10,1,2.97,64
KVL-04,2026-03-13,11,1,1.52,33
KVL-04,2026-03-13,15,1,1.74,37
KVL-04,2026-03-13,16,2,9.57,204
KVL-04,2026-03-13,17,1,2.75,59
KVL-04,2026-03-13,18,1,3.01,64
KVL-04,2026-03-13,19,1,27.4,586
KVL-04,2026-03-13,22,1,37.09,793
KVL-04,2026-03-14,0,1,3.34,71
KVL-04,2026-03-14,3,1,17.63,377
KVL-04,2026-03-14,5,1,17.83,381
KVL-04,2026-03-14,10,1,2.02,43
KVL-04,2026-03-14,11,1,5.24,112
KVL-04,2026-03-14,12,1,9.04,193
KVL-04,2026-03-14,13,1,16.48,353
KVL-04,2026-03-14,15,1,6.06,130
KVL-04,2026-03-14,17,1,25.08,536
KVL-04,2026-03-14,19,1,2.01,43
KVL-04,2026-03-14,20,1,21.01,449
KVL-04,2026-03-15,3,1,3.15,67
KVL-04,2026-03-15,7,2,33.09,708
KVL-04,2026-03-15,8,1,9.34,200
KVL-04,2026-03-15,12,1,3.2,68
KVL-04,2026-03-15,14,1,9.56,204
KVL-04,2026-03-15,17,1,1.75,37
KVL-04,2026-03-15,18,1,2.94,63
KVL-04,2026-03-15,19,2,8.44,181
KVL-04,2026-03-15,20,1,5.87,126
KVL-04,2026-03-15,21,2,21.56,461
KVL-04,2026-03-15,22,1,9.95,213
KVL-04,2026-03-16,6,1,1.78,38
KVL-04,2026-03-16,9,2,4.24,91
KVL-04,2026-03-16,10,2,4.04,86
KVL-04,2026-03-16,11,1,2.76,59
KVL-04,2026-03-16,12,1,2.4,51
KVL-04,2026-03-16,13,3,6.8,146
KVL-04,2026-03-16,14,1,2.87,61
KVL-04,2026-03-16,16,2,7.89,169
KVL-04,2026-03-16,17,1,3.45,74
KVL-04,2026-03-16,18,1,3.12,67
KVL-04,2026-03-16,20,1,3.12,67
KVL-04,2026-03-16,21,1,6.2,133
KVL-04,2026-03-17,0,1,5.09,109
KVL-04,2026-03-17,5,1,3.04,65
KVL-04,2026-03-17,7,1,1.78,38
KVL-04,2026-03-17,8,2,4.15,89
KVL-04,2026-03-17,9,2,27.14,580
KVL-04,2026-03-17,10,1,25.89,554
KVL-04,2026-03-17,18,1,2.12,45
KVL-04,2026-03-17,20,1,2.68,57
KVL-04,2026-03-17,22,1,26.84,574
KVL-04,2026-03-18,6,1,2.68,57
KVL-04,2026-03-18,8,1,2.5,53
KVL-04,2026-03-18,10,1,3.27,70
KVL-04,2026-03-18,11,1,3.48,74
KVL-04,2026-03-18,12,2,3.68,78
KVL-04,2026-03-18,15,1,2.03,43
KVL-04,2026-03-18,16,2,5.61,120
KVL-04,2026-03-18,17,2,42.0,898
KVL-04,2026-03-18,20,1,1.54,33
KVL-04,2026-03-18,21,1,2.52,54
KVL-04,2026-03-18,22,1,2.34,50
KVL-04,2026-03-19,7,3,7.51,161
KVL-04,2026-03-19,8,1,6.39,137
KVL-04,2026-03-19,10,1,2.37,51
KVL-04,2026-03-19,11,2,4.92,105
KVL-04,2026-03-19,13,2,15.04,322
KVL-04,2026-03-19,17,2,5.05,108
KVL-04,2026-03-19,18,2,10.06,215
KVL-04,2026-03-19,19,1,9.74,208
KVL-04,2026-03-19,20,1,2.8,60
KVL-04,2026-03-19,21,1,9.78,209
KVL-04,2026-03-20,0,1,2.96,63
KVL-04,2026-03-20,5,2,4.31,92
KVL-04,2026-03-20,7,2,11.32,242
KVL-04,2026-03-20,9,1,3.26,70
KVL-04,2026-03-20,10,1,1.87,40
KVL-04,2026-03-20,11,1,2.46,53
KVL-04,2026-03-20,13,2,5.99,128
KVL-04,2026-03-20,15,1,1.62,35
KVL-04,2026-03-20,17,3,40.85,874
KVL-04,2026-03-20,19,1,8.41,180
KVL-04,2026-03-21,5,1,30.07,643
KVL-04,2026-03-21,6,1,2.38,51
KVL-04,2026-03-21,8,1,2.41,52
KVL-04,2026-03-21,9,1,1.85,40
KVL-04,2026-03-21,10,1,9.82,210
KVL-04,2026-03-21,14,1,29.01,621
KVL-04,2026-03-21,15,1,2.88,62
KVL-04,2026-03-21,17,1,15.45,330
KVL-04,2026-03-22,6,1,2.9,62
KVL-04,2026-03-22,7,2,4.41,95
KVL-04,2026-03-22,8,2,4.71,101
KVL-04,2026-03-22,9,1,2.14,46
KVL-04,2026-03-22,10,1,22.81,488
KVL-04,2026-03-22,11,1,8.49,182
KVL-04,2026-03-22,15,1,24.89,532
KVL-04,2026-03-22,19,1,36.76,786
KVL-04,2026-03-23,6,1,3.37,72
KVL-04,2026-03-23,7,2,21.75,465
KVL-04,2026-03-23,8,1,34.73,743
KVL-04,2026-03-23,15,1,3.4,73
KVL-04,2026-03-23,17,1,2.3,49
KVL-04,2026-03-23,18,2,4.55,97
KVL-04,2026-03-23,20,1,3.12,67
KVL-04,2026-03-23,21,1,15.44,330
KVL-04,2026-03-24,7,1,23.93,512
KVL-04,2026-03-24,8,1,16.86,361
KVL-04,2026-03-24,18,1,2.22,47
KVL-04,2026-03-24,19,1,9.88,211
KVL-04,2026-03-24,20,1,2.12,45
KVL-04,2026-03-24,21,1,2.42,52
KVL-04,2026-03-25,7,2,4.72,101
KVL-04,2026-03-25,9,2,5.49,117
KVL-04,2026-03-25,12,2,4.95,105
KVL-04,2026-03-25,14,1,16.69,357
KVL-04,2026-03-25,16,1,25.27,541
KVL-04,2026-03-25,20,1,9.33,200
KVL-04,2026-03-26,4,1,1.77,38
KVL-04,2026-03-26,8,2,29.04,622
KVL-04,2026-03-26,9,1,24.75,529
KVL-04,2026-03-26,17,1,2.52,54
KVL-04,2026-03-26,18,2,5.08,109
KVL-04,2026-03-26,21,1,7.67,164
KVL-04,2026-03-26,22,1,2.16,46
KVL-04,2026-03-27,6,2,13.65,292
KVL-04,2026-03-27,8,1,3.22,69
KVL-04,2026-03-27,9,2,5.43,116
KVL-04,2026-03-27,10,2,5.1,109
KVL-04,2026-03-27,11,2,32.42,693
KVL-04,2026-03-27,13,1,8.49,182
KVL-04,2026-03-27,18,1,5.19,111
KVL-04,2026-03-27,21,1,2.37,51
KVL-04,2026-03-28,6,2,4.8,103
KVL-04,2026-03-28,7,1,8.73,187
KVL-04,2026-03-28,8,1,3.01,64
KVL-04,2026-03-28,9,1,3.34,71
KVL-04,2026-03-28,10,1,35.26,754
KVL-04,2026-03-28,11,1,3.05,65
KVL-04,2026-03-28,12,1,6.86,147
KVL-04,2026-03-28,16,1,8.65,185
KVL-04,2026-03-28,19,1,2.08,44
KVL-04,2026-03-28,20,1,20.97,449
KVL-04,2026-03-29,5,1,23.25,497
KVL-04,2026-03-29,7,1,2.03,43
KVL-04,2026-03-29,8,2,5.14,110
KVL-04,2026-03-29,10,1,3.22,69
KVL-04,2026-03-29,11,1,1.82,39
KVL-04,2026-03-29,12,1,26.25,561
KVL-04,2026-03-29,14,1,29.52,631
KVL-04,2026-03-30,4,1,3.12,67
KVL-04,2026-03-30,7,1,9.87,211
KVL-04,2026-03-30,8,1,2.77,59
KVL-04,2026-03-30,9,1,9.71,208
KVL-04,2026-03-30,12,1,29.15,624
KVL-04,2026-03-30,14,1,2.16,46
KVL-04,2026-03-30,16,1,26.15,559
KVL-04,2026-03-31,5,1,7.22,154
KVL-04,2026-03-31,7,1,3.04,65
KVL-04,2026-03-31,9,1,26.08,558
KVL-04,2026-03-31,11,1,9.3,199
KVL-04,2026-03-31,17,1,2.38,51
KVL-04,2026-03-31,18,1,3.36,72
KVL-04,2026-03-31,19,2,6.01,128
KVL-04,2026-03-31,20,2,3.92,84
KVL-04,2026-03-31,21,1,22.7,486
KVL-04,2026-04-01,0,1,6.87,147
KVL-04,2026-04-01,6,1,1.85,40
KVL-04,2026-04-01,8,1,3.47,74
KVL-04,2026-04-01,10,2,4.74,102
KVL-04,2026-04-01,12,3,32.2,689
KVL-04,2026-04-01,15,1,2.0,43
KVL-04,2026-04-01,16,1,6.26,134
KVL-04,2026-04-01,18,1,3.23,69
KVL-04,2026-04-01,19,1,3.38,72
KVL-04,2026-04-02,5,1,1.85,40
KVL-04,2026-04-02,7,1,1.62,35
KVL-04,2026-04-02,8,2,37.08,793
KVL-04,2026-04-02,11,1,8.38,179
KVL-04,2026-04-02,16,1,2.7,58
KVL-04,2026-04-02,17,1,6.23,133
KVL-04,2026-04-02,19,1,3.07,66
KVL-04,2026-04-02,20,1,6.3,135
KVL-04,2026-04-02,21,1,9.93,212
KVL-04,2026-04-03,3,1,3.01,64
KVL-04,2026-04-03,6,1,2.3,49
KVL-04,2026-04-03,7,2,8.28,177
KVL-04,2026-04-03,8,1,7.99,171
KVL-04,2026-04-03,9,1,7.86,168
KVL-04,2026-04-03,11,1,2.55,55
KVL-04,2026-04-03,12,1,2.38,51
KVL-04,2026-04-03,13,1,1.58,34
KVL-04,2026-04-03,15,2,11.85,254
KVL-04,2026-04-03,16,1,23.32,499
KVL-04,2026-04-03,18,1,1.95,42
KVL-04,2026-04-03,19,1,2.43,52
KVL-04,2026-04-03,23,1,3.49,75
KVL-04,2026-04-04,6,1,31.06,664
KVL-04,2026-04-04,7,1,35.35,756
KVL-04,2026-04-04,17,1,7.68,164
KVL-04,2026-04-04,22,1,2.51,54
KVL-04,2026-04-05,7,2,11.99,257
KVL-04,2026-04-05,9,1,9.66,207
KVL-04,2026-04-05,10,1,2.31,49
KVL-04,2026-04-05,11,1,3.28,70
KVL-04,2026-04-05,13,2,3.83,82
KVL-04,2026-04-05,15,1,20.6,441
KVL-04,2026-04-05,16,1,5.78,124
KVL-04,2026-04-05,18,1,2.57,55
KVL-04,2026-04-05,19,1,3.2,68
KVL-04,2026-04-05,20,1,2.52,54
KVL-04,2026-04-06,0,1,30.5,652
KVL-04,2026-04-06,7,1,2.67,57
KVL-04,2026-04-06,10,1,2.47,53
KVL-04,2026-04-06,15,2,18.08,387
KVL-04,2026-04-06,18,1,1.62,35
KVL-04,2026-04-06,20,2,11.23,240
KVL-04,2026-04-06,21,1,1.55,33
KVL-04,2026-04-07,4,1,2.81,60
KVL-04,2026-04-07,8,2,35.51,760
KVL-04,2026-04-07,10,1,9.25,198
KVL-04,2026-04-07,15,1,2.47,53
KVL-04,2026-04-07,16,1,2.35,50
KVL-04,2026-04-07,17,1,5.48,117
KVL-04,2026-04-07,19,2,12.3,263
KVL-04,2026-04-07,21,1,3.42,73
KVL-04,2026-04-08,5,1,3.37,72
KVL-04,2026-04-08,6,1,1.69,36
KVL-04,2026-04-08,8,3,24.31,520
KVL-04,2026-04-08,10,1,2.05,44
KVL-04,2026-04-08,11,1,16.18,346
KVL-04,2026-04-08,16,1,2.35,50
KVL-04,2026-04-08,17,1,2.46,53
KVL-04,2026-04-08,18,2,11.38,244
KVL-04,2026-04-09,4,1,37.16,795
KVL-04,2026-04-09,6,1,1.72,37
KVL-04,2026-04-09,7,1,16.64,356
KVL-04,2026-04-09,15,1,2.18,47
KVL-04,2026-04-09,16,1,2.45,52
KVL-04,2026-04-09,17,1,30.22,646
KVL-04,2026-04-09,18,1,17.33,371
KVL-04,2026-04-10,5,1,1.68,36
KVL-04,2026-04-10,6,1,2.11,45
KVL-04,2026-04-10,7,2,3.47,75
KVL-04,2026-04-10,10,2,37.41,800
KVL-04,2026-04-10,13,1,2.97,64
KVL-04,2026-04-10,15,1,1.67,36
KVL-04,2026-04-10,17,1,2.94,63
KVL-04,2026-04-10,18,1,2.49,53
KVL-04,2026-04-10,19,1,2.96,63
KVL-04,2026-04-10,20,2,36.07,771
KVL-04,2026-04-10,21,1,2.44,52
KVL-04,2026-04-11,7,2,9.29,199
KVL-04,2026-04-11,8,1,2.88,62
KVL-04,2026-04-11,9,1,3.16,68
KVL-04,2026-04-11,10,2,7.78,166
KVL-04,2026-04-11,13,2,28.42,608
KVL-04,2026-04-11,14,1,3.32,71
KVL-04,2026-04-11,16,1,9.93,212
KVL-04,2026-04-11,19,1,1.97,42
KVL-04,2026-04-11,20,1,2.48,53
KVL-04,2026-04-11,21,1,3.08,66
KVL-04,2026-04-12,2,1,36.82,788
KVL-04,2026-04-12,8,1,3.15,67
KVL-04,2026-04-12,9,1,2.57,55
KVL-04,2026-04-12,10,1,21.38,457
KVL-04,2026-04-12,16,1,2.07,44
KVL-04,2026-04-12,17,2,4.22,90
KVL-04,2026-04-12,18,1,2.39,51
KVL-04,2026-04-12,20,1,1.79,38
KVL-04,2026-04-12,22,2,27.26,583
KVL-04,2026-04-13,6,1,6.39,137
KVL-04,2026-04-13,7,1,2.46,53
KVL-04,2026-04-13,8,2,22.99,492
KVL-04,2026-04-13,9,1,25.58,547
KVL-04,2026-04-13,17,1,2.99,64
KVL-04,2026-04-13,18,2,9.53,203
KVL-04,2026-04-13,19,1,9.07,194
KVL-04,2026-04-13,20,1,2.42,52
KVL-04,2026-04-13,21,1,16.48,353
KVL-04,2026-04-13,23,1,2.67,57
KVL-04,2026-04-14,0,1,3.39,73
KVL-04,2026-04-14,5,1,31.07,665
KVL-04,2026-04-14,7,1,9.73,208
KVL-04,2026-04-14,12,1,3.13,67
KVL-04,2026-04-14,13,1,2.31,49
KVL-04,2026-04-14,14,1,3.19,68
KVL-04,2026-04-14,15,1,2.5,53
KVL-04,2026-04-14,16,1,3.29,70
KVL-04,2026-04-14,17,2,8.39,179
KVL-04,2026-04-14,19,1,3.39,73
KVL-04,2026-04-14,20,1,33.51,717
KVL-04,2026-04-14,21,1,1.71,37
KVL-04,2026-04-15,8,1,2.09,45
KVL-04,2026-04-15,9,2,5.92,126
KVL-04,2026-04-15,10,1,1.75,37
KVL-04,2026-04-15,11,1,33.85,724
KVL-04,2026-04-15,12,2,3.08,66
KVL-04,2026-04-15,13,1,9.7,207
KVL-04,2026-04-15,16,1,2.62,56
KVL-04,2026-04-15,17,1,1.64,35
KVL-04,2026-04-15,18,1,2.69,58
KVL-04,2026-04-15,19,1,23.09,494
KVL-04,2026-04-16,5,1,23.69,507
KVL-04,2026-04-16,8,2,3.94,84
KVL-04,2026-04-16,9,1,1.89,40
KVL-04,2026-04-16,10,1,2.95,63
KVL-04,2026-04-16,12,1,7.23,155
KVL-04,2026-04-16,13,1,2.57,55
KVL-04,2026-04-16,16,2,53.44,1144
KVL-04,2026-04-17,6,2,12.11,259
KVL-04,2026-04-17,7,1,18.33,392
KVL-04,2026-04-17,10,1,19.83,424
KVL-04,2026-04-17,14,1,9.67,207
KVL-04,2026-04-17,17,1,3.4,73
KVL-04,2026-04-17,18,2,27.65,591
KVL-04,2026-04-18,6,1,2.28,49
KVL-04,2026-04-18,7,2,19.48,417
KVL-04,2026-04-18,9,2,8.11,173
KVL-04,2026-04-18,12,1,29.51,631
KVL-04,2026-04-18,14,1,3.48,74
KVL-04,2026-04-18,15,1,5.62,120
KVL-04,2026-04-18,18,2,3.32,71
KVL-04,2026-04-18,19,1,9.89,212
KVL-04,2026-04-19,6,2,4.38,93
KVL-04,2026-04-19,7,2,5.47,117
KVL-04,2026-04-19,8,2,24.47,523
KVL-04,2026-04-19,9,1,17.48,374
KVL-04,2026-04-19,15,1,5.21,111
KVL-04,2026-04-19,16,1,32.73,700
KVL-04,2026-04-19,17,1,2.42,52
KVL-04,2026-04-19,18,1,1.86,40
KVL-04,2026-04-19,20,1,1.81,39
KVL-04,2026-04-19,21,1,3.18,68
KVL-04,2026-04-19,22,1,2.96,63
KVL-04,2026-04-20,2,1,8.86,190
KVL-04,2026-04-20,8,3,10.84,232
KVL-04,2026-04-20,9,1,8.98,192
KVL-04,2026-04-20,13,2,3.95,84
KVL-04,2026-04-20,16,1,7.29,156
KVL-04,2026-04-20,17,1,2.81,60
KVL-04,2026-04-20,18,1,2.42,52
KVL-04,2026-04-20,19,2,7.5,160
KVL-04,2026-04-20,20,1,2.1,45
KVL-04,2026-04-21,6,2,4.74,102
KVL-04,2026-04-21,8,2,28.7,614
KVL-04,2026-04-21,10,1,2.68,57
KVL-04,2026-04-21,12,1,6.77,145
KVL-04,2026-04-21,14,1,2.46,53
KVL-04,2026-04-21,15,1,21.3,456
KVL-04,2026-04-21,16,1,3.01,64
KVL-04,2026-04-21,17,1,1.98,42
KVL-04,2026-04-21,18,1,8.15,174
KVL-04,2026-04-22,6,2,4.23,91
KVL-04,2026-04-22,7,2,42.17,902
KVL-04,2026-04-22,10,1,2.28,49
KVL-04,2026-04-22,11,1,8.69,186
KVL-04,2026-04-22,17,1,1.64,35
KVL-04,2026-04-22,18,1,30.21,646
KVL-04,2026-04-22,21,1,26.96,577
KVL-04,2026-04-23,6,1,3.25,70
KVL-04,2026-04-23,8,1,2.44,52
KVL-04,2026-04-23,9,1,3.06,65
KVL-04,2026-04-23,13,1,9.82,210
KVL-04,2026-04-23,16,1,2.03,43
KVL-04,2026-04-23,17,1,2.32,50
KVL-04,2026-04-23,19,1,5.54,119
KVL-04,2026-04-24,7,1,2.17,46
KVL-04,2026-04-24,8,2,10.43,223
KVL-04,2026-04-24,9,1,9.04,193
KVL-04,2026-04-24,11,1,2.44,52
KVL-04,2026-04-24,12,1,25.21,539
KVL-04,2026-04-24,13,1,1.92,41
KVL-04,2026-04-24,15,1,2.05,44
KVL-04,2026-04-24,16,1,1.52,33
KVL-04,2026-04-24,17,1,9.06,194
KVL-04,2026-04-24,20,1,1.78,38
KVL-04,2026-04-25,6,2,4.85,104
KVL-04,2026-04-25,7,2,33.38,714
KVL-04,2026-04-25,8,1,2.39,51
KVL-04,2026-04-25,9,1,9.66,207
KVL-04,2026-04-25,13,1,1.91,41
KVL-04,2026-04-25,14,1,2.59,55
KVL-04,2026-04-25,16,1,29.38,628
KVL-04,2026-04-25,18,1,2.1,45
KVL-04,2026-04-25,19,1,29.7,635
KVL-04,2026-04-26,6,1,17.96,384
KVL-04,2026-04-26,7,1,3.32,71
KVL-04,2026-04-26,8,1,31.9,682
KVL-04,2026-04-26,14,1,17.12,366
KVL-04,2026-04-26,20,2,4.62,99
KVL-04,2026-04-26,21,1,8.39,179
KVL-04,2026-04-26,22,1,7.73,165
KVL-04,2026-04-27,6,1,3.12,67
KVL-04,2026-04-27,7,2,4.57,97
KVL-04,2026-04-27,8,2,37.69,806
KVL-04,2026-04-27,10,1,2.49,53
KVL-04,2026-04-27,11,1,35.2,753
KVL-04,2026-04-27,20,1,2.67,57
KVL-04,2026-04-28,6,2,39.36,842
KVL-04,2026-04-28,7,1,2.46,53
KVL-04,2026-04-28,9,1,2.21,47
KVL-04,2026-04-28,10,1,1.87,40
KVL-04,2026-04-28,12,1,2.22,47
KVL-04,2026-04-28,13,1,17.24,369
KVL-04,2026-04-28,19,1,8.85,189
KVL-04,2026-04-28,20,1,19.52,418
KVL-04,2026-04-29,7,1,3.08,66
KVL-04,2026-04-29,10,1,2.51,54
KVL-04,2026-04-29,11,1,33.36,714
KVL-04,2026-04-29,12,1,1.94,41
KVL-04,2026-04-29,13,1,1.89,40
KVL-04,2026-04-29,14,1,6.65,142
KVL-04,2026-04-29,17,1,2.63,56
KVL-04,2026-04-29,18,1,21.69,464
KVL-04,2026-04-30,6,1,31.23,668
KVL-04,2026-04-30,8,2,4.02,86
KVL-04,2026-04-30,9,1,3.22,69
KVL-04,2026-04-30,11,1,1.72,37
KVL-04,2026-04-30,13,1,2.9,62
KVL-04,2026-04-30,14,1,5.58,119
KVL-04,2026-04-30,16,1,6.62,142
KVL-04,2026-04-30,17,1,2.26,48
KVL-04,2026-04-30,18,1,18.94,405
KVL-04,2026-04-30,19,1,2.06,44
KVL-04,2026-04-30,21,1,3.47,74
KVL-04,2026-05-01,7,2,15.0,321
KVL-04,2026-05-01,10,1,22.0,471
KVL-04,2026-05-01,12,1,1.76,38
KVL-04,2026-05-01,14,1,2.73,58
KVL-04,2026-05-01,16,1,2.22,47
KVL-04,2026-05-01,17,1,7.37,158
KVL-04,2026-05-01,18,1,2.27,49
KVL-04,2026-05-01,19,1,6.53,140
KVL-04,2026-05-01,20,1,5.9,126
KVL-04,2026-05-01,21,1,32.77,701
KVL-04,2026-05-01,23,2,4.5,96
KVL-04,2026-05-02,1,1,1.53,33
KVL-04,2026-05-02,6,1,9.58,205
KVL-04,2026-05-02,7,1,2.86,61
KVL-04,2026-05-02,8,1,1.88,40
KVL-04,2026-05-02,9,1,1.87,40
KVL-04,2026-05-02,10,3,31.16,667
KVL-04,2026-05-02,11,1,2.13,46
KVL-04,2026-05-02,13,1,2.37,51
KVL-04,2026-05-02,15,1,5.02,107
KVL-04,2026-05-02,17,1,1.54,33
KVL-04,2026-05-02,18,1,22.58,483
KVL-04,2026-05-02,19,1,9.93,212
KVL-04,2026-05-03,8,1,2.74,59
KVL-04,2026-05-03,9,1,3.13,67
KVL-04,2026-05-03,10,1,3.21,69
KVL-04,2026-05-03,11,1,5.98,128
KVL-04,2026-05-03,13,1,3.48,74
KVL-04,2026-05-03,14,2,34.89,747
KVL-04,2026-05-03,16,1,1.56,33
KVL-04,2026-05-03,17,1,19.4,415
KVL-04,2026-05-04,6,2,4.45,96
KVL-04,2026-05-04,8,1,2.02,43
KVL-04,2026-05-04,9,1,2.75,59
KVL-04,2026-05-04,11,1,3.02,65
KVL-04,2026-05-04,12,1,20.92,447
KVL-04,2026-05-04,15,1,1.94,41
KVL-04,2026-05-04,17,1,2.67,57
KVL-04,2026-05-04,18,1,2.26,48
KVL-04,2026-05-04,19,1,2.52,54
KVL-04,2026-05-04,20,1,2.82,60
KVL-04,2026-05-05,5,1,2.04,44
KVL-04,2026-05-05,6,2,6.33,135
KVL-04,2026-05-05,7,1,2.57,55
KVL-04,2026-05-05,8,2,5.14,109
KVL-04,2026-05-05,9,2,3.92,84
KVL-04,2026-05-05,10,1,2.72,58
KVL-04,2026-05-05,11,2,3.72,80
KVL-04,2026-05-05,12,1,2.59,55
KVL-04,2026-05-05,13,1,8.15,174
KVL-04,2026-05-05,14,1,5.76,123
KVL-04,2026-05-05,17,1,6.18,132
KVL-04,2026-05-05,18,1,2.74,59
KVL-04,2026-05-05,19,2,30.77,658
KVL-04,2026-05-05,20,1,31.88,682
KVL-04,2026-05-06,6,1,2.18,47
KVL-04,2026-05-06,7,1,2.36,50
KVL-04,2026-05-06,9,2,19.63,420
KVL-04,2026-05-06,10,1,2.49,53
KVL-04,2026-05-06,15,1,8.64,185
KVL-04,2026-05-06,16,1,2.12,45
KVL-04,2026-05-06,17,2,5.43,116
KVL-04,2026-05-06,18,1,9.04,193
KVL-04,2026-05-06,19,1,29.61,633
KVL-04,2026-05-06,22,1,33.57,718
KVL-04,2026-05-07,3,1,2.77,59
KVL-04,2026-05-07,7,1,1.73,37
KVL-04,2026-05-07,8,1,2.91,62
KVL-04,2026-05-07,9,2,6.37,136
KVL-04,2026-05-07,12,2,32.68,700
KVL-04,2026-05-07,14,1,2.44,52
KVL-04,2026-05-07,15,2,3.69,79
KVL-04,2026-05-07,17,1,3.25,70
KVL-04,2026-05-07,18,1,1.96,42
KVL-04,2026-05-07,19,1,5.12,110
KVL-04,2026-05-07,21,1,9.81,210
KVL-04,2026-05-08,5,2,6.02,129
KVL-04,2026-05-08,6,1,2.7,58
KVL-04,2026-05-08,7,1,1.81,39
KVL-04,2026-05-08,8,2,26.74,572
KVL-04,2026-05-08,9,1,1.67,36
KVL-04,2026-05-08,10,1,1.57,34
KVL-04,2026-05-08,11,1,6.25,134
KVL-04,2026-05-08,14,1,22.3,477
KVL-04,2026-05-08,17,1,2.43,52
KVL-04,2026-05-08,18,1,23.72,507
KVL-04,2026-05-09,5,1,2.96,63
KVL-04,2026-05-09,6,2,10.34,221
KVL-04,2026-05-09,7,1,2.18,47
KVL-04,2026-05-09,8,1,1.58,34
KVL-04,2026-05-09,9,1,6.27,134
KVL-04,2026-05-09,10,1,29.22,625
KVL-04,2026-05-09,11,1,6.25,134
KVL-04,2026-05-09,14,2,34.66,741
KVL-04,2026-05-10,6,1,2.07,44
KVL-04,2026-05-10,7,2,3.85,82
KVL-04,2026-05-10,8,1,6.71,144
KVL-04,2026-05-10,12,1,3.35,72
KVL-04,2026-05-10,13,2,9.47,203
KVL-04,2026-05-10,15,2,7.73,165
KVL-04,2026-05-10,16,1,2.76,59
KVL-04,2026-05-10,18,2,11.31,242
KVL-04,2026-05-10,19,1,16.62,356
KVL-04,2026-05-10,21,1,15.71,336
KVL-04,2026-05-11,7,2,4.31,93
KVL-04,2026-05-11,9,1,2.32,50
KVL-04,2026-05-11,12,1,22.81,488
KVL-04,2026-05-11,13,2,5.41,115
KVL-04,2026-05-11,15,1,23.77,508
KVL-04,2026-05-11,21,1,2.41,52
KVL-04,2026-05-12,3,1,2.37,51
KVL-04,2026-05-12,8,1,3.38,72
KVL-04,2026-05-12,9,1,3.39,73
KVL-04,2026-05-12,10,1,7.35,157
KVL-04,2026-05-12,11,1,1.58,34
KVL-04,2026-05-12,12,1,2.29,49
KVL-04,2026-05-12,13,2,7.94,170
KVL-04,2026-05-12,15,1,3.12,67
KVL-04,2026-05-12,16,1,9.94,213
KVL-04,2026-05-12,17,1,3.03,65
KVL-04,2026-05-12,18,1,29.19,624
KVL-04,2026-05-12,21,1,1.96,42
KVL-04,2026-05-13,6,1,3.23,69
KVL-04,2026-05-13,7,1,2.86,61
KVL-04,2026-05-13,10,2,7.55,162
KVL-04,2026-05-13,12,1,2.03,43
KVL-04,2026-05-13,15,4,21.52,460
KVL-04,2026-05-13,16,1,6.55,140
KVL-04,2026-05-13,18,1,3.18,68
KVL-04,2026-05-13,23,1,1.84,39
KVL-04,2026-05-14,6,1,1.64,35
KVL-04,2026-05-14,7,1,3.22,69
KVL-04,2026-05-14,8,1,2.78,59
KVL-04,2026-05-14,9,1,37.88,810
KVL-04,2026-05-14,12,1,8.73,187
KVL-04,2026-05-14,15,1,1.83,39
KVL-04,2026-05-14,16,1,1.86,40
KVL-04,2026-05-14,17,1,3.34,71
KVL-04,2026-05-14,19,2,5.65,121
KVL-04,2026-05-14,21,1,3.17,68
KVL-04,2026-05-14,22,1,2.44,52
KVL-04,2026-05-14,23,1,2.24,48
KVL-04,2026-05-15,5,1,2.79,60
KVL-04,2026-05-15,7,1,2.97,64
KVL-04,2026-05-15,9,2,46.32,991
KVL-04,2026-05-15,12,1,2.87,61
KVL-04,2026-05-15,13,1,6.45,138
KVL-04,2026-05-15,16,1,1.71,37
KVL-04,2026-05-15,17,1,2.45,52
KVL-04,2026-05-15,18,1,2.67,57
KVL-04,2026-05-15,19,1,7.44,159
KVL-04,2026-05-16,4,1,3.22,69
KVL-04,2026-05-16,5,2,5.12,109
KVL-04,2026-05-16,6,1,37.25,797
KVL-04,2026-05-16,8,1,33.85,724
KVL-04,2026-05-16,20,3,6.71,144
KVL-04,2026-05-16,21,2,3.98,85
KVL-04,2026-05-17,7,1,1.99,43
KVL-04,2026-05-17,8,2,19.89,425
KVL-04,2026-05-17,9,1,2.26,48
KVL-04,2026-05-17,12,1,7.09,152
KVL-04,2026-05-17,13,1,34.07,729
KVL-04,2026-05-17,14,1,1.59,34
KVL-04,2026-05-17,15,1,14.48,310
KVL-04,2026-05-17,20,1,2.01,43
KVL-04,2026-05-17,21,1,2.27,49
KVL-04,2026-05-17,22,1,37.08,793
KVL-04,2026-05-18,3,1,2.03,43
KVL-04,2026-05-18,6,2,20.08,430
KVL-04,2026-05-18,7,1,2.56,55
KVL-04,2026-05-18,8,1,3.37,72
KVL-04,2026-05-18,9,1,7.55,161
KVL-04,2026-05-18,13,1,1.85,40
KVL-04,2026-05-18,14,2,25.67,549
KVL-04,2026-05-18,16,1,37.94,812
KVL-04,2026-05-19,7,2,36.87,788
KVL-04,2026-05-19,8,1,3.41,73
KVL-04,2026-05-19,9,1,21.17,453
KVL-04,2026-05-19,17,1,5.73,123
KVL-04,2026-05-19,19,1,6.63,142
KVL-04,2026-05-19,20,1,25.62,548
KVL-04,2026-05-19,22,1,2.74,59
KVL-04,2026-05-20,2,1,1.55,33
KVL-04,2026-05-20,5,1,2.74,59
KVL-04,2026-05-20,6,1,3.3,71
KVL-04,2026-05-20,7,1,2.66,57
KVL-04,2026-05-20,8,2,5.98,127
KVL-04,2026-05-20,9,2,4.52,97
KVL-04,2026-05-20,10,1,2.35,50
KVL-04,2026-05-20,13,1,2.97,64
KVL-04,2026-05-20,16,1,2.89,62
KVL-04,2026-05-20,17,1,2.52,54
KVL-04,2026-05-20,18,1,5.28,113
KVL-04,2026-05-20,19,1,2.5,53
KVL-04,2026-05-21,1,1,19.59,419
KVL-04,2026-05-21,5,1,2.93,63
KVL-04,2026-05-21,6,1,2.51,54
KVL-04,2026-05-21,8,1,2.71,58
KVL-04,2026-05-21,11,2,38.14,816
KVL-04,2026-05-21,12,1,8.57,183
KVL-04,2026-05-21,17,1,3.01,64
KVL-04,2026-05-21,18,1,9.77,209
KVL-04,2026-05-22,5,1,9.85,211
KVL-04,2026-05-22,6,1,2.32,50
KVL-04,2026-05-22,7,1,31.37,671
KVL-04,2026-05-22,11,2,4.94,106
KVL-04,2026-05-22,13,1,3.38,72
KVL-04,2026-05-22,14,1,3.15,67
KVL-04,2026-05-22,16,1,1.61,34
KVL-04,2026-05-22,19,1,1.71,37
KVL-04,2026-05-22,20,2,54.76,1171
KVL-04,2026-05-23,6,1,2.46,53
KVL-04,2026-05-23,7,2,4.84,103
KVL-04,2026-05-23,8,2,13.99,300
KVL-04,2026-05-23,11,2,3.92,84
KVL-04,2026-05-23,12,1,3.1,66
KVL-04,2026-05-23,14,1,9.82,210
KVL-04,2026-05-23,15,1,9.01,193
KVL-04,2026-05-23,17,1,2.13,46
KVL-04,2026-05-23,18,1,1.94,41
KVL-04,2026-05-23,19,2,13.45,288
KVL-04,2026-05-24,8,2,10.46,224
KVL-04,2026-05-24,9,1,3.11,67
KVL-04,2026-05-24,10,2,4.6,98
KVL-04,2026-05-24,11,2,4.45,95
KVL-04,2026-05-24,12,1,1.76,38
KVL-04,2026-05-24,14,1,2.39,51
KVL-04,2026-05-24,17,1,6.52,139
KVL-04,2026-05-24,18,1,9.83,210
KVL-04,2026-05-24,19,1,3.1,66
KVL-04,2026-05-24,20,1,7.92,169
KVL-04,2026-05-24,21,1,1.92,41
KVL-04,2026-05-25,7,1,2.94,63
KVL-04,2026-05-25,8,2,34.63,741
KVL-04,2026-05-25,10,1,9.5,203
KVL-04,2026-05-25,14,1,9.81,210
KVL-04,2026-05-25,19,1,17.1,366
KVL-04,2026-05-25,20,1,2.56,55
KVL-04,2026-05-25,21,1,34.14,730
KVL-04,2026-05-26,7,2,3.19,68
KVL-04,2026-05-26,9,2,10.21,218
KVL-04,2026-05-26,10,1,3.28,70
KVL-04,2026-05-26,12,2,6.16,132
KVL-04,2026-05-26,13,1,2.61,56
KVL-04,2026-05-26,15,2,41.41,886
KVL-04,2026-05-26,17,1,7.15,153
KVL-04,2026-05-26,20,1,3.2,68
KVL-04,2026-05-27,7,2,4.38,94
KVL-04,2026-05-27,8,1,37.79,808
KVL-04,2026-05-27,11,1,8.5,182
KVL-04,2026-05-27,14,1,2.7,58
KVL-04,2026-05-27,16,1,2.52,54
KVL-04,2026-05-27,17,1,3.42,73
KVL-04,2026-05-27,18,1,1.99,43
KVL-04,2026-05-27,19,1,2.86,61
KVL-04,2026-05-27,20,1,3.42,73
KVL-04,2026-05-28,5,1,3.12,67
KVL-04,2026-05-28,6,2,16.48,353
KVL-04,2026-05-28,9,2,40.53,867
KVL-04,2026-05-28,11,1,6.88,147
KVL-04,2026-05-28,14,1,2.14,46
KVL-04,2026-05-28,15,1,7.93,170
KVL-04,2026-05-28,18,1,9.14,196
KVL-04,2026-05-29,7,3,6.74,144
KVL-04,2026-05-29,8,2,8.54,182
KVL-04,2026-05-29,9,1,3.05,65
KVL-04,2026-05-29,12,1,3.14,67
KVL-04,2026-05-29,13,1,9.01,193
KVL-04,2026-05-29,17,2,5.89,126
KVL-04,2026-05-29,18,1,3.06,65
KVL-04,2026-05-29,19,1,14.68,314
KVL-04,2026-05-29,20,1,1.66,36
KVL-04,2026-05-29,22,1,2.81,60
KVL-04,2026-05-30,6,1,2.36,50
KVL-04,2026-05-30,7,2,9.31,200
KVL-04,2026-05-30,8,1,2.72,58
KVL-04,2026-05-30,9,2,27.69,592
KVL-04,2026-05-30,10,1,3.34,71
KVL-04,2026-05-30,14,1,2.47,53
KVL-04,2026-05-30,15,1,6.77,145
KVL-04,2026-05-30,18,1,1.92,41
KVL-04,2026-05-30,19,2,10.51,225
KVL-04,2026-05-30,20,1,9.3,199
KVL-04,2026-05-31,8,2,30.18,645
KVL-04,2026-05-31,9,1,2.23,48
KVL-04,2026-05-31,11,1,2.98,64
KVL-04,2026-05-31,12,1,7.33,157
KVL-04,2026-05-31,15,1,3.43,73
KVL-04,2026-05-31,16,1,2.02,43
KVL-04,2026-05-31,17,1,6.37,136
KVL-04,2026-05-31,18,1,34.48,738
KVL-04,2026-05-31,19,1,3.44,74
KVL-04,2026-06-01,5,1,2.08,44
KVL-04,2026-06-01,6,2,5.93,127
KVL-04,2026-06-01,9,2,5.49,118
KVL-04,2026-06-01,10,1,1.62,35
KVL-04,2026-06-01,11,1,3.14,67
KVL-04,2026-06-01,12,1,6.68,143
KVL-04,2026-06-01,13,1,1.94,41
KVL-04,2026-06-01,14,1,9.16,196
KVL-04,2026-06-01,16,1,7.58,162
KVL-04,2026-06-01,18,1,28.35,606
KVL-04,2026-06-01,19,2,8.53,183
KVL-04,2026-06-01,22,1,8.12,174
KVL-04,2026-06-02,7,2,4.45,95
KVL-04,2026-06-02,8,1,2.54,54
KVL-04,2026-06-02,9,2,36.11,773
KVL-04,2026-06-02,15,1,27.19,582
KVL-04,2026-06-02,16,1,2.97,64
KVL-04,2026-06-02,17,1,3.23,69
KVL-04,2026-06-02,19,1,36.99,791
KVL-04,2026-06-03,7,2,5.74,123
KVL-04,2026-06-03,8,1,6.81,146
KVL-04,2026-06-03,10,1,19.98,427
KVL-04,2026-06-03,11,1,2.82,60
KVL-04,2026-06-03,12,1,3.19,68
KVL-04,2026-06-03,14,1,8.47,181
KVL-04,2026-06-03,17,1,1.73,37
KVL-04,2026-06-03,18,2,32.32,692
KVL-04,2026-06-03,19,1,2.64,56
KVL-04,2026-06-03,21,1,2.44,52
KVL-04,2026-06-04,6,1,3.44,74
KVL-04,2026-06-04,7,1,3.42,73
KVL-04,2026-06-04,8,2,4.69,100
KVL-04,2026-06-04,9,2,21.19,453
KVL-04,2026-06-04,10,1,23.75,508
KVL-04,2026-06-04,16,1,9.79,209
KVL-04,2026-06-04,18,1,5.79,124
KVL-04,2026-06-04,21,1,1.82,39
KVL-04,2026-06-05,2,1,2.24,48
KVL-04,2026-06-05,5,1,2.86,61
KVL-04,2026-06-05,8,3,25.87,553
KVL-04,2026-06-05,10,1,2.79,60
KVL-04,2026-06-05,11,1,3.19,68
KVL-04,2026-06-05,13,1,20.35,435
KVL-04,2026-06-05,17,2,4.49,96
KVL-04,2026-06-05,19,1,3.15,67
KVL-04,2026-06-05,20,1,31.52,674
KVL-04,2026-06-05,21,1,2.36,50
KVL-04,2026-06-06,4,1,2.01,43
KVL-04,2026-06-06,7,2,64.3,1376
KVL-04,2026-06-06,18,1,1.97,42
KVL-04,2026-06-06,20,1,3.33,71
KVL-04,2026-06-06,21,2,11.88,254
KVL-04,2026-06-07,4,2,32.97,705
KVL-04,2026-06-07,5,1,2.02,43
KVL-04,2026-06-07,6,1,3.05,65
KVL-04,2026-06-07,7,1,1.85,40
KVL-04,2026-06-07,8,1,1.62,35
KVL-04,2026-06-07,9,2,4.65,100
KVL-04,2026-06-07,10,1,2.95,63
KVL-04,2026-06-07,11,1,2.51,54
KVL-04,2026-06-07,13,1,3.27,70
KVL-04,2026-06-07,14,1,19.99,428
KVL-04,2026-06-07,15,1,1.6,34
KVL-04,2026-06-07,17,1,2.71,58
KVL-04,2026-06-07,18,1,35.87,767
KVL-04,2026-06-07,22,1,15.31,327
KVL-04,2026-06-08,6,1,2.91,62
KVL-04,2026-06-08,7,2,10.76,230
KVL-04,2026-06-08,9,1,1.73,37
KVL-04,2026-06-08,12,2,7.86,168
KVL-04,2026-06-08,15,1,3.2,68
KVL-04,2026-06-08,16,2,5.15,110
KVL-04,2026-06-08,17,2,5.34,115
KVL-04,2026-06-08,19,1,2.19,47
KVL-04,2026-06-08,20,2,46.38,992
KVL-04,2026-06-09,3,1,3.45,74
KVL-04,2026-06-09,5,1,9.05,194
KVL-04,2026-06-09,6,1,2.6,56
KVL-04,2026-06-09,7,1,29.89,639
KVL-04,2026-06-09,9,1,26.79,573
KVL-04,2026-06-09,17,1,1.77,38
KVL-04,2026-06-09,18,1,2.78,59
KVL-04,2026-06-09,20,2,11.66,250
KVL-04,2026-06-09,22,1,1.84,39
KVL-04,2026-06-09,23,1,37.92,811
KVL-04,2026-06-10,4,1,3.27,70
KVL-04,2026-06-10,5,1,8.55,183
KVL-04,2026-06-10,7,1,8.6,184
KVL-04,2026-06-10,8,1,28.7,614
KVL-04,2026-06-10,11,1,2.6,56
KVL-04,2026-06-10,13,1,3.29,70
KVL-04,2026-06-10,14,1,3.39,73
KVL-04,2026-06-10,15,1,2.46,53
KVL-04,2026-06-10,16,1,7.61,163
KVL-04,2026-06-10,18,1,7.19,154
KVL-04,2026-06-10,19,1,27.74,593
KVL-04,2026-06-10,21,1,1.94,41
KVL-04,2026-06-11,7,1,26.45,566
KVL-04,2026-06-11,8,1,2.91,62
KVL-04,2026-06-11,10,2,31.53,674
KVL-04,2026-06-11,17,1,3.09,66
KVL-04,2026-06-11,18,1,3.25,70
KVL-04,2026-06-11,20,1,9.56,204
KVL-04,2026-06-11,21,1,27.2,582
KVL-04,2026-06-12,4,1,7.48,160
KVL-04,2026-06-12,7,2,5.83,125
KVL-04,2026-06-12,9,2,5.96,127
KVL-04,2026-06-12,10,2,38.15,816
KVL-04,2026-06-12,12,1,2.77,59
KVL-04,2026-06-12,13,1,27.48,588
KVL-04,2026-06-12,23,2,22.04,472
KVL-04,2026-06-13,6,1,2.04,44
KVL-04,2026-06-13,7,2,17.74,379
KVL-04,2026-06-13,8,1,2.84,61
KVL-04,2026-06-13,10,1,1.9,41
KVL-04,2026-06-13,12,1,1.74,37
KVL-04,2026-06-13,13,1,2.95,63
KVL-04,2026-06-13,15,1,1.62,35
KVL-04,2026-06-13,16,1,2.99,64
KVL-04,2026-06-13,19,2,18.4,394
KVL-04,2026-06-13,20,1,2.87,61
KVL-04,2026-06-13,21,1,2.14,46
KVL-04,2026-06-13,22,1,2.6,56
KVL-04,2026-06-13,23,1,18.81,402
KVL-04,2026-06-14,0,2,14.77,316
KVL-04,2026-06-14,8,1,2.18,47
KVL-04,2026-06-14,9,1,36.47,780
KVL-04,2026-06-14,10,1,2.29,49
KVL-04,2026-06-14,11,1,17.31,370
KVL-04,2026-06-14,17,1,2.01,43
KVL-04,2026-06-14,18,1,2.13,46
KVL-04,2026-06-14,19,1,3.29,70
KVL-04,2026-06-14,21,1,2.25,48
KVL-04,2026-06-15,5,1,21.44,459
KVL-04,2026-06-15,8,1,2.98,64
KVL-04,2026-06-15,9,1,2.96,63
KVL-04,2026-06-15,12,1,33.74,722
KVL-04,2026-06-15,13,1,1.56,33
KVL-04,2026-06-15,14,1,2.55,55
KVL-04,2026-06-15,16,1,1.93,41
KVL-04,2026-06-15,17,2,4.96,106
KVL-04,2026-06-15,18,1,2.3,49
KVL-04,2026-06-15,19,1,18.9,404
KVL-04,2026-06-16,6,2,11.87,254
KVL-04,2026-06-16,7,1,2.22,47
KVL-04,2026-06-16,10,1,2.4,51
KVL-04,2026-06-16,11,1,1.5,32
KVL-04,2026-06-16,13,1,2.67,57
KVL-04,2026-06-16,16,3,23.87,511
KVL-04,2026-06-16,17,1,1.58,34
KVL-04,2026-06-16,19,1,17.35,371
KVL-04,2026-06-17,7,2,5.41,116
KVL-04,2026-06-17,8,1,1.83,39
KVL-04,2026-06-17,10,1,17.44,373
KVL-04,2026-06-17,14,1,7.35,157
KVL-04,2026-06-17,16,1,2.11,45
KVL-04,2026-06-17,17,1,1.83,39
KVL-04,2026-06-17,19,1,1.53,33
KVL-04,2026-06-17,20,1,8.32,178
KVL-04,2026-06-17,21,1,7.2,154
KVL-04,2026-06-17,23,1,2.96,63
KVL-04,2026-06-18,6,1,8.23,176
KVL-04,2026-06-18,8,1,1.72,37
KVL-04,2026-06-18,11,2,19.61,419
KVL-04,2026-06-18,14,1,3.07,66
KVL-04,2026-06-18,15,1,1.74,37
KVL-04,2026-06-18,17,3,22.06,472
KVL-04,2026-06-18,19,1,23.93,512
KVL-04,2026-06-19,1,1,8.7,186
KVL-04,2026-06-19,8,2,18.52,396
KVL-04,2026-06-19,11,2,11.42,245
KVL-04,2026-06-19,13,1,5.15,110
KVL-04,2026-06-19,16,1,1.96,42
KVL-04,2026-06-19,17,1,1.61,34
KVL-04,2026-06-19,18,1,2.6,56
KVL-04,2026-06-19,20,1,28.15,602
KVL-04,2026-06-19,21,1,1.61,34
KVL-04,2026-06-20,7,2,43.78,936
KVL-04,2026-06-20,11,1,30.9,661
KVL-04,2026-06-20,21,1,2.3,49
KVL-04,2026-06-20,22,1,14.9,319
KVL-04,2026-06-20,23,1,6.82,146
KVL-04,2026-06-21,0,1,2.7,58
KVL-04,2026-06-21,3,1,2.51,54
KVL-04,2026-06-21,7,2,9.48,202
KVL-04,2026-06-21,8,1,3.07,66
KVL-04,2026-06-21,9,1,3.12,67
KVL-04,2026-06-21,10,1,2.74,59
KVL-04,2026-06-21,12,2,35.41,757
KVL-04,2026-06-21,15,2,16.93,362
KVL-04,2026-06-21,21,1,2.26,48
KVL-04,2026-06-22,5,1,1.88,40
KVL-04,2026-06-22,6,1,31.27,669
KVL-04,2026-06-22,7,1,7.03,150
KVL-04,2026-06-22,10,1,3.05,65
KVL-04,2026-06-22,13,1,9.41,201
KVL-04,2026-06-22,18,1,2.82,60
KVL-04,2026-06-22,19,1,6.33,135
KVL-04,2026-06-22,20,1,7.52,161
KVL-04,2026-06-23,5,1,2.1,45
KVL-04,2026-06-23,6,1,3.41,73
KVL-04,2026-06-23,7,2,27.37,585
KVL-04,2026-06-23,8,1,1.88,40
KVL-04,2026-06-23,9,1,2.65,57
KVL-04,2026-06-23,10,1,6.51,139
KVL-04,2026-06-23,12,1,2.07,44
KVL-04,2026-06-23,15,1,1.74,37
KVL-04,2026-06-23,16,1,3.15,67
KVL-04,2026-06-23,18,1,2.42,52
KVL-04,2026-06-23,19,1,9.83,210
KVL-04,2026-06-23,20,1,7.2,154
KVL-04,2026-06-23,23,1,3.48,74
KVL-04,2026-06-24,1,1,3.27,70
KVL-04,2026-06-24,5,2,31.47,673
KVL-04,2026-06-24,8,1,29.83,638
KVL-04,2026-06-24,12,1,1.93,41
KVL-04,2026-06-24,13,1,9.45,202
KVL-04,2026-06-24,17,1,2.56,55
KVL-04,2026-06-24,18,2,3.41,73
KVL-04,2026-06-24,20,1,2.45,52
KVL-04,2026-06-24,21,2,6.47,139
KVL-04,2026-06-25,6,1,2.69,58
KVL-04,2026-06-25,7,2,9.96,213
KVL-04,2026-06-25,8,1,18.32,392
KVL-04,2026-06-25,9,1,22.01,471
KVL-04,2026-06-25,15,1,30.22,646
KVL-04,2026-06-25,17,1,2.19,47
KVL-04,2026-06-25,19,1,15.53,332
KVL-04,2026-06-26,3,1,1.99,43
KVL-04,2026-06-26,4,1,1.6,34
KVL-04,2026-06-26,7,2,11.09,237
KVL-04,2026-06-26,8,1,33.45,716
KVL-04,2026-06-26,10,1,2.67,57
KVL-04,2026-06-26,11,1,22.92,490
KVL-04,2026-06-26,20,1,1.66,36
KVL-04,2026-06-26,23,1,2.08,44
KVL-04,2026-06-27,6,1,6.4,137
KVL-04,2026-06-27,7,1,2.9,62
KVL-04,2026-06-27,8,2,33.1,708
KVL-04,2026-06-27,9,1,29.32,627
KVL-04,2026-06-28,2,1,1.9,41
KVL-04,2026-06-28,7,1,23.89,511
KVL-04,2026-06-28,8,1,1.85,40
KVL-04,2026-06-28,9,2,22.97,492
KVL-04,2026-06-28,17,2,4.19,90
KVL-04,2026-06-28,18,2,22.61,484
KVL-04,2026-06-28,19,1,3.47,74
KVL-04,2026-06-28,20,1,1.54,33
KVL-04,2026-06-28,21,1,1.53,33
KVL-04,2026-06-28,22,1,8.93,191
KVL-04,2026-06-29,1,1,8.13,174
KVL-04,2026-06-29,5,2,4.11,88
KVL-04,2026-06-29,6,1,1.56,33
KVL-04,2026-06-29,7,1,2.61,56
KVL-04,2026-06-29,11,2,21.56,461
KVL-04,2026-06-29,12,1,3.18,68
KVL-04,2026-06-29,15,1,19.95,427
KVL-04,2026-06-29,18,1,2.58,55
KVL-04,2026-06-29,19,1,1.79,38
KVL-04,2026-06-29,20,1,2.2,47
KVL-04,2026-06-29,21,1,2.94,63
KVL-04,2026-06-30,4,1,8.17,175
KVL-04,2026-06-30,6,1,2.76,59
KVL-04,2026-06-30,8,1,3.3,71
KVL-04,2026-06-30,9,1,2.06,44
KVL-04,2026-06-30,11,1,2.29,49
KVL-04,2026-06-30,12,2,29.58,633
KVL-04,2026-06-30,16,1,6.93,148
KVL-04,2026-06-30,19,1,1.74,37
KVL-04,2026-06-30,20,1,2.74,59
KVL-04,2026-06-30,21,1,2.55,55
KVL-04,2026-07-01,5,1,6.69,143
KVL-04,2026-07-01,7,1,17.56,376
KVL-04,2026-07-01,9,1,33.65,720
KVL-04,2026-07-01,14,1,9.19,197
KVL-04,2026-07-01,17,1,3.33,71
KVL-04,2026-07-01,19,1,31.08,665
KVL-04,2026-07-01,22,1,1.66,36
KVL-04,2026-07-02,6,1,2.65,57
KVL-04,2026-07-02,8,1,17.09,366
KVL-04,2026-07-02,9,1,1.68,36
KVL-04,2026-07-02,10,1,18.99,406
KVL-04,2026-07-02,14,1,2.69,58
KVL-04,2026-07-02,17,2,11.81,252
KVL-04,2026-07-02,18,2,3.65,78
KVL-04,2026-07-03,4,1,1.81,39
KVL-04,2026-07-03,8,1,25.02,535
KVL-04,2026-07-03,9,1,1.53,33
KVL-04,2026-07-03,10,1,2.35,50
KVL-04,2026-07-03,12,1,2.31,49
KVL-04,2026-07-03,13,1,2.51,54
KVL-04,2026-07-03,14,1,2.49,53
KVL-04,2026-07-03,15,1,3.12,67
KVL-04,2026-07-03,17,1,1.77,38
KVL-04,2026-07-03,18,1,22.69,485
KVL-04,2026-07-03,19,1,2.25,48
KVL-04,2026-07-03,20,1,1.67,36
KVL-04,2026-07-03,21,1,2.1,45
KVL-04,2026-07-04,1,1,3.0,64
KVL-04,2026-07-04,4,1,2.92,62
KVL-04,2026-07-04,5,1,7.84,168
KVL-04,2026-07-04,8,2,25.15,538
KVL-04,2026-07-04,11,1,1.59,34
KVL-04,2026-07-04,12,1,2.34,50
KVL-04,2026-07-04,13,1,3.35,72
KVL-04,2026-07-04,14,1,9.93,212
KVL-04,2026-07-04,15,1,2.0,43
KVL-04,2026-07-04,16,1,7.55,161
KVL-04,2026-07-04,18,1,3.42,73
KVL-04,2026-07-04,19,2,5.17,111
KVL-04,2026-07-04,20,2,6.95,148
KVL-04,2026-07-05,5,1,3.44,74
KVL-04,2026-07-05,6,1,2.59,55
KVL-04,2026-07-05,7,1,2.2,47
KVL-04,2026-07-05,9,1,2.72,58
KVL-04,2026-07-05,10,2,5.12,109
KVL-04,2026-07-05,13,2,10.88,232
KVL-04,2026-07-05,14,1,8.22,176
KVL-04,2026-07-05,17,3,11.89,254
KVL-04,2026-07-05,18,1,3.19,68
KVL-04,2026-07-05,20,2,6.09,130
KVL-04,2026-07-05,21,1,33.47,716
KVL-04,2026-07-05,22,1,26.53,567
KVL-04,2026-07-06,6,1,1.98,42
KVL-04,2026-07-06,7,1,2.13,46
KVL-04,2026-07-06,8,1,3.48,74
KVL-04,2026-07-06,9,1,2.76,59
KVL-04,2026-07-06,10,3,13.01,278
KVL-04,2026-07-06,12,1,1.95,42
KVL-04,2026-07-06,16,1,7.49,160
KVL-04,2026-07-06,17,1,2.6,56
KVL-04,2026-07-06,18,1,16.0,342
KVL-04,2026-07-07,5,1,22.74,486
KVL-04,2026-07-07,7,1,2.21,47
KVL-04,2026-07-07,9,1,1.82,39
KVL-04,2026-07-07,10,1,2.63,56
KVL-04,2026-07-07,12,1,2.79,60
KVL-04,2026-07-07,13,1,2.05,44
KVL-04,2026-07-07,17,3,20.14,430
KVL-04,2026-07-07,18,1,2.41,52
KVL-04,2026-07-07,19,1,3.0,64
KVL-04,2026-07-07,21,1,24.42,522
KVL-04,2026-07-08,6,2,5.33,114
KVL-04,2026-07-08,7,1,33.97,727
KVL-04,2026-07-08,9,1,2.8,60
KVL-04,2026-07-08,10,1,26.4,565
KVL-04,2026-07-08,20,2,10.09,215
KVL-04,2026-07-08,21,1,26.8,573
KVL-04,2026-07-09,6,1,2.75,59
KVL-04,2026-07-09,7,2,10.38,222
KVL-04,2026-07-09,10,1,2.83,61
KVL-04,2026-07-09,11,1,3.21,69
KVL-04,2026-07-09,12,1,33.37,714
KVL-04,2026-07-09,15,1,27.83,595
KVL-04,2026-07-10,4,1,3.08,66
KVL-04,2026-07-10,6,2,5.96,128
KVL-04,2026-07-10,7,1,1.93,41
KVL-04,2026-07-10,8,1,3.12,67
KVL-04,2026-07-10,9,1,1.81,39
KVL-04,2026-07-10,10,1,3.15,67
KVL-04,2026-07-10,12,1,1.62,35
KVL-04,2026-07-10,14,1,30.77,658
KVL-04,2026-07-10,15,1,1.53,33
KVL-04,2026-07-10,16,2,5.0,107
KVL-04,2026-07-10,18,1,2.48,53
KVL-04,2026-07-10,19,1,2.72,58
KVL-04,2026-07-10,20,1,30.06,643
KVL-04,2026-07-11,7,2,4.94,105
KVL-04,2026-07-11,8,2,14.5,311
KVL-04,2026-07-11,11,1,7.23,155
KVL-04,2026-07-11,14,1,2.27,49
KVL-04,2026-07-11,16,2,26.65,570
KVL-04,2026-07-11,18,1,36.25,775
KVL-04,2026-07-12,0,1,9.85,211
KVL-04,2026-07-12,6,1,6.63,142
KVL-04,2026-07-12,7,1,25.08,536
KVL-04,2026-07-12,11,1,2.14,46
KVL-04,2026-07-12,12,1,8.87,190
KVL-04,2026-07-12,17,1,20.86,446
KVL-04,2026-07-12,18,1,8.18,175
KVL-04,2026-07-12,21,1,2.24,48
KVL-04,2026-07-12,23,1,3.26,70
KVL-04,2026-07-13,0,1,6.77,145
KVL-04,2026-07-13,6,1,2.26,48
KVL-04,2026-07-13,7,1,2.21,47
KVL-04,2026-07-13,8,1,26.98,577
KVL-04,2026-07-13,12,1,5.94,127
KVL-04,2026-07-13,15,1,1.88,40
KVL-04,2026-07-13,16,1,2.58,55
KVL-04,2026-07-13,18,1,8.18,175
KVL-04,2026-07-13,21,1,3.14,67
KVL-04,2026-07-14,7,2,4.91,105
KVL-04,2026-07-14,8,2,34.12,730
KVL-04,2026-07-14,9,1,3.48,74
KVL-04,2026-07-14,10,1,2.7,58
KVL-04,2026-07-14,11,1,23.27,498
KVL-04,2026-07-14,20,1,9.52,204
KVL-04,2026-07-14,21,1,2.52,54
KVL-04,2026-07-15,2,1,2.18,47
KVL-04,2026-07-15,7,2,28.81,616
KVL-04,2026-07-15,10,1,3.44,74
KVL-04,2026-07-15,11,1,7.93,170
KVL-04,2026-07-15,14,1,3.3,71
KVL-04,2026-07-15,16,1,6.43,138
KVL-04,2026-07-15,17,1,9.18,196
KVL-04,2026-07-15,18,1,9.72,208
KVL-04,2026-07-15,20,1,2.5,53
KVL-04,2026-07-16,2,1,1.84,39
KVL-04,2026-07-16,6,1,1.88,40
KVL-04,2026-07-16,8,2,4.85,104
KVL-04,2026-07-16,9,1,1.59,34
KVL-04,2026-07-16,10,1,34.47,737
KVL-04,2026-07-16,13,1,2.19,47
KVL-04,2026-07-16,14,1,31.22,668
KVL-04,2026-07-17,6,2,32.41,694
KVL-04,2026-07-17,7,1,2.21,47
KVL-04,2026-07-17,9,1,28.84,617
KVL-04,2026-07-17,18,1,3.43,73
KVL-04,2026-07-17,19,2,3.56,76
KVL-04,2026-07-17,20,1,1.8,39
KVL-04,2026-07-17,21,1,3.0,64
KVL-04,2026-07-18,6,1,14.32,306
KVL-04,2026-07-18,8,1,9.79,209
KVL-04,2026-07-18,12,2,11.15,239
KVL-04,2026-07-18,13,1,2.79,60
KVL-04,2026-07-18,14,1,2.66,57
KVL-04,2026-07-18,15,1,3.35,72
KVL-04,2026-07-18,18,2,3.49,74
KVL-04,2026-07-18,19,1,5.22,112
KVL-04,2026-07-18,21,1,3.46,74
KVL-04,2026-07-18,22,1,5.87,126
KVL-04,2026-07-19,7,2,23.66,506
KVL-04,2026-07-19,8,1,1.65,35
KVL-04,2026-07-19,9,1,1.95,42
KVL-04,2026-07-19,10,1,30.55,653
KVL-04,2026-07-19,16,1,20.28,434
KVL-04,2026-07-20,6,2,23.07,494
KVL-04,2026-07-20,10,1,16.21,347
KVL-04,2026-07-20,13,1,2.75,59
KVL-04,2026-07-20,15,1,9.42,201
KVL-04,2026-07-20,16,1,6.67,143
KVL-04,2026-07-20,18,1,1.55,33
KVL-04,2026-07-20,19,2,57.7,1234
KVL-04,2026-07-21,5,1,9.18,196
KVL-04,2026-07-21,6,1,29.19,624
KVL-04,2026-07-21,9,1,3.15,67
KVL-04,2026-07-21,10,1,3.32,71
KVL-04,2026-07-21,14,1,3.24,69
KVL-04,2026-07-21,15,1,3.04,65
KVL-04,2026-07-21,16,2,4.93,105
KVL-04,2026-07-21,17,2,3.73,79
KVL-04,2026-07-21,18,1,2.12,45
KVL-04,2026-07-21,19,2,40.46,865
KVL-04,2026-07-21,22,1,1.88,40
KVL-04,2026-07-22,0,1,1.69,36
KVL-04,2026-07-22,5,1,29.89,639
KVL-04,2026-07-22,7,1,1.59,34
KVL-04,2026-07-22,8,1,9.93,212
KVL-04,2026-07-22,12,1,3.35,72
KVL-04,2026-07-22,15,1,1.76,38
KVL-04,2026-07-22,17,2,4.32,92
KVL-04,2026-07-22,19,1,2.19,47
KVL-04,2026-07-22,20,1,2.81,60
KVL-04,2026-07-23,0,1,2.51,54
KVL-04,2026-07-23,7,1,3.36,72
KVL-04,2026-07-23,9,2,11.02,236
KVL-04,2026-07-23,11,1,2.48,53
KVL-04,2026-07-23,12,2,12.91,276
KVL-04,2026-07-23,13,1,2.18,47
KVL-04,2026-07-23,14,1,26.12,559
KVL-04,2026-07-23,15,1,2.42,52
KVL-04,2026-07-23,16,1,8.94,191
KVL-04,2026-07-23,19,1,9.19,197
KVL-04,2026-07-24,8,1,26.26,562
KVL-04,2026-07-24,9,1,2.65,57
KVL-04,2026-07-24,10,1,24.83,531
KVL-04,2026-07-24,18,1,2.43,52
KVL-04,2026-07-24,20,1,2.84,61
KVL-04,2026-07-25,0,1,3.08,66
KVL-04,2026-07-25,6,1,3.19,68
KVL-04,2026-07-25,8,2,10.23,219
KVL-04,2026-07-25,10,1,7.3,156
KVL-04,2026-07-25,11,1,2.64,56
KVL-04,2026-07-25,12,2,10.34,221
KVL-04,2026-07-25,14,2,12.48,267
KVL-04,2026-07-25,19,1,16.77,359
KVL-04,2026-07-25,20,1,2.79,60
KVL-04,2026-07-26,0,1,3.38,72
KVL-04,2026-07-26,7,1,9.79,209
KVL-04,2026-07-26,8,1,5.87,126
KVL-04,2026-07-26,10,1,3.02,65
KVL-04,2026-07-26,11,2,5.13,110
KVL-04,2026-07-26,12,1,2.9,62
KVL-04,2026-07-26,13,3,6.95,149
KVL-04,2026-07-26,14,1,8.09,173
KVL-04,2026-07-26,16,1,3.39,73
KVL-04,2026-07-26,18,3,14.5,310
KVL-04,2026-07-26,19,1,2.31,49
KVL-04,2026-07-26,20,1,24.51,524
KVL-04,2026-07-26,22,1,22.63,484
KVL-04,2026-07-27,8,2,11.01,236
KVL-04,2026-07-27,11,2,22.69,485
KVL-04,2026-07-27,12,1,5.35,114
KVL-04,2026-07-27,14,1,8.76,187
KVL-04,2026-07-27,18,1,16.46,352
KVL-04,2026-07-27,19,1,3.33,71
KVL-04,2026-07-27,20,1,2.93,63
KVL-04,2026-07-28,5,1,2.5,53
KVL-04,2026-07-28,7,2,23.62,505
KVL-04,2026-07-28,8,1,2.98,64
KVL-04,2026-07-28,9,1,18.74,401
KVL-04,2026-07-28,18,2,4.72,101
KVL-04,2026-07-28,20,1,16.86,361
KVL-04,2026-07-28,21,1,2.84,61
KVL-04,2026-07-28,22,1,2.89,62
KVL-04,2026-07-29,2,1,1.85,40
KVL-04,2026-07-29,6,1,18.31,392
KVL-04,2026-07-29,7,1,2.58,55
KVL-04,2026-07-29,8,1,2.04,44
KVL-04,2026-07-29,10,1,1.74,37
KVL-04,2026-07-29,12,1,3.11,67
KVL-04,2026-07-29,14,2,9.31,199
KVL-04,2026-07-29,15,2,4.12,88
KVL-04,2026-07-29,16,1,17.14,367
KVL-04,2026-07-29,17,1,25.64,548
KVL-04,2026-07-30,9,1,3.45,74
KVL-04,2026-07-30,11,2,5.12,110
KVL-04,2026-07-30,12,2,4.93,105
KVL-04,2026-07-30,13,2,3.94,85
KVL-04,2026-07-30,14,2,4.87,105
KVL-04,2026-07-30,17,2,6.57,141
KVL-04,2026-07-30,19,2,8.52,182
KVL-04,2026-07-30,21,1,8.25,176
KVL-04,2026-07-31,0,1,23.51,503
KVL-04,2026-07-31,2,1,26.95,576
KVL-04,2026-07-31,9,1,23.67,506
KVL-04,2026-07-31,13,1,28.33,606
KVL-04,2026-07-31,17,1,1.68,36
KVL-04,2026-07-31,18,1,2.01,43
KVL-04,2026-07-31,19,1,28.16,602
KVL-04,2026-08-01,8,1,3.29,70
KVL-04,2026-08-01,9,2,5.25,112
KVL-04,2026-08-01,10,1,3.43,73
KVL-04,2026-08-01,11,1,2.68,57
KVL-04,2026-08-01,12,1,6.52,139
KVL-04,2026-08-01,13,1,3.11,67
KVL-04,2026-08-01,14,1,2.77,59
KVL-04,2026-08-01,16,1,1.99,43
KVL-04,2026-08-01,19,1,2.59,55
KVL-04,2026-08-01,20,2,4.7,101
KVL-04,2026-08-02,6,2,4.15,89
KVL-04,2026-08-02,8,2,5.32,114
KVL-04,2026-08-02,11,1,3.06,65
KVL-04,2026-08-02,12,1,2.45,52
KVL-04,2026-08-02,14,1,22.87,489
KVL-04,2026-08-02,15,1,5.25,112
KVL-04,2026-08-02,17,1,1.85,40
KVL-04,2026-08-02,18,1,33.16,709
KVL-04,2026-08-03,4,1,1.9,41
KVL-04,2026-08-03,7,1,2.31,49
KVL-04,2026-08-03,8,2,4.5,96
KVL-04,2026-08-03,9,2,5.76,123
KVL-04,2026-08-03,10,2,3.64,78
KVL-04,2026-08-03,11,2,29.47,631
KVL-04,2026-08-03,13,1,1.75,37
KVL-04,2026-08-03,15,1,8.54,183
KVL-04,2026-08-03,19,1,15.48,331
KVL-04,2026-08-04,0,1,34.38,735
KVL-04,2026-08-04,5,1,3.39,73
KVL-04,2026-08-04,7,1,2.56,55
KVL-04,2026-08-04,9,1,7.04,151
KVL-04,2026-08-04,11,1,9.23,197
KVL-04,2026-08-04,13,1,28.25,604
KVL-04,2026-08-04,15,1,1.88,40
KVL-04,2026-08-04,16,1,2.12,45
KVL-04,2026-08-04,17,1,8.37,179
KVL-04,2026-08-05,6,1,18.36,393
KVL-04,2026-08-05,7,1,3.36,72
KVL-04,2026-08-05,9,1,7.21,154
KVL-04,2026-08-05,15,1,15.05,322
KVL-04,2026-08-05,17,1,2.64,56
KVL-04,2026-08-05,18,1,2.43,52
KVL-04,2026-08-05,19,1,1.91,41
KVL-04,2026-08-05,20,2,31.48,673
KVL-04,2026-08-05,21,1,9.1,195
KVL-04,2026-08-06,0,1,3.3,71
KVL-04,2026-08-06,6,1,8.89,190
KVL-04,2026-08-06,7,1,28.58,611
KVL-04,2026-08-06,10,1,3.22,69
KVL-04,2026-08-06,11,1,19.89,425
KVL-04,2026-08-06,18,2,5.16,110
KVL-04,2026-08-06,19,2,6.11,131
KVL-04,2026-08-06,20,1,35.04,750
KVL-04,2026-08-06,21,1,2.89,62
KVL-04,2026-08-07,7,1,14.74,315
KVL-04,2026-08-07,8,1,1.82,39
KVL-04,2026-08-07,9,1,5.65,121
KVL-04,2026-08-07,12,1,1.75,37
KVL-04,2026-08-07,13,1,3.2,68
KVL-04,2026-08-07,14,1,2.03,43
KVL-04,2026-08-07,16,2,36.2,774
KVL-04,2026-08-07,17,1,9.24,198
KVL-04,2026-08-07,20,1,9.93,212
KVL-04,2026-08-08,5,1,3.39,73
KVL-04,2026-08-08,7,2,12.33,264
KVL-04,2026-08-08,8,1,2.78,59
KVL-04,2026-08-08,10,1,23.47,502
KVL-04,2026-08-08,11,1,1.55,33
KVL-04,2026-08-08,12,1,1.57,34
KVL-04,2026-08-08,13,1,3.0,64
KVL-04,2026-08-08,16,1,2.29,49
KVL-04,2026-08-08,17,1,2.66,57
KVL-04,2026-08-08,18,2,19.03,408
KVL-04,2026-08-08,20,2,4.74,101
KVL-04,2026-08-09,1,2,22.89,490
KVL-04,2026-08-09,6,1,3.27,70
KVL-04,2026-08-09,7,1,8.23,176
KVL-04,2026-08-09,9,1,3.39,73
KVL-04,2026-08-09,10,1,1.72,37
KVL-04,2026-08-09,11,1,2.21,47
KVL-04,2026-08-09,13,1,8.72,187
KVL-04,2026-08-09,15,1,5.43,116
KVL-04,2026-08-09,16,1,2.4,51
KVL-04,2026-08-09,17,2,8.96,192
KVL-04,2026-08-09,18,1,8.18,175
KVL-04,2026-08-09,19,1,2.42,52
KVL-04,2026-08-10,0,1,24.64,527
KVL-04,2026-08-10,5,1,6.97,149
KVL-04,2026-08-10,8,2,35.59,761
KVL-04,2026-08-10,10,1,1.59,34
KVL-04,2026-08-10,13,1,2.23,48
KVL-04,2026-08-10,15,1,3.02,65
KVL-04,2026-08-10,16,1,2.41,52
KVL-04,2026-08-10,17,1,3.12,67
KVL-04,2026-08-10,19,2,5.35,114
KVL-04,2026-08-10,20,1,3.39,73
KVL-04,2026-08-10,21,2,20.4,436
KVL-04,2026-08-10,22,1,5.24,112
KVL-04,2026-08-11,6,1,20.24,433
KVL-04,2026-08-11,8,1,3.26,70
KVL-04,2026-08-11,9,1,26.57,568
KVL-04,2026-08-11,13,1,2.17,46
KVL-04,2026-08-11,15,1,2.68,57
KVL-04,2026-08-11,16,1,2.68,57
KVL-04,2026-08-11,17,1,3.29,70
KVL-04,2026-08-11,18,1,6.53,140
KVL-04,2026-08-11,19,1,19.97,427
KVL-04,2026-08-11,21,1,2.66,57
KVL-04,2026-08-11,22,1,3.2,68
KVL-04,2026-08-12,5,2,6.19,133
KVL-04,2026-08-12,6,1,1.98,42
KVL-04,2026-08-12,7,2,25.66,549
KVL-04,2026-08-12,9,1,35.92,768
KVL-04,2026-08-12,16,2,10.32,221
KVL-04,2026-08-12,20,1,2.94,63
KVL-04,2026-08-12,22,1,2.33,50
KVL-04,2026-08-13,4,1,3.45,74
KVL-04,2026-08-13,7,2,15.21,325
KVL-04,2026-08-13,11,2,4.1,88
KVL-04,2026-08-13,12,2,4.56,97
KVL-04,2026-08-13,17,2,19.27,412
KVL-04,2026-08-13,20,1,2.92,62
KVL-04,2026-08-13,23,1,35.18,753
KVL-04,2026-08-14,6,1,2.18,47
KVL-04,2026-08-14,7,1,3.02,65
KVL-04,2026-08-14,10,1,34.5,738
KVL-04,2026-08-14,11,1,2.51,54
KVL-04,2026-08-14,12,1,7.52,161
KVL-04,2026-08-14,16,1,23.59,505
KVL-04,2026-08-15,5,1,3.06,65
KVL-04,2026-08-15,10,1,6.95,149
KVL-04,2026-08-15,11,1,19.48,417
KVL-04,2026-08-15,13,1,2.0,43
KVL-04,2026-08-15,16,1,9.24,198
KVL-04,2026-08-15,18,1,3.45,74
KVL-04,2026-08-15,19,1,36.09,772
KVL-04,2026-08-15,20,1,33.38,714
KVL-04,2026-08-16,6,2,4.44,95
KVL-04,2026-08-16,7,1,2.63,56
KVL-04,2026-08-16,8,1,2.4,51
KVL-04,2026-08-16,9,2,5.69,121
KVL-04,2026-08-16,10,2,22.75,487
KVL-04,2026-08-16,12,1,3.35,72
KVL-04,2026-08-16,14,1,2.23,48
KVL-04,2026-08-16,16,1,2.85,61
KVL-04,2026-08-16,17,2,6.03,129
KVL-04,2026-08-16,18,2,9.47,202
KVL-04,2026-08-17,7,2,4.4,94
KVL-04,2026-08-17,8,2,28.71,614
KVL-04,2026-08-17,11,1,32.1,687
KVL-04,2026-08-17,16,1,2.18,47
KVL-04,2026-08-17,17,1,1.71,37
KVL-04,2026-08-17,18,1,27.92,597
KVL-04,2026-08-18,7,1,3.3,71
KVL-04,2026-08-18,8,1,2.47,53
KVL-04,2026-08-18,9,3,25.52,546
KVL-04,2026-08-18,11,1,7.52,161
KVL-04,2026-08-18,14,1,20.46,438
KVL-04,2026-08-18,16,1,7.26,155
KVL-04,2026-08-18,20,1,5.91,126
KVL-04,2026-08-18,22,1,2.16,46
KVL-04,2026-08-19,9,2,12.05,258
KVL-04,2026-08-19,11,1,2.88,62
KVL-04,2026-08-19,12,2,11.16,239
KVL-04,2026-08-19,13,1,5.18,111
KVL-04,2026-08-19,15,2,36.35,778
KVL-04,2026-08-19,16,1,15.28,327
KVL-04,2026-08-19,22,1,7.71,165
KVL-04,2026-08-20,6,1,2.77,59
KVL-04,2026-08-20,7,1,9.84,210
KVL-04,2026-08-20,8,1,7.25,155
KVL-04,2026-08-20,10,1,3.0,64
KVL-04,2026-08-20,11,1,9.41,201
KVL-04,2026-08-20,12,1,2.38,51
KVL-04,2026-08-20,14,1,3.17,68
KVL-04,2026-08-20,17,1,5.57,119
KVL-04,2026-08-20,18,1,2.62,56
KVL-04,2026-08-20,19,2,13.32,285
KVL-04,2026-08-20,21,1,3.0,64
KVL-04,2026-08-21,7,2,19.34,413
KVL-04,2026-08-21,8,2,8.5,181
KVL-04,2026-08-21,11,2,23.92,512
KVL-04,2026-08-21,15,1,7.46,160
KVL-04,2026-08-21,18,1,3.31,71
KVL-04,2026-08-21,19,1,1.86,40
KVL-04,2026-08-21,20,1,35.54,760
KVL-04,2026-08-21,21,1,2.15,46
KVL-04,2026-08-22,4,1,3.25,70
KVL-04,2026-08-22,6,1,20.68,442
KVL-04,2026-08-22,7,1,9.46,202
KVL-04,2026-08-22,11,1,2.22,47
KVL-04,2026-08-22,12,1,8.26,177
KVL-04,2026-08-22,13,1,2.58,55
KVL-04,2026-08-22,14,1,7.38,158
KVL-04,2026-08-22,15,1,2.75,59
KVL-04,2026-08-22,16,1,20.93,448
KVL-04,2026-08-22,19,1,2.51,54
KVL-04,2026-08-23,6,1,35.54,760
KVL-04,2026-08-23,8,1,7.37,158
KVL-04,2026-08-23,11,2,10.12,217
KVL-04,2026-08-23,15,1,2.89,62
KVL-04,2026-08-23,16,1,2.94,63
KVL-04,2026-08-23,17,1,1.77,38
KVL-04,2026-08-23,18,1,3.21,69
KVL-04,2026-08-23,20,1,1.89,40
KVL-04,2026-08-23,21,2,10.77,231
KVL-04,2026-08-24,7,2,40.37,863
KVL-04,2026-08-24,10,2,4.92,106
KVL-04,2026-08-24,14,2,16.11,345
KVL-04,2026-08-24,19,2,6.56,140
KVL-04,2026-08-24,20,1,2.99,64
KVL-04,2026-08-24,23,1,20.62,441
KVL-04,2026-08-25,0,1,1.81,39
KVL-04,2026-08-25,1,1,32.96,705
KVL-04,2026-08-25,6,1,20.0,428
KVL-04,2026-08-25,14,1,1.73,37
KVL-04,2026-08-25,16,2,11.52,247
KVL-04,2026-08-25,18,1,23.75,508
KVL-04,2026-08-25,20,1,1.82,39
KVL-04,2026-08-26,4,1,2.21,47
KVL-04,2026-08-26,7,1,2.7,58
KVL-04,2026-08-26,8,2,6.11,130
KVL-04,2026-08-26,9,2,3.74,80
KVL-04,2026-08-26,10,2,24.79,530
KVL-04,2026-08-26,11,1,31.74,679
KVL-04,2026-08-26,19,1,3.13,67
KVL-04,2026-08-26,22,2,37.08,793
KVL-04,2026-08-27,6,2,25.07,536
KVL-04,2026-08-27,8,1,26.37,564
KVL-04,2026-08-27,15,1,7.44,159
KVL-04,2026-08-27,17,1,28.23,604
KVL-04,2026-08-27,18,1,3.25,70
KVL-04,2026-08-27,20,1,7.68,164
KVL-04,2026-08-28,6,2,4.56,98
KVL-04,2026-08-28,7,2,8.17,175
KVL-04,2026-08-28,8,1,2.73,58
KVL-04,2026-08-28,9,1,3.05,65
KVL-04,2026-08-28,10,2,5.2,111
KVL-04,2026-08-28,11,1,3.47,74
KVL-04,2026-08-28,12,1,24.28,519
KVL-04,2026-08-28,14,1,2.97,64
KVL-04,2026-08-28,16,1,3.21,69
KVL-04,2026-08-28,17,1,2.27,49
KVL-04,2026-08-28,18,1,2.01,43
KVL-04,2026-08-28,19,1,1.75,37
KVL-04,2026-08-28,20,1,5.3,113
KVL-04,2026-08-29,8,2,5.59,120
KVL-04,2026-08-29,9,1,2.34,50
KVL-04,2026-08-29,10,1,16.54,354
KVL-04,2026-08-29,11,1,2.25,48
KVL-04,2026-08-29,12,1,6.22,133
KVL-04,2026-08-29,14,1,2.66,57
KVL-04,2026-08-29,16,2,4.68,101
KVL-04,2026-08-29,17,2,25.16,539
KVL-04,2026-08-29,18,1,2.48,53
KVL-04,2026-08-29,19,1,3.24,69
KVL-04,2026-08-29,21,1,3.42,73
KVL-04,2026-08-29,22,1,18.12,388
KVL-04,2026-08-30,8,2,38.0,813
KVL-04,2026-08-30,11,1,37.04,792
KVL-04,2026-08-30,21,1,21.0,449
KVL-04,2026-08-31,8,1,7.15,153
KVL-04,2026-08-31,9,1,1.99,43
KVL-04,2026-08-31,10,2,5.75,123
KVL-04,2026-08-31,13,2,5.9,126
KVL-04,2026-08-31,14,1,8.74,187
KVL-04,2026-08-31,16,1,2.59,55
KVL-04,2026-08-31,17,1,3.16,68
KVL-04,2026-08-31,18,1,2.35,50
KVL-04,2026-08-31,19,2,5.32,114
KVL-04,2026-08-31,20,2,29.54,631
KVL-04,2026-08-31,21,1,1.65,35
KVL-04,2026-08-31,23,1,2.61,56
KVL-04,2026-09-01,7,2,22.68,485
KVL-04,2026-09-01,8,1,2.36,50
KVL-04,2026-09-01,9,2,4.84,103
KVL-04,2026-09-01,11,1,25.26,540
KVL-04,2026-09-01,15,1,34.81,745
KVL-04,2026-09-01,20,1,3.1,66
KVL-04,2026-09-01,21,1,3.34,71
KVL-04,2026-09-02,5,2,12.21,261
KVL-04,2026-09-02,6,1,3.1,66
KVL-04,2026-09-02,7,1,2.78,59
KVL-04,2026-09-02,8,2,7.65,163
KVL-04,2026-09-02,11,1,2.28,49
KVL-04,2026-09-02,12,1,2.19,47
KVL-04,2026-09-02,15,1,6.64,142
KVL-04,2026-09-02,17,1,20.33,435
KVL-04,2026-09-02,18,1,2.71,58
KVL-04,2026-09-02,19,2,7.44,159
KVL-04,2026-09-02,21,1,2.62,56
KVL-04,2026-09-03,8,3,31.72,678
KVL-04,2026-09-03,9,1,1.72,37
KVL-04,2026-09-03,10,1,23.15,495
KVL-04,2026-09-03,19,2,5.01,107
KVL-04,2026-09-03,20,1,24.28,519
KVL-04,2026-09-04,5,1,7.6,163
KVL-04,2026-09-04,6,1,6.76,145
KVL-04,2026-09-04,8,2,26.55,568
KVL-04,2026-09-04,9,1,18.66,399
KVL-04,2026-09-04,16,1,1.84,39
KVL-04,2026-09-04,17,2,24.63,527
KVL-04,2026-09-04,18,1,2.96,63
KVL-04,2026-09-04,19,1,1.97,42
KVL-04,2026-09-04,20,1,2.98,64
KVL-04,2026-09-05,3,1,2.6,56
KVL-04,2026-09-05,6,2,6.07,129
KVL-04,2026-09-05,7,2,52.61,1126
KVL-04,2026-09-05,14,1,3.06,65
KVL-04,2026-09-05,17,1,2.36,50
KVL-04,2026-09-05,19,1,1.58,34
KVL-04,2026-09-05,21,1,23.21,496
KVL-04,2026-09-06,6,1,18.91,404
KVL-04,2026-09-06,7,2,3.83,82
KVL-04,2026-09-06,9,1,31.56,675
KVL-04,2026-09-06,13,2,3.63,77
KVL-04,2026-09-06,15,1,2.58,55
KVL-04,2026-09-06,16,1,2.65,57
KVL-04,2026-09-06,17,1,8.72,187
KVL-04,2026-09-06,22,1,1.6,34
KVL-04,2026-09-07,6,2,29.66,635
KVL-04,2026-09-07,8,1,1.66,36
KVL-04,2026-09-07,9,1,3.42,73
KVL-04,2026-09-07,11,1,3.43,73
KVL-04,2026-09-07,12,1,3.39,73
KVL-04,2026-09-07,13,1,1.72,37
KVL-04,2026-09-07,15,1,35.61,762
KVL-04,2026-09-07,18,1,2.73,58
KVL-04,2026-09-07,19,1,31.41,672
KVL-04,2026-09-08,7,2,39.96,854
KVL-04,2026-09-08,14,1,28.43,608
KVL-04,2026-09-08,15,1,2.7,58
KVL-04,2026-09-08,16,2,5.42,115
KVL-04,2026-09-08,18,2,4.89,105
KVL-04,2026-09-08,20,1,5.21,111
KVL-04,2026-09-08,21,1,2.69,58
KVL-04,2026-09-09,6,2,33.6,719
KVL-04,2026-09-09,7,1,19.56,418
KVL-04,2026-09-09,15,1,2.53,54
KVL-04,2026-09-09,16,1,2.5,53
KVL-04,2026-09-09,17,2,31.68,678
KVL-04,2026-09-09,20,1,3.18,68
KVL-04,2026-09-09,21,1,9.71,208
KVL-04,2026-09-10,7,1,2.19,47
KVL-04,2026-09-10,8,2,16.86,361
KVL-04,2026-09-10,10,1,3.49,75
KVL-04,2026-09-10,11,1,3.24,69
KVL-04,2026-09-10,12,1,2.19,47
KVL-04,2026-09-10,16,1,3.31,71
KVL-04,2026-09-10,17,1,2.28,49
KVL-04,2026-09-10,18,2,35.82,767
KVL-04,2026-09-10,19,1,2.64,56
KVL-04,2026-09-10,20,1,1.73,37
KVL-04,2026-09-10,21,1,25.52,546
KVL-04,2026-09-11,7,2,4.84,103
KVL-04,2026-09-11,8,1,2.98,64
KVL-04,2026-09-11,9,2,4.55,97
KVL-04,2026-09-11,10,2,34.39,736
KVL-04,2026-09-11,13,1,1.58,34
KVL-04,2026-09-11,14,1,3.43,73
KVL-04,2026-09-11,15,1,2.91,62
KVL-04,2026-09-11,16,1,5.13,110
KVL-04,2026-09-11,20,2,4.15,89
KVL-04,2026-09-12,8,1,2.76,59
KVL-04,2026-09-12,9,1,1.97,42
KVL-04,2026-09-12,10,1,1.94,41
KVL-04,2026-09-12,11,2,9.0,192
KVL-04,2026-09-12,13,1,1.59,34
KVL-04,2026-09-12,14,1,2.77,59
KVL-04,2026-09-12,15,2,12.17,261
KVL-04,2026-09-12,16,1,3.22,69
KVL-04,2026-09-12,18,1,2.46,53
KVL-04,2026-09-12,19,2,5.45,117
KVL-04,2026-09-12,20,1,25.89,554
KVL-04,2026-09-12,21,1,9.6,205
KVL-04,2026-09-13,7,1,34.24,732
KVL-04,2026-09-13,8,1,6.96,149
KVL-04,2026-09-13,11,2,3.61,77
KVL-04,2026-09-13,13,1,2.32,50
KVL-04,2026-09-13,15,1,2.39,51
KVL-04,2026-09-13,16,1,9.92,212
KVL-04,2026-09-13,20,1,2.66,57
KVL-04,2026-09-13,23,1,2.11,45
KVL-04,2026-09-14,6,1,2.42,52
KVL-04,2026-09-14,10,1,1.71,37
KVL-04,2026-09-14,12,1,37.44,801
KVL-04,2026-09-14,13,1,1.87,40
KVL-04,2026-09-14,16,1,2.23,48
KVL-04,2026-09-14,17,1,3.07,66
KVL-04,2026-09-14,18,1,1.87,40
KVL-04,2026-09-14,19,1,2.51,54
KVL-04,2026-09-15,6,2,5.82,125
KVL-04,2026-09-15,7,1,5.52,118
KVL-04,2026-09-15,9,1,5.3,113
KVL-04,2026-09-15,10,1,2.24,48
KVL-04,2026-09-15,12,2,10.07,215
KVL-04,2026-09-15,14,1,19.63,420
KVL-04,2026-09-15,15,1,8.36,179
KVL-04,2026-09-15,18,1,35.1,751
KVL-04,2026-09-16,0,1,3.46,74
KVL-04,2026-09-16,7,2,41.01,877
KVL-04,2026-09-16,9,1,33.03,707
KVL-04,2026-09-16,20,1,9.69,207
KVL-04,2026-09-17,5,1,2.52,54
KVL-04,2026-09-17,7,1,3.24,69
KVL-04,2026-09-17,8,2,5.05,108
KVL-04,2026-09-17,9,1,6.94,148
KVL-04,2026-09-17,10,1,31.02,664
KVL-04,2026-09-17,12,1,2.19,47
KVL-04,2026-09-17,13,1,9.8,210
KVL-04,2026-09-17,17,1,1.67,36
KVL-04,2026-09-17,18,2,4.68,100
KVL-04,2026-09-17,19,1,31.65,677
KVL-04,2026-09-18,6,2,17.53,375
KVL-04,2026-09-18,8,1,8.52,182
KVL-04,2026-09-18,11,2,4.63,99
KVL-04,2026-09-18,12,2,5.05,108
KVL-04,2026-09-18,13,2,5.71,122
KVL-04,2026-09-18,14,1,2.97,64
KVL-04,2026-09-18,16,2,9.12,195
KVL-04,2026-09-18,17,1,3.11,67
KVL-04,2026-09-18,18,2,11.87,254
KVL-04,2026-09-18,20,1,2.09,45
KVL-04,2026-09-18,23,1,2.89,62
KVL-04,2026-09-19,8,1,3.32,71
KVL-04,2026-09-19,9,1,3.47,74
KVL-04,2026-09-19,10,1,1.78,38
KVL-04,2026-09-19,11,1,3.21,69
KVL-04,2026-09-19,12,1,3.24,69
KVL-04,2026-09-19,14,1,2.42,52
KVL-04,2026-09-19,16,3,19.53,417
KVL-04,2026-09-19,19,1,32.56,696
KVL-04,2026-09-19,21,1,6.37,136
KVL-04,2026-09-20,0,1,23.02,492
KVL-04,2026-09-20,4,1,2.01,43
KVL-04,2026-09-20,7,1,6.56,140
KVL-04,2026-09-20,9,1,9.31,199
KVL-04,2026-09-20,10,1,6.63,142
KVL-04,2026-09-20,14,2,10.87,233
KVL-04,2026-09-20,16,1,5.75,123
KVL-04,2026-09-20,17,1,2.79,60
KVL-04,2026-09-20,20,2,27.56,589
KVL-04,2026-09-20,23,1,7.03,150
KVL-04,2026-09-21,5,1,8.54,183
KVL-04,2026-09-21,6,1,7.43,159
KVL-04,2026-09-21,9,1,17.49,374
KVL-04,2026-09-21,12,1,3.21,69
KVL-04,2026-09-21,13,1,9.35,200
KVL-04,2026-09-21,17,2,3.49,75
KVL-04,2026-09-21,21,1,31.64,677
KVL-04,2026-09-22,2,1,2.36,50
KVL-04,2026-09-22,3,1,2.16,46
KVL-04,2026-09-22,6,1,1.82,39
KVL-04,2026-09-22,7,2,7.77,166
KVL-04,2026-09-22,8,1,7.77,166
KVL-04,2026-09-22,9,1,21.06,450
KVL-04,2026-09-22,11,1,8.2,175
KVL-04,2026-09-22,14,1,3.39,73
KVL-04,2026-09-22,16,2,9.1,195
KVL-04,2026-09-22,18,2,16.59,355
KVL-04,2026-09-22,22,1,2.75,59
KVL-04,2026-09-23,7,2,5.15,110
KVL-04,2026-09-23,8,1,2.94,63
KVL-04,2026-09-23,9,1,2.59,55
KVL-04,2026-09-23,10,2,9.56,205
KVL-04,2026-09-23,13,2,28.97,620
KVL-04,2026-09-23,15,1,3.21,69
KVL-04,2026-09-23,16,1,16.79,359
KVL-04,2026-09-23,22,1,2.8,60
KVL-04,2026-09-24,7,2,5.85,126
KVL-04,2026-09-24,8,2,28.74,615
KVL-04,2026-09-24,10,1,3.14,67
KVL-04,2026-09-24,12,1,3.26,70
KVL-04,2026-09-24,14,1,1.89,40
KVL-04,2026-09-24,15,1,2.63,56
KVL-04,2026-09-24,16,1,2.17,46
KVL-04,2026-09-24,17,1,8.48,181
KVL-04,2026-09-24,18,1,8.6,184
KVL-04,2026-09-24,20,1,2.33,50
KVL-04,2026-09-25,6,2,5.03,107
KVL-04,2026-09-25,7,2,11.72,251
KVL-04,2026-09-25,12,1,35.42,758
KVL-04,2026-09-25,17,1,5.78,124
KVL-04,2026-09-25,19,1,9.29,199
KVL-04,2026-09-26,5,1,1.75,37
KVL-04,2026-09-26,7,1,3.47,74
KVL-04,2026-09-26,8,1,5.32,114
KVL-04,2026-09-26,9,1,2.8,60
KVL-04,2026-09-26,10,2,6.74,144
KVL-04,2026-09-26,11,1,1.85,40
KVL-04,2026-09-26,13,1,2.09,45
KVL-04,2026-09-26,14,1,2.6,56
KVL-04,2026-09-26,16,1,1.85,40
KVL-04,2026-09-26,17,2,9.86,211
KVL-04,2026-09-26,18,2,4.64,99
KVL-04,2026-09-26,19,1,2.83,61
KVL-04,2026-09-26,20,2,46.24,989
KVL-04,2026-09-26,23,1,9.54,204
KVL-04,2026-09-27,6,1,6.99,150
KVL-04,2026-09-27,7,1,8.91,191
KVL-04,2026-09-27,9,1,34.51,738
KVL-04,2026-09-27,12,1,8.39,179
KVL-04,2026-09-27,15,1,2.66,57
KVL-04,2026-09-27,16,1,3.23,69
KVL-04,2026-09-27,17,1,6.65,142
KVL-04,2026-09-27,19,1,9.25,198
KVL-04,2026-09-27,23,1,2.09,45
KVL-04,2026-09-28,6,2,10.27,219
KVL-04,2026-09-28,8,1,2.41,52
KVL-04,2026-09-28,9,2,8.68,186
KVL-04,2026-09-28,11,1,3.31,71
KVL-04,2026-09-28,13,2,10.99,235
KVL-04,2026-09-28,14,1,2.07,44
KVL-04,2026-09-28,17,1,17.61,377
KVL-04,2026-09-28,18,1,2.61,56
KVL-04,2026-09-28,20,1,23.41,501
KVL-04,2026-09-29,6,1,6.01,129
KVL-04,2026-09-29,7,1,2.13,46
KVL-04,2026-09-29,9,1,7.37,158
KVL-04,2026-09-29,10,1,1.68,36
KVL-04,2026-09-29,12,2,5.01,107
KVL-04,2026-09-29,13,2,5.23,112
KVL-04,2026-09-29,14,2,12.62,270
KVL-04,2026-09-29,16,1,3.39,73
KVL-04,2026-09-29,17,1,8.3,178
KVL-04,2026-09-29,18,1,16.09,344
KVL-04,2026-09-29,20,1,7.59,162
KVL-04,2026-09-29,23,1,7.03,150
KVL-04,2026-09-30,5,2,25.09,536
KVL-04,2026-09-30,8,1,6.77,145
KVL-04,2026-09-30,12,1,1.93,41
KVL-04,2026-09-30,14,2,4.7,101
KVL-04,2026-09-30,15,2,5.9,126
KVL-04,2026-09-30,18,1,8.54,183
KVL-04,2026-09-30,19,1,3.44,74
KVL-04,2026-09-30,20,1,3.07,66
